0 verbose cli /usr/local/bin/node /usr/local/bin/npm
1 info using npm@11.10.0
2 info using node@v24.13.0
3 silly config load:file:/usr/local/lib/node_modules/npm/npmrc
4 silly config load:file:/Users/museryeung/Documents/dev/crew-up-project/crew-up-app/.npmrc
5 silly config load:file:/Users/museryeung/.npmrc
6 silly config load:file:/usr/local/etc/npmrc
7 verbose title npm install
8 verbose argv "install"
9 verbose logfile logs-max:10 dir:/Users/museryeung/Documents/dev/crew-up-project/crew-up-app/.npm-cache/_logs/2026-07-30T06_28_19_677Z-
10 verbose logfile /Users/museryeung/Documents/dev/crew-up-project/crew-up-app/.npm-cache/_logs/2026-07-30T06_28_19_677Z-debug-0.log
11 silly logfile done cleaning log files
12 silly packumentCache heap:4496293888 maxSize:1124073472 maxEntrySize:562036736
13 silly idealTree buildDeps
14 silly fetch manifest expo@~57.0.9
15 silly packumentCache full:https://registry.npmjs.org/expo cache-miss
16 http fetch GET 200 https://registry.npmjs.org/npm 565ms
17 http fetch GET 200 https://registry.npmjs.org/expo 604ms (cache miss)
18 silly packumentCache full:https://registry.npmjs.org/expo set size:undefined disposed:false
19 silly fetch manifest @expo/metro-runtime@*
20 silly packumentCache full:https://registry.npmjs.org/@expo%2fmetro-runtime cache-miss
21 http fetch GET 200 https://registry.npmjs.org/@expo%2fmetro-runtime 100ms (cache miss)
22 silly packumentCache full:https://registry.npmjs.org/@expo%2fmetro-runtime set size:undefined disposed:false
23 silly fetch manifest react@19.2.3
24 silly packumentCache full:https://registry.npmjs.org/react cache-miss
25 http fetch GET 200 https://registry.npmjs.org/react 211ms (cache miss)
26 silly packumentCache full:https://registry.npmjs.org/react set size:undefined disposed:false
27 silly fetch manifest react-dom@19.2.3
28 silly packumentCache full:https://registry.npmjs.org/react-dom cache-miss
29 http fetch GET 200 https://registry.npmjs.org/react-dom 294ms (cache miss)
30 silly packumentCache full:https://registry.npmjs.org/react-dom set size:undefined disposed:false
31 silly fetch manifest react-native@0.86.2
32 silly packumentCache full:https://registry.npmjs.org/react-native cache-miss
33 http fetch GET 200 https://registry.npmjs.org/react-native 229ms (cache miss)
34 silly packumentCache full:https://registry.npmjs.org/react-native set size:undefined disposed:false
35 silly fetch manifest @react-native/jest-preset@0.86.2
36 silly packumentCache full:https://registry.npmjs.org/@react-native%2fjest-preset cache-miss
37 http fetch GET 200 https://registry.npmjs.org/@react-native%2fjest-preset 89ms (cache miss)
38 silly packumentCache full:https://registry.npmjs.org/@react-native%2fjest-preset set size:undefined disposed:false
39 silly fetch manifest @types/react@~19.2.2
40 silly packumentCache full:https://registry.npmjs.org/@types%2freact cache-miss
41 http fetch GET 200 https://registry.npmjs.org/@types%2freact 115ms (cache miss)
42 silly packumentCache full:https://registry.npmjs.org/@types%2freact set size:undefined disposed:false
43 silly fetch manifest react-native-web@~0.21.0
44 silly packumentCache full:https://registry.npmjs.org/react-native-web cache-miss
45 http fetch GET 200 https://registry.npmjs.org/react-native-web 89ms (cache miss)
46 silly packumentCache full:https://registry.npmjs.org/react-native-web set size:undefined disposed:false
47 silly fetch manifest react-native-webview@*
48 silly packumentCache full:https://registry.npmjs.org/react-native-webview cache-miss
49 http fetch GET 200 https://registry.npmjs.org/react-native-webview 94ms (cache miss)
50 silly packumentCache full:https://registry.npmjs.org/react-native-webview set size:undefined disposed:false
51 silly fetch manifest expo-constants@~57.0.8
52 silly packumentCache full:https://registry.npmjs.org/expo-constants cache-miss
53 http fetch GET 200 https://registry.npmjs.org/expo-constants 344ms (cache miss)
54 silly packumentCache full:https://registry.npmjs.org/expo-constants set size:undefined disposed:false
55 silly fetch manifest expo-font@~57.0.1
56 silly packumentCache full:https://registry.npmjs.org/expo-font cache-miss
57 http fetch GET 200 https://registry.npmjs.org/expo-font 87ms (cache miss)
58 silly packumentCache full:https://registry.npmjs.org/expo-font set size:undefined disposed:false
59 silly fetch manifest expo-linking@~57.0.4
60 silly packumentCache full:https://registry.npmjs.org/expo-linking cache-miss
61 http fetch GET 200 https://registry.npmjs.org/expo-linking 83ms (cache miss)
62 silly packumentCache full:https://registry.npmjs.org/expo-linking set size:undefined disposed:false
63 silly fetch manifest expo-router@~57.0.9
64 silly packumentCache full:https://registry.npmjs.org/expo-router cache-miss
65 http fetch GET 200 https://registry.npmjs.org/expo-router 101ms (cache miss)
66 silly packumentCache full:https://registry.npmjs.org/expo-router set size:undefined disposed:false
67 silly fetch manifest @testing-library/react-native@>= 13.2.0
68 silly packumentCache full:https://registry.npmjs.org/@testing-library%2freact-native cache-miss
69 http fetch GET 200 https://registry.npmjs.org/@testing-library%2freact-native 90ms (cache miss)
70 silly packumentCache full:https://registry.npmjs.org/@testing-library%2freact-native set size:undefined disposed:false
71 silly fetch manifest jest@>=29.0.0
72 silly packumentCache full:https://registry.npmjs.org/jest cache-miss
73 http fetch GET 200 https://registry.npmjs.org/jest 90ms (cache miss)
74 silly packumentCache full:https://registry.npmjs.org/jest set size:undefined disposed:false
75 silly fetch manifest node-notifier@^8.0.1 || ^9.0.0 || ^10.0.0
76 silly packumentCache full:https://registry.npmjs.org/node-notifier cache-miss
77 http fetch GET 200 https://registry.npmjs.org/node-notifier 72ms (cache miss)
78 silly packumentCache full:https://registry.npmjs.org/node-notifier set size:undefined disposed:false
79 silly fetch manifest test-renderer@^1.0.0
80 silly packumentCache full:https://registry.npmjs.org/test-renderer cache-miss
81 http fetch GET 200 https://registry.npmjs.org/test-renderer 69ms (cache miss)
82 silly packumentCache full:https://registry.npmjs.org/test-renderer set size:undefined disposed:false
83 silly fetch manifest react-native-gesture-handler@*
84 silly packumentCache full:https://registry.npmjs.org/react-native-gesture-handler cache-miss
85 http fetch GET 200 https://registry.npmjs.org/react-native-gesture-handler 88ms (cache miss)
86 silly packumentCache full:https://registry.npmjs.org/react-native-gesture-handler set size:undefined disposed:false
87 silly fetch manifest react-native-reanimated@4.5.1
88 silly packumentCache full:https://registry.npmjs.org/react-native-reanimated cache-miss
89 http fetch GET 200 https://registry.npmjs.org/react-native-reanimated 168ms (cache miss)
90 silly packumentCache full:https://registry.npmjs.org/react-native-reanimated set size:undefined disposed:false
91 silly fetch manifest react-native-worklets@0.10.1
92 silly packumentCache full:https://registry.npmjs.org/react-native-worklets cache-miss
93 http fetch GET 200 https://registry.npmjs.org/react-native-worklets 102ms (cache miss)
94 silly packumentCache full:https://registry.npmjs.org/react-native-worklets set size:undefined disposed:false
95 silly fetch manifest @babel/core@*
96 silly packumentCache full:https://registry.npmjs.org/@babel%2fcore cache-miss
97 http fetch GET 200 https://registry.npmjs.org/@babel%2fcore 144ms (cache miss)
98 silly packumentCache full:https://registry.npmjs.org/@babel%2fcore set size:undefined disposed:false
99 silly fetch manifest @react-native/metro-config@*
100 silly packumentCache full:https://registry.npmjs.org/@react-native%2fmetro-config cache-miss
101 http fetch GET 200 https://registry.npmjs.org/@react-native%2fmetro-config 294ms (cache miss)
102 silly packumentCache full:https://registry.npmjs.org/@react-native%2fmetro-config set size:undefined disposed:false
103 silly fetch manifest react-native-safe-area-context@~5.7.0
104 silly packumentCache full:https://registry.npmjs.org/react-native-safe-area-context cache-miss
105 http fetch GET 200 https://registry.npmjs.org/react-native-safe-area-context 76ms (cache miss)
106 silly packumentCache full:https://registry.npmjs.org/react-native-safe-area-context set size:undefined disposed:false
107 silly fetch manifest react-server-dom-webpack@~19.0.4 || ~19.1.5 || ~19.2.4
108 silly packumentCache full:https://registry.npmjs.org/react-server-dom-webpack cache-miss
109 http fetch GET 200 https://registry.npmjs.org/react-server-dom-webpack 162ms (cache miss)
110 silly packumentCache full:https://registry.npmjs.org/react-server-dom-webpack set size:undefined disposed:false
111 silly fetch manifest react@^19.2.8
112 silly packumentCache full:https://registry.npmjs.org/react cache-miss
113 http cache https://registry.npmjs.org/react 13ms (cache hit)
114 silly packumentCache full:https://registry.npmjs.org/react set size:6844555 disposed:false
115 silly fetch manifest react-dom@^19.2.8
116 silly packumentCache full:https://registry.npmjs.org/react-dom cache-miss
117 http cache https://registry.npmjs.org/react-dom 10ms (cache hit)
118 silly packumentCache full:https://registry.npmjs.org/react-dom set size:9183359 disposed:false
119 silly fetch manifest webpack@^5.59.0
120 silly packumentCache full:https://registry.npmjs.org/webpack cache-miss
121 http fetch GET 200 https://registry.npmjs.org/webpack 119ms (cache miss)
122 silly packumentCache full:https://registry.npmjs.org/webpack set size:undefined disposed:false
123 silly fetch manifest expo-splash-screen@~57.0.5
124 silly packumentCache full:https://registry.npmjs.org/expo-splash-screen cache-miss
125 http fetch GET 200 https://registry.npmjs.org/expo-splash-screen 296ms (cache miss)
126 silly packumentCache full:https://registry.npmjs.org/expo-splash-screen set size:undefined disposed:false
127 silly fetch manifest expo-status-bar@~57.0.1
128 silly packumentCache full:https://registry.npmjs.org/expo-status-bar cache-miss
129 http fetch GET 200 https://registry.npmjs.org/expo-status-bar 79ms (cache miss)
130 silly packumentCache full:https://registry.npmjs.org/expo-status-bar set size:undefined disposed:false
131 silly fetch manifest expo-symbols@~57.0.1
132 silly packumentCache full:https://registry.npmjs.org/expo-symbols cache-miss
133 http fetch GET 200 https://registry.npmjs.org/expo-symbols 82ms (cache miss)
134 silly packumentCache full:https://registry.npmjs.org/expo-symbols set size:undefined disposed:false
135 silly fetch manifest expo-web-browser@~57.0.2
136 silly packumentCache full:https://registry.npmjs.org/expo-web-browser cache-miss
137 http fetch GET 200 https://registry.npmjs.org/expo-web-browser 282ms (cache miss)
138 silly packumentCache full:https://registry.npmjs.org/expo-web-browser set size:undefined disposed:false
139 silly fetch manifest react-native-screens@~4.26.0
140 silly packumentCache full:https://registry.npmjs.org/react-native-screens cache-miss
141 http fetch GET 200 https://registry.npmjs.org/react-native-screens 115ms (cache miss)
142 silly packumentCache full:https://registry.npmjs.org/react-native-screens set size:undefined disposed:false
143 silly fetch manifest typescript@~6.0.3
144 silly packumentCache full:https://registry.npmjs.org/typescript cache-miss
145 http fetch GET 200 https://registry.npmjs.org/typescript 258ms (cache miss)
146 silly packumentCache full:https://registry.npmjs.org/typescript set size:undefined disposed:false
147 silly placeDep ROOT @types/react@19.2.17 OK for: crew-up-app@1.0.0 want: ~19.2.2
148 silly placeDep ROOT expo@57.0.9 OK for: crew-up-app@1.0.0 want: ~57.0.9
149 silly placeDep ROOT react@19.2.3 OK for: expo@57.0.9 want: *
150 silly placeDep ROOT react-native@0.86.2 OK for: expo@57.0.9 want: *
151 silly placeDep ROOT expo-constants@57.0.8 OK for: crew-up-app@1.0.0 want: ~57.0.8
152 silly placeDep ROOT expo-font@57.0.1 OK for: crew-up-app@1.0.0 want: ~57.0.1
153 silly placeDep ROOT expo-linking@57.0.4 OK for: crew-up-app@1.0.0 want: ~57.0.4
154 silly placeDep ROOT expo-router@57.0.9 OK for: crew-up-app@1.0.0 want: ~57.0.9
155 silly placeDep ROOT react-native-safe-area-context@5.7.0 OK for: expo-router@57.0.9 want: >= 5.4.0
156 silly placeDep ROOT expo-splash-screen@57.0.5 OK for: crew-up-app@1.0.0 want: ~57.0.5
157 silly placeDep ROOT expo-status-bar@57.0.1 OK for: crew-up-app@1.0.0 want: ~57.0.1
158 silly placeDep ROOT expo-symbols@57.0.1 OK for: crew-up-app@1.0.0 want: ~57.0.1
159 silly placeDep ROOT expo-web-browser@57.0.2 OK for: crew-up-app@1.0.0 want: ~57.0.2
160 silly placeDep ROOT react-dom@19.2.3 OK for: crew-up-app@1.0.0 want: 19.2.3
161 silly placeDep ROOT react-native-reanimated@4.5.1 OK for: crew-up-app@1.0.0 want: 4.5.1
162 silly placeDep ROOT react-native-worklets@0.10.1 OK for: react-native-reanimated@4.5.1 want: 0.10.x
163 silly placeDep ROOT @babel/core@8.0.1 OK for: react-native-worklets@0.10.1 want: *
164 silly placeDep ROOT @react-native/metro-config@0.86.2 OK for: react-native-worklets@0.10.1 want: *
165 silly placeDep ROOT react-native-screens@4.26.2 OK for: crew-up-app@1.0.0 want: ~4.26.0
166 silly placeDep ROOT react-native-web@0.21.2 OK for: crew-up-app@1.0.0 want: ~0.21.0
167 silly placeDep ROOT typescript@6.0.3 OK for: crew-up-app@1.0.0 want: ~6.0.3
168 silly fetch manifest csstype@^3.2.2
169 silly packumentCache full:https://registry.npmjs.org/csstype cache-miss
170 silly fetch manifest @expo/cli@^57.0.11
171 silly packumentCache full:https://registry.npmjs.org/@expo%2fcli cache-miss
172 silly fetch manifest expo-asset@~57.0.8
173 silly packumentCache full:https://registry.npmjs.org/expo-asset cache-miss
174 silly fetch manifest @expo/metro@~56.0.0
175 silly packumentCache full:https://registry.npmjs.org/@expo%2fmetro cache-miss
176 silly fetch manifest @expo/config@~57.0.6
177 silly packumentCache full:https://registry.npmjs.org/@expo%2fconfig cache-miss
178 silly fetch manifest @expo/log-box@^57.0.2
179 silly packumentCache full:https://registry.npmjs.org/@expo%2flog-box cache-miss
180 silly fetch manifest pretty-format@^29.7.0
181 silly packumentCache full:https://registry.npmjs.org/pretty-format cache-miss
182 silly fetch manifest react-refresh@^0.14.2
183 silly packumentCache full:https://registry.npmjs.org/react-refresh cache-miss
184 silly fetch manifest @babel/runtime@^7.20.0
185 silly packumentCache full:https://registry.npmjs.org/@babel%2fruntime cache-miss
186 http fetch GET 200 https://registry.npmjs.org/csstype 84ms (cache miss)
187 silly packumentCache full:https://registry.npmjs.org/csstype set size:undefined disposed:false
188 silly fetch manifest @expo/devtools@~57.0.1
189 silly packumentCache full:https://registry.npmjs.org/@expo%2fdevtools cache-miss
190 http fetch GET 200 https://registry.npmjs.org/@expo%2fcli 116ms (cache miss)
191 silly packumentCache full:https://registry.npmjs.org/@expo%2fcli set size:undefined disposed:false
192 silly fetch manifest expo-keep-awake@~57.0.1
193 silly packumentCache full:https://registry.npmjs.org/expo-keep-awake cache-miss
194 http fetch GET 200 https://registry.npmjs.org/expo-keep-awake 86ms (cache miss)
195 silly packumentCache full:https://registry.npmjs.org/expo-keep-awake set size:undefined disposed:false
196 silly fetch manifest expo-file-system@~57.0.1
197 silly packumentCache full:https://registry.npmjs.org/expo-file-system cache-miss
198 http fetch GET 200 https://registry.npmjs.org/@expo%2fmetro 261ms (cache miss)
199 silly packumentCache full:https://registry.npmjs.org/@expo%2fmetro set size:undefined disposed:false
200 silly fetch manifest @expo/dom-webview@~57.0.1
201 silly packumentCache full:https://registry.npmjs.org/@expo%2fdom-webview cache-miss
202 http fetch GET 200 https://registry.npmjs.org/@expo%2fdevtools 245ms (cache miss)
203 silly packumentCache full:https://registry.npmjs.org/@expo%2fdevtools set size:undefined disposed:false
204 silly fetch manifest @expo/fingerprint@^0.20.6
205 silly packumentCache full:https://registry.npmjs.org/@expo%2ffingerprint cache-miss
206 http fetch GET 200 https://registry.npmjs.org/@expo%2flog-box 374ms (cache miss)
207 silly packumentCache full:https://registry.npmjs.org/@expo%2flog-box set size:undefined disposed:false
208 silly fetch manifest babel-preset-expo@~57.0.5
209 silly packumentCache full:https://registry.npmjs.org/babel-preset-expo cache-miss
210 http fetch GET 200 https://registry.npmjs.org/@expo%2fdom-webview 153ms (cache miss)
211 silly packumentCache full:https://registry.npmjs.org/@expo%2fdom-webview set size:undefined disposed:false
212 silly fetch manifest expo-modules-core@~57.0.8
213 silly packumentCache full:https://registry.npmjs.org/expo-modules-core cache-miss
214 http fetch GET 200 https://registry.npmjs.org/@expo%2ffingerprint 96ms (cache miss)
215 silly packumentCache full:https://registry.npmjs.org/@expo%2ffingerprint set size:undefined disposed:false
216 silly fetch manifest @expo/metro-config@~57.0.7
217 silly packumentCache full:https://registry.npmjs.org/@expo%2fmetro-config cache-miss
218 http fetch GET 200 https://registry.npmjs.org/pretty-format 448ms (cache miss)
219 silly packumentCache full:https://registry.npmjs.org/pretty-format set size:undefined disposed:false
220 silly fetch manifest whatwg-url-minimum@^0.1.2
221 silly packumentCache full:https://registry.npmjs.org/whatwg-url-minimum cache-miss
222 http fetch GET 200 https://registry.npmjs.org/expo-asset 467ms (cache miss)
223 silly packumentCache full:https://registry.npmjs.org/expo-asset set size:undefined disposed:false
224 silly fetch manifest @expo/config-plugins@~57.0.6
225 silly packumentCache full:https://registry.npmjs.org/@expo%2fconfig-plugins cache-miss
226 http fetch GET 200 https://registry.npmjs.org/expo-file-system 265ms (cache miss)
227 silly packumentCache full:https://registry.npmjs.org/expo-file-system set size:undefined disposed:false
228 silly fetch manifest @ungap/structured-clone@^1.3.0
229 silly packumentCache full:https://registry.npmjs.org/@ungap%2fstructured-clone cache-miss
230 http fetch GET 200 https://registry.npmjs.org/@expo%2fconfig 490ms (cache miss)
231 silly packumentCache full:https://registry.npmjs.org/@expo%2fconfig set size:undefined disposed:false
232 silly fetch manifest expo-modules-autolinking@~57.0.9
233 silly packumentCache full:https://registry.npmjs.org/expo-modules-autolinking cache-miss
234 http fetch GET 200 https://registry.npmjs.org/@babel%2fruntime 516ms (cache miss)
235 silly packumentCache full:https://registry.npmjs.org/@babel%2fruntime set size:undefined disposed:false
236 silly fetch manifest @expo/local-build-cache-provider@^57.0.5
237 silly packumentCache full:https://registry.npmjs.org/@expo%2flocal-build-cache-provider cache-miss
238 http fetch GET 200 https://registry.npmjs.org/@expo%2fmetro-config 105ms (cache miss)
239 silly packumentCache full:https://registry.npmjs.org/@expo%2fmetro-config set size:undefined disposed:false
240 silly fetch manifest ws@^7.5.10
241 silly packumentCache full:https://registry.npmjs.org/ws cache-miss
242 http fetch GET 200 https://registry.npmjs.org/@ungap%2fstructured-clone 81ms (cache miss)
243 silly packumentCache full:https://registry.npmjs.org/@ungap%2fstructured-clone set size:undefined disposed:false
244 silly fetch manifest anser@^1.4.9
245 silly packumentCache full:https://registry.npmjs.org/anser cache-miss
246 http fetch GET 200 https://registry.npmjs.org/expo-modules-autolinking 103ms (cache miss)
247 silly packumentCache full:https://registry.npmjs.org/expo-modules-autolinking set size:undefined disposed:false
248 silly fetch manifest yargs@^17.6.2
249 silly packumentCache full:https://registry.npmjs.org/yargs cache-miss
250 http fetch GET 200 https://registry.npmjs.org/babel-preset-expo 227ms (cache miss)
251 silly packumentCache full:https://registry.npmjs.org/babel-preset-expo set size:undefined disposed:false
252 silly fetch manifest semver@^7.1.3
253 silly packumentCache full:https://registry.npmjs.org/semver cache-miss
254 http fetch GET 200 https://registry.npmjs.org/expo-modules-core 190ms (cache miss)
255 silly packumentCache full:https://registry.npmjs.org/expo-modules-core set size:undefined disposed:false
256 silly fetch manifest promise@^8.3.0
257 silly packumentCache full:https://registry.npmjs.org/promise cache-miss
258 http fetch GET 200 https://registry.npmjs.org/ws 84ms (cache miss)
259 silly packumentCache full:https://registry.npmjs.org/ws set size:undefined disposed:false
260 silly fetch manifest base64-js@^1.5.1
261 silly packumentCache full:https://registry.npmjs.org/base64-js cache-miss
262 http fetch GET 200 https://registry.npmjs.org/react-refresh 625ms (cache miss)
263 silly packumentCache full:https://registry.npmjs.org/react-refresh set size:undefined disposed:false
264 silly fetch manifest commander@^12.0.0
265 silly packumentCache full:https://registry.npmjs.org/commander cache-miss
266 http fetch GET 200 https://registry.npmjs.org/@expo%2flocal-build-cache-provider 131ms (cache miss)
267 silly packumentCache full:https://registry.npmjs.org/@expo%2flocal-build-cache-provider set size:undefined disposed:false
268 silly fetch manifest invariant@^2.2.4
269 silly packumentCache full:https://registry.npmjs.org/invariant cache-miss
270 http fetch GET 200 https://registry.npmjs.org/@expo%2fconfig-plugins 184ms (cache miss)
271 silly packumentCache full:https://registry.npmjs.org/@expo%2fconfig-plugins set size:undefined disposed:false
272 silly fetch manifest scheduler@0.27.0
273 silly packumentCache full:https://registry.npmjs.org/scheduler cache-miss
274 http fetch GET 200 https://registry.npmjs.org/promise 73ms (cache miss)
275 silly packumentCache full:https://registry.npmjs.org/promise set size:undefined disposed:false
276 silly fetch manifest ansi-regex@^5.0.0
277 silly packumentCache full:https://registry.npmjs.org/ansi-regex cache-miss
278 http fetch GET 200 https://registry.npmjs.org/base64-js 64ms (cache miss)
279 silly packumentCache full:https://registry.npmjs.org/base64-js set size:undefined disposed:false
280 silly fetch manifest nullthrows@^1.1.1
281 silly packumentCache full:https://registry.npmjs.org/nullthrows cache-miss
282 http fetch GET 200 https://registry.npmjs.org/yargs 102ms (cache miss)
283 silly packumentCache full:https://registry.npmjs.org/yargs set size:undefined disposed:false
284 silly fetch manifest tinyglobby@^0.2.15
285 silly packumentCache full:https://registry.npmjs.org/tinyglobby cache-miss
286 http fetch GET 200 https://registry.npmjs.org/semver 103ms (cache miss)
287 silly packumentCache full:https://registry.npmjs.org/semver set size:undefined disposed:false
288 silly fetch manifest memoize-one@^5.0.0
289 silly packumentCache full:https://registry.npmjs.org/memoize-one cache-miss
290 http fetch GET 200 https://registry.npmjs.org/commander 79ms (cache miss)
291 silly packumentCache full:https://registry.npmjs.org/commander set size:undefined disposed:false
292 silly fetch manifest whatwg-fetch@^3.0.0
293 silly packumentCache full:https://registry.npmjs.org/whatwg-fetch cache-miss
294 http fetch GET 200 https://registry.npmjs.org/whatwg-url-minimum 302ms (cache miss)
295 silly packumentCache full:https://registry.npmjs.org/whatwg-url-minimum set size:undefined disposed:false
296 silly fetch manifest metro-runtime@^0.84.3
297 silly packumentCache full:https://registry.npmjs.org/metro-runtime cache-miss
298 http fetch GET 200 https://registry.npmjs.org/ansi-regex 72ms (cache miss)
299 silly packumentCache full:https://registry.npmjs.org/ansi-regex set size:undefined disposed:false
300 silly fetch manifest react-refresh@^0.14.0
301 silly packumentCache full:https://registry.npmjs.org/react-refresh cache-miss
302 http fetch GET 200 https://registry.npmjs.org/invariant 102ms (cache miss)
303 silly packumentCache full:https://registry.npmjs.org/invariant set size:undefined disposed:false
304 silly fetch manifest hermes-compiler@250829098.0.16
305 silly packumentCache full:https://registry.npmjs.org/hermes-compiler cache-miss
306 http cache https://registry.npmjs.org/react-refresh 7ms (cache hit)
307 silly packumentCache full:https://registry.npmjs.org/react-refresh set size:6497948 disposed:false
308 silly fetch manifest abort-controller@^3.0.0
309 silly packumentCache full:https://registry.npmjs.org/abort-controller cache-miss
310 http fetch GET 200 https://registry.npmjs.org/tinyglobby 80ms (cache miss)
311 silly packumentCache full:https://registry.npmjs.org/tinyglobby set size:undefined disposed:false
312 silly fetch manifest metro-source-map@^0.84.3
313 silly packumentCache full:https://registry.npmjs.org/metro-source-map cache-miss
314 http fetch GET 200 https://registry.npmjs.org/nullthrows 96ms (cache miss)
315 silly packumentCache full:https://registry.npmjs.org/nullthrows set size:undefined disposed:false
316 silly fetch manifest stacktrace-parser@^0.1.10
317 silly packumentCache full:https://registry.npmjs.org/stacktrace-parser cache-miss
318 http fetch GET 200 https://registry.npmjs.org/whatwg-fetch 77ms (cache miss)
319 silly packumentCache full:https://registry.npmjs.org/whatwg-fetch set size:undefined disposed:false
320 silly fetch manifest flow-enums-runtime@^0.0.6
321 silly packumentCache full:https://registry.npmjs.org/flow-enums-runtime cache-miss
322 http fetch GET 200 https://registry.npmjs.org/memoize-one 91ms (cache miss)
323 silly packumentCache full:https://registry.npmjs.org/memoize-one set size:undefined disposed:false
324 silly fetch manifest react-devtools-core@^6.1.5
325 silly packumentCache full:https://registry.npmjs.org/react-devtools-core cache-miss
326 http fetch GET 200 https://registry.npmjs.org/anser 247ms (cache miss)
327 silly packumentCache full:https://registry.npmjs.org/anser set size:undefined disposed:false
328 silly fetch manifest regenerator-runtime@^0.13.2
329 silly packumentCache full:https://registry.npmjs.org/regenerator-runtime cache-miss
330 http fetch GET 200 https://registry.npmjs.org/metro-runtime 85ms (cache miss)
331 silly packumentCache full:https://registry.npmjs.org/metro-runtime set size:undefined disposed:false
332 silly fetch manifest @react-native/codegen@0.86.2
333 silly packumentCache full:https://registry.npmjs.org/@react-native%2fcodegen cache-miss
334 http fetch GET 200 https://registry.npmjs.org/hermes-compiler 87ms (cache miss)
335 silly packumentCache full:https://registry.npmjs.org/hermes-compiler set size:undefined disposed:false
336 silly fetch manifest @react-native/js-polyfills@0.86.2
337 silly packumentCache full:https://registry.npmjs.org/@react-native%2fjs-polyfills cache-miss
338 http fetch GET 200 https://registry.npmjs.org/abort-controller 70ms (cache miss)
339 silly packumentCache full:https://registry.npmjs.org/abort-controller set size:undefined disposed:false
340 silly fetch manifest @react-native/gradle-plugin@0.86.2
341 silly packumentCache full:https://registry.npmjs.org/@react-native%2fgradle-plugin cache-miss
342 http fetch GET 200 https://registry.npmjs.org/metro-source-map 76ms (cache miss)
343 silly packumentCache full:https://registry.npmjs.org/metro-source-map set size:undefined disposed:false
344 silly fetch manifest @react-native/assets-registry@0.86.2
345 silly packumentCache full:https://registry.npmjs.org/@react-native%2fassets-registry cache-miss
346 http fetch GET 200 https://registry.npmjs.org/flow-enums-runtime 65ms (cache miss)
347 silly packumentCache full:https://registry.npmjs.org/flow-enums-runtime set size:undefined disposed:false
348 silly fetch manifest @react-native/normalize-colors@0.86.2
349 silly packumentCache full:https://registry.npmjs.org/@react-native%2fnormalize-colors cache-miss
350 http fetch GET 200 https://registry.npmjs.org/regenerator-runtime 66ms (cache miss)
351 silly packumentCache full:https://registry.npmjs.org/regenerator-runtime set size:undefined disposed:false
352 silly fetch manifest @react-native/virtualized-lists@0.86.2
353 silly packumentCache full:https://registry.npmjs.org/@react-native%2fvirtualized-lists cache-miss
354 http fetch GET 200 https://registry.npmjs.org/react-devtools-core 132ms (cache miss)
355 silly packumentCache full:https://registry.npmjs.org/react-devtools-core set size:undefined disposed:false
356 silly fetch manifest babel-plugin-syntax-hermes-parser@0.36.0
357 silly packumentCache full:https://registry.npmjs.org/babel-plugin-syntax-hermes-parser cache-miss
358 http fetch GET 200 https://registry.npmjs.org/scheduler 293ms (cache miss)
359 silly packumentCache full:https://registry.npmjs.org/scheduler set size:undefined disposed:false
360 silly fetch manifest @react-native/community-cli-plugin@0.86.2
361 silly packumentCache full:https://registry.npmjs.org/@react-native%2fcommunity-cli-plugin cache-miss
362 http fetch GET 200 https://registry.npmjs.org/@react-native%2fvirtualized-lists 116ms (cache miss)
363 silly packumentCache full:https://registry.npmjs.org/@react-native%2fvirtualized-lists set size:undefined disposed:false
364 silly fetch manifest @expo/env@~2.4.2
365 silly packumentCache full:https://registry.npmjs.org/@expo%2fenv cache-miss
366 http fetch GET 200 https://registry.npmjs.org/babel-plugin-syntax-hermes-parser 84ms (cache miss)
367 silly packumentCache full:https://registry.npmjs.org/babel-plugin-syntax-hermes-parser set size:undefined disposed:false
368 silly fetch manifest fontfaceobserver@^2.1.0
369 silly packumentCache full:https://registry.npmjs.org/fontfaceobserver cache-miss
370 http fetch GET 200 https://registry.npmjs.org/@react-native%2fjs-polyfills 199ms (cache miss)
371 silly packumentCache full:https://registry.npmjs.org/@react-native%2fjs-polyfills set size:undefined disposed:false
372 silly fetch manifest vaul@^1.1.2
373 silly packumentCache full:https://registry.npmjs.org/vaul cache-miss
374 http fetch GET 200 https://registry.npmjs.org/@react-native%2fgradle-plugin 196ms (cache miss)
375 silly packumentCache full:https://registry.npmjs.org/@react-native%2fgradle-plugin set size:undefined disposed:false
376 silly fetch manifest color@^4.2.3
377 silly packumentCache full:https://registry.npmjs.org/color cache-miss
378 http fetch GET 200 https://registry.npmjs.org/stacktrace-parser 273ms (cache miss)
379 silly packumentCache full:https://registry.npmjs.org/stacktrace-parser set size:undefined disposed:false
380 silly fetch manifest debug@^4.3.4
381 silly packumentCache full:https://registry.npmjs.org/debug cache-miss
382 http fetch GET 200 https://registry.npmjs.org/@expo%2fenv 86ms (cache miss)
383 silly packumentCache full:https://registry.npmjs.org/@expo%2fenv set size:undefined disposed:false
384 silly fetch manifest nanoid@^3.3.8
385 silly packumentCache full:https://registry.npmjs.org/nanoid cache-miss
386 http fetch GET 200 https://registry.npmjs.org/fontfaceobserver 90ms (cache miss)
387 silly packumentCache full:https://registry.npmjs.org/fontfaceobserver set size:undefined disposed:false
388 silly fetch manifest @expo/ui@^57.0.8
389 silly packumentCache full:https://registry.npmjs.org/@expo%2fui cache-miss
390 http fetch GET 200 https://registry.npmjs.org/debug 94ms (cache miss)
391 silly packumentCache full:https://registry.npmjs.org/debug set size:undefined disposed:false
392 silly fetch manifest react-is@^19.1.0
393 silly packumentCache full:https://registry.npmjs.org/react-is cache-miss
394 http fetch GET 200 https://registry.npmjs.org/color 102ms (cache miss)
395 silly packumentCache full:https://registry.npmjs.org/color set size:undefined disposed:false
396 silly fetch manifest client-only@^0.0.1
397 silly packumentCache full:https://registry.npmjs.org/client-only cache-miss
398 http fetch GET 200 https://registry.npmjs.org/@react-native%2fnormalize-colors 295ms (cache miss)
399 silly packumentCache full:https://registry.npmjs.org/@react-native%2fnormalize-colors set size:undefined disposed:false
400 silly fetch manifest expo-server@^57.0.1
401 silly packumentCache full:https://registry.npmjs.org/expo-server cache-miss
402 http fetch GET 200 https://registry.npmjs.org/nanoid 82ms (cache miss)
403 silly packumentCache full:https://registry.npmjs.org/nanoid set size:undefined disposed:false
404 silly fetch manifest server-only@^0.0.1
405 silly packumentCache full:https://registry.npmjs.org/server-only cache-miss
406 http fetch GET 200 https://registry.npmjs.org/@react-native%2fassets-registry 307ms (cache miss)
407 silly packumentCache full:https://registry.npmjs.org/@react-native%2fassets-registry set size:undefined disposed:false
408 silly fetch manifest expo-symbols@^57.0.1
409 silly packumentCache full:https://registry.npmjs.org/expo-symbols cache-miss
410 http cache https://registry.npmjs.org/expo-symbols 2ms (cache hit)
411 silly packumentCache full:https://registry.npmjs.org/expo-symbols set size:609821 disposed:false
412 silly fetch manifest query-string@^7.1.3
413 silly packumentCache full:https://registry.npmjs.org/query-string cache-miss
414 http fetch GET 200 https://registry.npmjs.org/@react-native%2fcommunity-cli-plugin 217ms (cache miss)
415 silly packumentCache full:https://registry.npmjs.org/@react-native%2fcommunity-cli-plugin set size:undefined disposed:false
416 silly fetch manifest shallowequal@^1.1.0
417 silly packumentCache full:https://registry.npmjs.org/shallowequal cache-miss
418 http fetch GET 200 https://registry.npmjs.org/@react-native%2fcodegen 350ms (cache miss)
419 silly packumentCache full:https://registry.npmjs.org/@react-native%2fcodegen set size:undefined disposed:false
420 silly fetch manifest fast-deep-equal@^3.1.3
421 silly packumentCache full:https://registry.npmjs.org/fast-deep-equal cache-miss
422 http fetch GET 200 https://registry.npmjs.org/client-only 76ms (cache miss)
423 silly packumentCache full:https://registry.npmjs.org/client-only set size:undefined disposed:false
424 silly fetch manifest expo-glass-effect@^57.0.1
425 silly packumentCache full:https://registry.npmjs.org/expo-glass-effect cache-miss
426 http fetch GET 200 https://registry.npmjs.org/expo-server 68ms (cache miss)
427 silly packumentCache full:https://registry.npmjs.org/expo-server set size:undefined disposed:false
428 silly fetch manifest @expo/schema-utils@^57.0.2
429 silly packumentCache full:https://registry.npmjs.org/@expo%2fschema-utils cache-miss
430 http fetch GET 200 https://registry.npmjs.org/@expo%2fui 137ms (cache miss)
431 silly packumentCache full:https://registry.npmjs.org/@expo%2fui set size:undefined disposed:false
432 silly fetch manifest react-fast-compare@^3.2.2
433 silly packumentCache full:https://registry.npmjs.org/react-fast-compare cache-miss
434 http fetch GET 200 https://registry.npmjs.org/fast-deep-equal 69ms (cache miss)
435 silly packumentCache full:https://registry.npmjs.org/fast-deep-equal set size:undefined disposed:false
436 silly fetch manifest @expo/metro-runtime@^57.0.8
437 silly packumentCache full:https://registry.npmjs.org/@expo%2fmetro-runtime cache-miss
438 http cache https://registry.npmjs.org/@expo%2fmetro-runtime 2ms (cache hit)
439 silly packumentCache full:https://registry.npmjs.org/@expo%2fmetro-runtime set size:782309 disposed:false
440 silly fetch manifest standard-navigation@^0.0.5
441 silly packumentCache full:https://registry.npmjs.org/standard-navigation cache-miss
442 http fetch GET 200 https://registry.npmjs.org/query-string 99ms (cache miss)
443 silly packumentCache full:https://registry.npmjs.org/query-string set size:undefined disposed:false
444 silly fetch manifest @radix-ui/react-slot@^1.2.0
445 silly packumentCache full:https://registry.npmjs.org/@radix-ui%2freact-slot cache-miss
446 http fetch GET 200 https://registry.npmjs.org/vaul 242ms (cache miss)
447 silly packumentCache full:https://registry.npmjs.org/vaul set size:undefined disposed:false
448 silly fetch manifest @radix-ui/react-tabs@^1.1.12
449 silly packumentCache full:https://registry.npmjs.org/@radix-ui%2freact-tabs cache-miss
450 http fetch GET 200 https://registry.npmjs.org/react-fast-compare 126ms (cache miss)
451 silly packumentCache full:https://registry.npmjs.org/react-fast-compare set size:undefined disposed:false
452 silly fetch manifest escape-string-regexp@^4.0.0
453 silly packumentCache full:https://registry.npmjs.org/escape-string-regexp cache-miss
454 http fetch GET 200 https://registry.npmjs.org/server-only 248ms (cache miss)
455 silly packumentCache full:https://registry.npmjs.org/server-only set size:undefined disposed:false
456 silly fetch manifest react-native-screens@^4.26.0
457 silly packumentCache full:https://registry.npmjs.org/react-native-screens cache-miss
458 http cache https://registry.npmjs.org/react-native-screens 4ms (cache hit)
459 silly packumentCache full:https://registry.npmjs.org/react-native-screens set size:4340379 disposed:false
460 silly fetch manifest sf-symbols-typescript@^2.1.0
461 silly packumentCache full:https://registry.npmjs.org/sf-symbols-typescript cache-miss
462 http fetch GET 200 https://registry.npmjs.org/shallowequal 252ms (cache miss)
463 silly packumentCache full:https://registry.npmjs.org/shallowequal set size:undefined disposed:false
464 silly fetch manifest @testing-library/jest-dom@^6.9.1
465 silly packumentCache full:https://registry.npmjs.org/@testing-library%2fjest-dom cache-miss
466 http fetch GET 200 https://registry.npmjs.org/@radix-ui%2freact-slot 161ms (cache miss)
467 silly packumentCache full:https://registry.npmjs.org/@radix-ui%2freact-slot set size:undefined disposed:false
468 silly fetch manifest react-native-drawer-layout@^4.2.2
469 silly packumentCache full:https://registry.npmjs.org/react-native-drawer-layout cache-miss
470 http fetch GET 200 https://registry.npmjs.org/react-is 298ms (cache miss)
471 silly packumentCache full:https://registry.npmjs.org/react-is set size:undefined disposed:false
472 silly fetch manifest @testing-library/user-event@^14.6.1
473 silly packumentCache full:https://registry.npmjs.org/@testing-library%2fuser-event cache-miss
474 http fetch GET 200 https://registry.npmjs.org/escape-string-regexp 87ms (cache miss)
475 silly packumentCache full:https://registry.npmjs.org/escape-string-regexp set size:undefined disposed:false
476 silly fetch manifest @react-native-masked-view/masked-view@^0.3.2
477 silly packumentCache full:https://registry.npmjs.org/@react-native-masked-view%2fmasked-view cache-miss
478 http fetch GET 200 https://registry.npmjs.org/expo-glass-effect 238ms (cache miss)
479 silly packumentCache full:https://registry.npmjs.org/expo-glass-effect set size:undefined disposed:false
480 silly fetch manifest xml2js@0.6.0
481 silly packumentCache full:https://registry.npmjs.org/xml2js cache-miss
482 http fetch GET 200 https://registry.npmjs.org/@expo%2fschema-utils 266ms (cache miss)
483 silly packumentCache full:https://registry.npmjs.org/@expo%2fschema-utils set size:undefined disposed:false
484 silly fetch manifest @expo/image-utils@^0.11.4
485 silly packumentCache full:https://registry.npmjs.org/@expo%2fimage-utils cache-miss
486 http fetch GET 200 https://registry.npmjs.org/standard-navigation 245ms (cache miss)
487 silly packumentCache full:https://registry.npmjs.org/standard-navigation set size:undefined disposed:false
488 silly fetch manifest sf-symbols-typescript@^2.0.0
489 silly packumentCache full:https://registry.npmjs.org/sf-symbols-typescript cache-miss
490 http fetch GET 200 https://registry.npmjs.org/xml2js 68ms (cache miss)
491 silly packumentCache full:https://registry.npmjs.org/xml2js set size:undefined disposed:false
492 silly fetch manifest @expo-google-fonts/material-symbols@^0.4.1
493 silly packumentCache full:https://registry.npmjs.org/@expo-google-fonts%2fmaterial-symbols cache-miss
494 http fetch GET 200 https://registry.npmjs.org/react-native-drawer-layout 112ms (cache miss)
495 silly packumentCache full:https://registry.npmjs.org/react-native-drawer-layout set size:undefined disposed:false
496 silly fetch manifest scheduler@^0.27.0
497 silly packumentCache full:https://registry.npmjs.org/scheduler cache-miss
498 http fetch GET 200 https://registry.npmjs.org/@testing-library%2fuser-event 94ms (cache miss)
499 silly packumentCache full:https://registry.npmjs.org/@testing-library%2fuser-event set size:undefined disposed:false
500 silly fetch manifest semver@^7.7.3
501 silly packumentCache full:https://registry.npmjs.org/semver cache-miss
502 http cache https://registry.npmjs.org/semver 1ms (cache hit)
503 silly packumentCache full:https://registry.npmjs.org/semver set size:246069 disposed:false
504 silly fetch manifest react-native-is-edge-to-edge@^1.3.1
505 silly packumentCache full:https://registry.npmjs.org/react-native-is-edge-to-edge cache-miss
506 http cache https://registry.npmjs.org/scheduler 8ms (cache hit)
507 silly packumentCache full:https://registry.npmjs.org/scheduler set size:5651647 disposed:false
508 silly fetch manifest semver@^7.7.4
509 silly packumentCache full:https://registry.npmjs.org/semver cache-hit
510 silly fetch manifest @babel/types@^7.27.1
511 silly packumentCache full:https://registry.npmjs.org/@babel%2ftypes cache-miss
512 http fetch GET 200 https://registry.npmjs.org/@react-native-masked-view%2fmasked-view 114ms (cache miss)
513 silly packumentCache full:https://registry.npmjs.org/@react-native-masked-view%2fmasked-view set size:undefined disposed:false
514 silly fetch manifest convert-source-map@^2.0.0
515 silly packumentCache full:https://registry.npmjs.org/convert-source-map cache-miss
516 http fetch GET 200 https://registry.npmjs.org/@radix-ui%2freact-tabs 291ms (cache miss)
517 silly packumentCache full:https://registry.npmjs.org/@radix-ui%2freact-tabs set size:undefined disposed:false
518 silly fetch manifest @babel/preset-typescript@^7.28.5
519 silly packumentCache full:https://registry.npmjs.org/@babel%2fpreset-typescript cache-miss
520 http fetch GET 200 https://registry.npmjs.org/@expo%2fimage-utils 113ms (cache miss)
521 silly packumentCache full:https://registry.npmjs.org/@expo%2fimage-utils set size:undefined disposed:false
522 silly fetch manifest @babel/plugin-transform-classes@^7.28.6
523 silly packumentCache full:https://registry.npmjs.org/@babel%2fplugin-transform-classes cache-miss
524 http fetch GET 200 https://registry.npmjs.org/@expo-google-fonts%2fmaterial-symbols 89ms (cache miss)
525 silly packumentCache full:https://registry.npmjs.org/@expo-google-fonts%2fmaterial-symbols set size:undefined disposed:false
526 silly fetch manifest @babel/plugin-transform-unicode-regex@^7.27.1
527 silly packumentCache full:https://registry.npmjs.org/@babel%2fplugin-transform-unicode-regex cache-miss
528 http fetch GET 200 https://registry.npmjs.org/react-native-is-edge-to-edge 88ms (cache miss)
529 silly packumentCache full:https://registry.npmjs.org/react-native-is-edge-to-edge set size:undefined disposed:false
530 silly fetch manifest @babel/plugin-transform-arrow-functions@^7.27.1
531 silly packumentCache full:https://registry.npmjs.org/@babel%2fplugin-transform-arrow-functions cache-miss
532 http fetch GET 200 https://registry.npmjs.org/convert-source-map 88ms (cache miss)
533 silly packumentCache full:https://registry.npmjs.org/convert-source-map set size:undefined disposed:false
534 silly fetch manifest @babel/plugin-transform-class-properties@^7.28.6
535 silly packumentCache full:https://registry.npmjs.org/@babel%2fplugin-transform-class-properties cache-miss
536 http fetch GET 200 https://registry.npmjs.org/@babel%2fpreset-typescript 85ms (cache miss)
537 silly packumentCache full:https://registry.npmjs.org/@babel%2fpreset-typescript set size:undefined disposed:false
538 silly fetch manifest @babel/plugin-transform-optional-chaining@^7.28.6
539 silly packumentCache full:https://registry.npmjs.org/@babel%2fplugin-transform-optional-chaining cache-miss
540 http fetch GET 200 https://registry.npmjs.org/@testing-library%2fjest-dom 253ms (cache miss)
541 silly packumentCache full:https://registry.npmjs.org/@testing-library%2fjest-dom set size:undefined disposed:false
542 silly fetch manifest @babel/plugin-transform-template-literals@^7.27.1
543 silly packumentCache full:https://registry.npmjs.org/@babel%2fplugin-transform-template-literals cache-miss
544 http fetch GET 200 https://registry.npmjs.org/sf-symbols-typescript 277ms (cache miss)
545 silly packumentCache full:https://registry.npmjs.org/sf-symbols-typescript set size:undefined disposed:false
546 silly fetch manifest @babel/plugin-transform-shorthand-properties@^7.27.1
547 silly packumentCache full:https://registry.npmjs.org/@babel%2fplugin-transform-shorthand-properties cache-miss
548 http fetch GET 200 https://registry.npmjs.org/@babel%2fplugin-transform-unicode-regex 83ms (cache miss)
549 silly packumentCache full:https://registry.npmjs.org/@babel%2fplugin-transform-unicode-regex set size:undefined disposed:false
550 silly fetch manifest @babel/plugin-transform-nullish-coalescing-operator@^7.28.6
551 silly packumentCache full:https://registry.npmjs.org/@babel%2fplugin-transform-nullish-coalescing-operator cache-miss
552 http fetch GET 200 https://registry.npmjs.org/sf-symbols-typescript 197ms (cache miss)
553 silly packumentCache full:https://registry.npmjs.org/sf-symbols-typescript set size:undefined disposed:false
554 silly fetch manifest metro-config@^0.84.3
555 silly packumentCache full:https://registry.npmjs.org/metro-config cache-miss
556 http fetch GET 200 https://registry.npmjs.org/@babel%2ftypes 142ms (cache miss)
557 silly packumentCache full:https://registry.npmjs.org/@babel%2ftypes set size:undefined disposed:false
558 silly fetch manifest @react-native/metro-babel-transformer@0.86.2
559 silly packumentCache full:https://registry.npmjs.org/@react-native%2fmetro-babel-transformer cache-miss
560 http fetch GET 200 https://registry.npmjs.org/@babel%2fplugin-transform-classes 100ms (cache miss)
561 silly packumentCache full:https://registry.npmjs.org/@babel%2fplugin-transform-classes set size:undefined disposed:false
562 silly fetch manifest obug@^2.1.1
563 silly packumentCache full:https://registry.npmjs.org/obug cache-miss
564 http fetch GET 200 https://registry.npmjs.org/@babel%2fplugin-transform-optional-chaining 69ms (cache miss)
565 silly packumentCache full:https://registry.npmjs.org/@babel%2fplugin-transform-optional-chaining set size:undefined disposed:false
566 silly fetch manifest json5@^2.2.3
567 silly packumentCache full:https://registry.npmjs.org/json5 cache-miss
568 http fetch GET 200 https://registry.npmjs.org/@babel%2fplugin-transform-class-properties 95ms (cache miss)
569 silly packumentCache full:https://registry.npmjs.org/@babel%2fplugin-transform-class-properties set size:undefined disposed:false
570 silly fetch manifest gensync@^1.0.0-beta.2
571 silly packumentCache full:https://registry.npmjs.org/gensync cache-miss
572 http fetch GET 200 https://registry.npmjs.org/@babel%2fplugin-transform-shorthand-properties 76ms (cache miss)
573 silly packumentCache full:https://registry.npmjs.org/@babel%2fplugin-transform-shorthand-properties set size:undefined disposed:false
574 silly fetch manifest empathic@^2.0.1
575 silly packumentCache full:https://registry.npmjs.org/empathic cache-miss
576 http fetch GET 200 https://registry.npmjs.org/@babel%2fplugin-transform-nullish-coalescing-operator 72ms (cache miss)
577 silly packumentCache full:https://registry.npmjs.org/@babel%2fplugin-transform-nullish-coalescing-operator set size:undefined disposed:false
578 silly fetch manifest @babel/types@^8.0.0
579 silly packumentCache full:https://registry.npmjs.org/@babel%2ftypes cache-miss
580 http cache https://registry.npmjs.org/@babel%2ftypes 2ms (cache hit)
581 silly packumentCache full:https://registry.npmjs.org/@babel%2ftypes set size:500625 disposed:false
582 silly fetch manifest @babel/parser@^8.0.0
583 silly packumentCache full:https://registry.npmjs.org/@babel%2fparser cache-miss
584 http fetch GET 200 https://registry.npmjs.org/json5 65ms (cache miss)
585 silly packumentCache full:https://registry.npmjs.org/json5 set size:undefined disposed:false
586 silly fetch manifest @babel/helpers@^8.0.0
587 silly packumentCache full:https://registry.npmjs.org/@babel%2fhelpers cache-miss
588 http fetch GET 200 https://registry.npmjs.org/obug 90ms (cache miss)
589 silly packumentCache full:https://registry.npmjs.org/obug set size:undefined disposed:false
590 silly fetch manifest @types/gensync@^1.0.5
591 silly packumentCache full:https://registry.npmjs.org/@types%2fgensync cache-miss
592 http fetch GET 200 https://registry.npmjs.org/metro-config 126ms (cache miss)
593 silly packumentCache full:https://registry.npmjs.org/metro-config set size:undefined disposed:false
594 silly fetch manifest @babel/template@^8.0.0
595 silly packumentCache full:https://registry.npmjs.org/@babel%2ftemplate cache-miss
596 http fetch GET 200 https://registry.npmjs.org/gensync 81ms (cache miss)
597 silly packumentCache full:https://registry.npmjs.org/gensync set size:undefined disposed:false
598 silly fetch manifest @babel/traverse@^8.0.0
599 silly packumentCache full:https://registry.npmjs.org/@babel%2ftraverse cache-miss
600 http fetch GET 200 https://registry.npmjs.org/empathic 66ms (cache miss)
601 silly packumentCache full:https://registry.npmjs.org/empathic set size:undefined disposed:false
602 silly fetch manifest @babel/generator@^8.0.0
603 silly packumentCache full:https://registry.npmjs.org/@babel%2fgenerator cache-miss
604 http fetch GET 200 https://registry.npmjs.org/@babel%2fparser 83ms (cache miss)
605 silly packumentCache full:https://registry.npmjs.org/@babel%2fparser set size:undefined disposed:false
606 silly fetch manifest @babel/code-frame@^8.0.0
607 silly packumentCache full:https://registry.npmjs.org/@babel%2fcode-frame cache-miss
608 http fetch GET 200 https://registry.npmjs.org/@babel%2fhelpers 83ms (cache miss)
609 silly packumentCache full:https://registry.npmjs.org/@babel%2fhelpers set size:undefined disposed:false
610 silly fetch manifest import-meta-resolve@^4.2.0
611 silly packumentCache full:https://registry.npmjs.org/import-meta-resolve cache-miss
612 http fetch GET 200 https://registry.npmjs.org/@types%2fgensync 84ms (cache miss)
613 silly packumentCache full:https://registry.npmjs.org/@types%2fgensync set size:undefined disposed:false
614 silly fetch manifest @babel/helper-compilation-targets@^8.0.0
615 silly packumentCache full:https://registry.npmjs.org/@babel%2fhelper-compilation-targets cache-miss
616 http fetch GET 200 https://registry.npmjs.org/@babel%2fgenerator 83ms (cache miss)
617 silly packumentCache full:https://registry.npmjs.org/@babel%2fgenerator set size:undefined disposed:false
618 silly fetch manifest warn-once@^0.1.0
619 silly packumentCache full:https://registry.npmjs.org/warn-once cache-miss
620 http fetch GET 200 https://registry.npmjs.org/@babel%2fplugin-transform-template-literals 249ms (cache miss)
621 silly packumentCache full:https://registry.npmjs.org/@babel%2fplugin-transform-template-literals set size:undefined disposed:false
622 silly fetch manifest react-freeze@^1.0.0
623 silly packumentCache full:https://registry.npmjs.org/react-freeze cache-miss
624 http fetch GET 200 https://registry.npmjs.org/@babel%2fcode-frame 72ms (cache miss)
625 silly packumentCache full:https://registry.npmjs.org/@babel%2fcode-frame set size:undefined disposed:false
626 silly fetch manifest fbjs@^3.0.4
627 silly packumentCache full:https://registry.npmjs.org/fbjs cache-miss
628 http fetch GET 200 https://registry.npmjs.org/@babel%2ftemplate 122ms (cache miss)
629 silly packumentCache full:https://registry.npmjs.org/@babel%2ftemplate set size:undefined disposed:false
630 silly fetch manifest styleq@^0.1.3
631 silly packumentCache full:https://registry.npmjs.org/styleq cache-miss
632 http fetch GET 200 https://registry.npmjs.org/@babel%2fhelper-compilation-targets 89ms (cache miss)
633 silly packumentCache full:https://registry.npmjs.org/@babel%2fhelper-compilation-targets set size:undefined disposed:false
634 silly fetch manifest memoize-one@^6.0.0
635 silly packumentCache full:https://registry.npmjs.org/memoize-one cache-miss
636 http cache https://registry.npmjs.org/memoize-one 1ms (cache hit)
637 silly packumentCache full:https://registry.npmjs.org/memoize-one set size:217155 disposed:false
638 silly fetch manifest @babel/runtime@^7.18.6
639 silly packumentCache full:https://registry.npmjs.org/@babel%2fruntime cache-miss
640 http cache https://registry.npmjs.org/@babel%2fruntime 5ms (cache hit)
641 silly packumentCache full:https://registry.npmjs.org/@babel%2fruntime set size:3471810 disposed:false
642 silly fetch manifest postcss-value-parser@^4.2.0
643 silly packumentCache full:https://registry.npmjs.org/postcss-value-parser cache-miss
644 http fetch GET 200 https://registry.npmjs.org/@babel%2ftraverse 160ms (cache miss)
645 silly packumentCache full:https://registry.npmjs.org/@babel%2ftraverse set size:undefined disposed:false
646 silly fetch manifest inline-style-prefixer@^7.0.1
647 silly packumentCache full:https://registry.npmjs.org/inline-style-prefixer cache-miss
648 http fetch GET 200 https://registry.npmjs.org/styleq 93ms (cache miss)
649 silly packumentCache full:https://registry.npmjs.org/styleq set size:undefined disposed:false
650 silly fetch manifest @react-native/normalize-colors@^0.74.1
651 silly packumentCache full:https://registry.npmjs.org/@react-native%2fnormalize-colors cache-miss
652 http cache https://registry.npmjs.org/@react-native%2fnormalize-colors 2ms (cache hit)
653 silly packumentCache full:https://registry.npmjs.org/@react-native%2fnormalize-colors set size:2001638 disposed:false
654 http fetch GET 200 https://registry.npmjs.org/postcss-value-parser 80ms (cache miss)
655 silly packumentCache full:https://registry.npmjs.org/postcss-value-parser set size:undefined disposed:false
656 http fetch GET 200 https://registry.npmjs.org/@babel%2fplugin-transform-arrow-functions 454ms (cache miss)
657 silly packumentCache full:https://registry.npmjs.org/@babel%2fplugin-transform-arrow-functions set size:undefined disposed:false
658 http fetch GET 200 https://registry.npmjs.org/inline-style-prefixer 102ms (cache miss)
659 silly packumentCache full:https://registry.npmjs.org/inline-style-prefixer set size:undefined disposed:false
660 http fetch GET 200 https://registry.npmjs.org/import-meta-resolve 240ms (cache miss)
661 silly packumentCache full:https://registry.npmjs.org/import-meta-resolve set size:undefined disposed:false
662 http fetch GET 200 https://registry.npmjs.org/warn-once 235ms (cache miss)
663 silly packumentCache full:https://registry.npmjs.org/warn-once set size:undefined disposed:false
664 http fetch GET 200 https://registry.npmjs.org/@react-native%2fmetro-babel-transformer 653ms (cache miss)
665 silly packumentCache full:https://registry.npmjs.org/@react-native%2fmetro-babel-transformer set size:undefined disposed:false
666 http fetch GET 200 https://registry.npmjs.org/fbjs 435ms (cache miss)
667 silly packumentCache full:https://registry.npmjs.org/fbjs set size:undefined disposed:false
668 http fetch GET 200 https://registry.npmjs.org/react-freeze 482ms (cache miss)
669 silly packumentCache full:https://registry.npmjs.org/react-freeze set size:undefined disposed:false
670 silly placeDep ROOT @babel/code-frame@8.0.0 OK for: @babel/core@8.0.1 want: ^8.0.0
671 silly placeDep ROOT @babel/generator@8.0.0 OK for: @babel/core@8.0.1 want: ^8.0.0
672 silly placeDep ROOT @babel/helper-compilation-targets@8.0.0 OK for: @babel/core@8.0.1 want: ^8.0.0
673 silly placeDep ROOT @babel/helpers@8.0.0 OK for: @babel/core@8.0.1 want: ^8.0.0
674 silly placeDep ROOT @babel/parser@8.0.4 OK for: @babel/core@8.0.1 want: ^8.0.0
675 silly placeDep ROOT @babel/template@8.0.0 OK for: @babel/core@8.0.1 want: ^8.0.0
676 silly placeDep ROOT @babel/traverse@8.0.4 OK for: @babel/core@8.0.1 want: ^8.0.0
677 silly placeDep ROOT @babel/types@8.0.4 OK for: @babel/core@8.0.1 want: ^8.0.0
678 silly placeDep ROOT @types/gensync@1.0.5 OK for: @babel/core@8.0.1 want: ^1.0.5
679 silly placeDep ROOT convert-source-map@2.0.0 OK for: @babel/core@8.0.1 want: ^2.0.0
680 silly placeDep ROOT empathic@2.0.1 OK for: @babel/core@8.0.1 want: ^2.0.1
681 silly placeDep ROOT gensync@1.0.0-beta.2 OK for: @babel/core@8.0.1 want: ^1.0.0-beta.2
682 silly placeDep ROOT import-meta-resolve@4.2.0 OK for: @babel/core@8.0.1 want: ^4.2.0
683 silly placeDep ROOT json5@2.2.3 OK for: @babel/core@8.0.1 want: ^2.2.3
684 silly placeDep ROOT obug@2.1.4 OK for: @babel/core@8.0.1 want: ^2.1.1
685 silly placeDep ROOT semver@7.8.5 OK for: @babel/core@8.0.1 want: ^7.7.3
686 silly fetch manifest js-tokens@^10.0.0
687 silly packumentCache full:https://registry.npmjs.org/js-tokens cache-miss
688 silly fetch manifest @babel/helper-validator-identifier@^8.0.0
689 silly packumentCache full:https://registry.npmjs.org/@babel%2fhelper-validator-identifier cache-miss
690 silly fetch manifest jsesc@^3.0.2
691 silly packumentCache full:https://registry.npmjs.org/jsesc cache-miss
692 silly fetch manifest @types/jsesc@^2.5.0
693 silly packumentCache full:https://registry.npmjs.org/@types%2fjsesc cache-miss
694 silly fetch manifest @jridgewell/gen-mapping@^0.3.12
695 silly packumentCache full:https://registry.npmjs.org/@jridgewell%2fgen-mapping cache-miss
696 silly fetch manifest @jridgewell/trace-mapping@^0.3.28
697 silly packumentCache full:https://registry.npmjs.org/@jridgewell%2ftrace-mapping cache-miss
698 silly fetch manifest lru-cache@^11.0.0
699 silly packumentCache full:https://registry.npmjs.org/lru-cache cache-miss
700 silly fetch manifest browserslist@^4.24.0
701 silly packumentCache full:https://registry.npmjs.org/browserslist cache-miss
702 silly fetch manifest @babel/compat-data@^8.0.0
703 silly packumentCache full:https://registry.npmjs.org/@babel%2fcompat-data cache-miss
704 http fetch GET 200 https://registry.npmjs.org/jsesc 96ms (cache miss)
705 silly packumentCache full:https://registry.npmjs.org/jsesc set size:undefined disposed:false
706 silly fetch manifest @babel/helper-validator-option@^8.0.0
707 silly packumentCache full:https://registry.npmjs.org/@babel%2fhelper-validator-option cache-miss
708 http fetch GET 200 https://registry.npmjs.org/@jridgewell%2fgen-mapping 98ms (cache miss)
709 silly packumentCache full:https://registry.npmjs.org/@jridgewell%2fgen-mapping set size:undefined disposed:false
710 silly fetch manifest @babel/types@^8.0.4
711 silly packumentCache full:https://registry.npmjs.org/@babel%2ftypes cache-hit
712 silly fetch manifest @babel/helper-globals@^8.0.0
713 silly packumentCache full:https://registry.npmjs.org/@babel%2fhelper-globals cache-miss
714 http fetch GET 200 https://registry.npmjs.org/@babel%2fhelper-validator-identifier 114ms (cache miss)
715 silly packumentCache full:https://registry.npmjs.org/@babel%2fhelper-validator-identifier set size:undefined disposed:false
716 silly fetch manifest @babel/helper-string-parser@^8.0.0
717 silly packumentCache full:https://registry.npmjs.org/@babel%2fhelper-string-parser cache-miss
718 http fetch GET 200 https://registry.npmjs.org/@jridgewell%2ftrace-mapping 115ms (cache miss)
719 silly packumentCache full:https://registry.npmjs.org/@jridgewell%2ftrace-mapping set size:undefined disposed:false
720 silly fetch manifest @babel/helper-validator-identifier@^8.0.4
721 silly packumentCache full:https://registry.npmjs.org/@babel%2fhelper-validator-identifier cache-miss
722 http fetch GET 200 https://registry.npmjs.org/@babel%2fcompat-data 117ms (cache miss)
723 silly packumentCache full:https://registry.npmjs.org/@babel%2fcompat-data set size:undefined disposed:false
724 http fetch GET 200 https://registry.npmjs.org/js-tokens 118ms (cache miss)
725 silly packumentCache full:https://registry.npmjs.org/js-tokens set size:undefined disposed:false
726 http fetch GET 200 https://registry.npmjs.org/lru-cache 118ms (cache miss)
727 silly packumentCache full:https://registry.npmjs.org/lru-cache set size:undefined disposed:false
728 http cache https://registry.npmjs.org/@babel%2fhelper-validator-identifier 4ms (cache hit)
729 silly packumentCache full:https://registry.npmjs.org/@babel%2fhelper-validator-identifier set size:130133 disposed:false
730 http fetch GET 200 https://registry.npmjs.org/browserslist 121ms (cache miss)
731 silly packumentCache full:https://registry.npmjs.org/browserslist set size:undefined disposed:false
732 http fetch GET 200 https://registry.npmjs.org/@babel%2fhelper-globals 70ms (cache miss)
733 silly packumentCache full:https://registry.npmjs.org/@babel%2fhelper-globals set size:undefined disposed:false
734 http fetch GET 200 https://registry.npmjs.org/@babel%2fhelper-string-parser 78ms (cache miss)
735 silly packumentCache full:https://registry.npmjs.org/@babel%2fhelper-string-parser set size:undefined disposed:false
736 http fetch GET 200 https://registry.npmjs.org/@types%2fjsesc 296ms (cache miss)
737 silly packumentCache full:https://registry.npmjs.org/@types%2fjsesc set size:undefined disposed:false
738 http fetch GET 200 https://registry.npmjs.org/@babel%2fhelper-validator-option 281ms (cache miss)
739 silly packumentCache full:https://registry.npmjs.org/@babel%2fhelper-validator-option set size:undefined disposed:false
740 silly placeDep ROOT @babel/helper-validator-identifier@8.0.4 OK for: @babel/code-frame@8.0.0 want: ^8.0.0
741 silly placeDep ROOT js-tokens@10.0.0 OK for: @babel/code-frame@8.0.0 want: ^10.0.0
742 silly placeDep ROOT @jridgewell/gen-mapping@0.3.13 OK for: @babel/generator@8.0.0 want: ^0.3.12
743 silly placeDep ROOT @jridgewell/trace-mapping@0.3.31 OK for: @babel/generator@8.0.0 want: ^0.3.28
744 silly placeDep ROOT @types/jsesc@2.5.1 OK for: @babel/generator@8.0.0 want: ^2.5.0
745 silly placeDep ROOT jsesc@3.1.0 OK for: @babel/generator@8.0.0 want: ^3.0.2
746 silly fetch manifest @jridgewell/trace-mapping@^0.3.24
747 silly packumentCache full:https://registry.npmjs.org/@jridgewell%2ftrace-mapping cache-miss
748 silly fetch manifest @jridgewell/sourcemap-codec@^1.5.0
749 silly packumentCache full:https://registry.npmjs.org/@jridgewell%2fsourcemap-codec cache-miss
750 silly fetch manifest @jridgewell/resolve-uri@^3.1.0
751 silly packumentCache full:https://registry.npmjs.org/@jridgewell%2fresolve-uri cache-miss
752 silly fetch manifest @jridgewell/sourcemap-codec@^1.4.14
753 silly packumentCache full:https://registry.npmjs.org/@jridgewell%2fsourcemap-codec cache-miss
754 http cache https://registry.npmjs.org/@jridgewell%2ftrace-mapping 2ms (cache hit)
755 silly packumentCache full:https://registry.npmjs.org/@jridgewell%2ftrace-mapping set size:170909 disposed:false
756 http fetch GET 200 https://registry.npmjs.org/@jridgewell%2fresolve-uri 88ms (cache miss)
757 silly packumentCache full:https://registry.npmjs.org/@jridgewell%2fresolve-uri set size:undefined disposed:false
758 http fetch GET 200 https://registry.npmjs.org/@jridgewell%2fsourcemap-codec 247ms (cache miss)
759 silly packumentCache full:https://registry.npmjs.org/@jridgewell%2fsourcemap-codec set size:undefined disposed:false
760 http fetch GET 200 https://registry.npmjs.org/@jridgewell%2fsourcemap-codec 248ms (cache miss)
761 silly packumentCache full:https://registry.npmjs.org/@jridgewell%2fsourcemap-codec set size:undefined disposed:false
762 silly placeDep ROOT @babel/compat-data@8.0.0 OK for: @babel/helper-compilation-targets@8.0.0 want: ^8.0.0
763 silly placeDep ROOT @babel/helper-validator-option@8.0.0 OK for: @babel/helper-compilation-targets@8.0.0 want: ^8.0.0
764 silly placeDep ROOT browserslist@4.28.7 OK for: @babel/helper-compilation-targets@8.0.0 want: ^4.24.0
765 silly placeDep ROOT lru-cache@11.5.2 OK for: @babel/helper-compilation-targets@8.0.0 want: ^11.0.0
766 silly fetch manifest caniuse-lite@^1.0.30001806
767 silly packumentCache full:https://registry.npmjs.org/caniuse-lite cache-miss
768 silly fetch manifest node-releases@^2.0.51
769 silly packumentCache full:https://registry.npmjs.org/node-releases cache-miss
770 silly fetch manifest electron-to-chromium@^1.5.393
771 silly packumentCache full:https://registry.npmjs.org/electron-to-chromium cache-miss
772 silly fetch manifest update-browserslist-db@^1.2.3
773 silly packumentCache full:https://registry.npmjs.org/update-browserslist-db cache-miss
774 silly fetch manifest baseline-browser-mapping@^2.10.44
775 silly packumentCache full:https://registry.npmjs.org/baseline-browser-mapping cache-miss
776 http fetch GET 200 https://registry.npmjs.org/update-browserslist-db 75ms (cache miss)
777 silly packumentCache full:https://registry.npmjs.org/update-browserslist-db set size:undefined disposed:false
778 http fetch GET 200 https://registry.npmjs.org/baseline-browser-mapping 112ms (cache miss)
779 silly packumentCache full:https://registry.npmjs.org/baseline-browser-mapping set size:undefined disposed:false
780 http fetch GET 200 https://registry.npmjs.org/node-releases 116ms (cache miss)
781 silly packumentCache full:https://registry.npmjs.org/node-releases set size:undefined disposed:false
782 http fetch GET 200 https://registry.npmjs.org/caniuse-lite 152ms (cache miss)
783 silly packumentCache full:https://registry.npmjs.org/caniuse-lite set size:undefined disposed:false
784 http fetch GET 200 https://registry.npmjs.org/electron-to-chromium 238ms (cache miss)
785 silly packumentCache full:https://registry.npmjs.org/electron-to-chromium set size:undefined disposed:false
786 silly placeDep ROOT @babel/helper-globals@8.0.0 OK for: @babel/traverse@8.0.4 want: ^8.0.0
787 silly placeDep ROOT @babel/helper-string-parser@8.0.0 OK for: @babel/types@8.0.4 want: ^8.0.0
788 silly placeDep ROOT @jridgewell/sourcemap-codec@1.5.5 OK for: @jridgewell/gen-mapping@0.3.13 want: ^1.5.0
789 silly placeDep ROOT @jridgewell/resolve-uri@3.1.2 OK for: @jridgewell/trace-mapping@0.3.31 want: ^3.1.0
790 silly placeDep ROOT @react-native/js-polyfills@0.86.2 OK for: @react-native/metro-config@0.86.2 want: 0.86.2
791 silly placeDep ROOT @react-native/metro-babel-transformer@0.86.2 OK for: @react-native/metro-config@0.86.2 want: 0.86.2
792 silly placeDep ROOT metro-config@0.84.4 OK for: @react-native/metro-config@0.86.2 want: ^0.84.3
793 silly placeDep ROOT metro-runtime@0.84.4 OK for: @react-native/metro-config@0.86.2 want: ^0.84.3
794 silly fetch manifest @babel/core@^7.25.2
795 silly packumentCache full:https://registry.npmjs.org/@babel%2fcore cache-miss
796 silly fetch manifest hermes-parser@0.36.0
797 silly packumentCache full:https://registry.npmjs.org/hermes-parser cache-miss
798 silly fetch manifest @react-native/babel-preset@0.86.2
799 silly packumentCache full:https://registry.npmjs.org/@react-native%2fbabel-preset cache-miss
800 silly fetch manifest yaml@^2.6.1
801 silly packumentCache full:https://registry.npmjs.org/yaml cache-miss
802 silly fetch manifest metro@0.84.4
803 silly packumentCache full:https://registry.npmjs.org/metro cache-miss
804 silly fetch manifest connect@^3.6.5
805 silly packumentCache full:https://registry.npmjs.org/connect cache-miss
806 silly fetch manifest metro-core@0.84.4
807 silly packumentCache full:https://registry.npmjs.org/metro-core cache-miss
808 silly fetch manifest metro-cache@0.84.4
809 silly packumentCache full:https://registry.npmjs.org/metro-cache cache-miss
810 silly fetch manifest jest-validate@^29.7.0
811 silly packumentCache full:https://registry.npmjs.org/jest-validate cache-miss
812 http cache https://registry.npmjs.org/@babel%2fcore 8ms (cache hit)
813 silly packumentCache full:https://registry.npmjs.org/@babel%2fcore set size:788273 disposed:false
814 silly fetch manifest metro-runtime@0.84.4
815 silly packumentCache full:https://registry.npmjs.org/metro-runtime cache-miss
816 http cache https://registry.npmjs.org/metro-runtime 0ms (cache hit)
817 silly packumentCache full:https://registry.npmjs.org/metro-runtime set size:224399 disposed:false
818 silly fetch manifest @babel/runtime@^7.25.0
819 silly packumentCache full:https://registry.npmjs.org/@babel%2fruntime cache-miss
820 http cache https://registry.npmjs.org/@babel%2fruntime 3ms (cache hit)
821 silly packumentCache full:https://registry.npmjs.org/@babel%2fruntime set size:3471810 disposed:false
822 http fetch GET 200 https://registry.npmjs.org/hermes-parser 71ms (cache miss)
823 silly packumentCache full:https://registry.npmjs.org/hermes-parser set size:undefined disposed:false
824 http fetch GET 200 https://registry.npmjs.org/connect 78ms (cache miss)
825 silly packumentCache full:https://registry.npmjs.org/connect set size:undefined disposed:false
826 http fetch GET 200 https://registry.npmjs.org/yaml 80ms (cache miss)
827 silly packumentCache full:https://registry.npmjs.org/yaml set size:undefined disposed:false
828 http fetch GET 200 https://registry.npmjs.org/metro 100ms (cache miss)
829 silly packumentCache full:https://registry.npmjs.org/metro set size:undefined disposed:false
830 http fetch GET 200 https://registry.npmjs.org/jest-validate 104ms (cache miss)
831 silly packumentCache full:https://registry.npmjs.org/jest-validate set size:undefined disposed:false
832 http fetch GET 200 https://registry.npmjs.org/metro-core 131ms (cache miss)
833 silly packumentCache full:https://registry.npmjs.org/metro-core set size:undefined disposed:false
834 http fetch GET 200 https://registry.npmjs.org/metro-cache 152ms (cache miss)
835 silly packumentCache full:https://registry.npmjs.org/metro-cache set size:undefined disposed:false
836 http fetch GET 200 https://registry.npmjs.org/@react-native%2fbabel-preset 475ms (cache miss)
837 silly packumentCache full:https://registry.npmjs.org/@react-native%2fbabel-preset set size:undefined disposed:false
838 silly placeDep node_modules/@react-native/metro-babel-transformer @babel/core@7.29.7 OK for: @react-native/metro-babel-transformer@0.86.2 want: ^7.25.2
839 silly placeDep ROOT @react-native/babel-preset@0.86.2 OK for: @react-native/metro-babel-transformer@0.86.2 want: 0.86.2
840 silly placeDep ROOT hermes-parser@0.36.0 OK for: @react-native/metro-babel-transformer@0.86.2 want: 0.36.0
841 silly placeDep ROOT nullthrows@1.1.1 OK for: @react-native/metro-babel-transformer@0.86.2 want: ^1.1.1
842 silly fetch manifest debug@^4.1.0
843 silly packumentCache full:https://registry.npmjs.org/debug cache-miss
844 silly fetch manifest semver@^6.3.1
845 silly packumentCache full:https://registry.npmjs.org/semver cache-hit
846 silly fetch manifest @babel/types@^7.29.7
847 silly packumentCache full:https://registry.npmjs.org/@babel%2ftypes cache-hit
848 silly fetch manifest @babel/parser@^7.29.7
849 silly packumentCache full:https://registry.npmjs.org/@babel%2fparser cache-miss
850 silly fetch manifest @babel/helpers@^7.29.7
851 silly packumentCache full:https://registry.npmjs.org/@babel%2fhelpers cache-miss
852 silly fetch manifest @babel/template@^7.29.7
853 silly packumentCache full:https://registry.npmjs.org/@babel%2ftemplate cache-miss
854 silly fetch manifest @babel/traverse@^7.29.7
855 silly packumentCache full:https://registry.npmjs.org/@babel%2ftraverse cache-miss
856 silly fetch manifest @babel/generator@^7.29.7
857 silly packumentCache full:https://registry.npmjs.org/@babel%2fgenerator cache-miss
858 silly fetch manifest @babel/code-frame@^7.29.7
859 silly packumentCache full:https://registry.npmjs.org/@babel%2fcode-frame cache-miss
860 silly fetch manifest @jridgewell/remapping@^2.3.5
861 silly packumentCache full:https://registry.npmjs.org/@jridgewell%2fremapping cache-miss
862 silly fetch manifest @babel/helper-module-transforms@^7.29.7
863 silly packumentCache full:https://registry.npmjs.org/@babel%2fhelper-module-transforms cache-miss
864 http cache https://registry.npmjs.org/debug 6ms (cache hit)
865 silly packumentCache full:https://registry.npmjs.org/debug set size:195840 disposed:false
866 silly fetch manifest @babel/helper-compilation-targets@^7.29.7
867 silly packumentCache full:https://registry.npmjs.org/@babel%2fhelper-compilation-targets cache-miss
868 http cache https://registry.npmjs.org/@babel%2fparser 8ms (cache hit)
869 silly packumentCache full:https://registry.npmjs.org/@babel%2fparser set size:735431 disposed:false
870 silly fetch manifest @babel/plugin-transform-for-of@^7.24.7
871 silly packumentCache full:https://registry.npmjs.org/@babel%2fplugin-transform-for-of cache-miss
872 http cache https://registry.npmjs.org/@babel%2fcode-frame 11ms (cache hit)
873 silly packumentCache full:https://registry.npmjs.org/@babel%2fcode-frame set size:206617 disposed:false
874 silly fetch manifest @babel/plugin-transform-classes@^7.25.4
875 silly packumentCache full:https://registry.npmjs.org/@babel%2fplugin-transform-classes cache-miss
876 http cache https://registry.npmjs.org/@babel%2ftraverse 12ms (cache hit)
877 silly packumentCache full:https://registry.npmjs.org/@babel%2ftraverse set size:562384 disposed:false
878 silly fetch manifest @babel/plugin-transform-runtime@^7.24.7
879 silly packumentCache full:https://registry.npmjs.org/@babel%2fplugin-transform-runtime cache-miss
880 http cache https://registry.npmjs.org/@babel%2fgenerator 17ms (cache hit)
881 silly packumentCache full:https://registry.npmjs.org/@babel%2fgenerator set size:520504 disposed:false
882 silly fetch manifest @babel/plugin-transform-react-jsx@^7.25.2
883 silly packumentCache full:https://registry.npmjs.org/@babel%2fplugin-transform-react-jsx cache-miss
884 http cache https://registry.npmjs.org/@babel%2fhelpers 19ms (cache hit)
885 silly packumentCache full:https://registry.npmjs.org/@babel%2fhelpers set size:398496 disposed:false
886 silly fetch manifest babel-plugin-transform-flow-enums@^0.0.2
887 silly packumentCache full:https://registry.npmjs.org/babel-plugin-transform-flow-enums cache-miss
888 http cache https://registry.npmjs.org/@babel%2ftemplate 21ms (cache hit)
889 silly packumentCache full:https://registry.npmjs.org/@babel%2ftemplate set size:237074 disposed:false
890 silly fetch manifest @babel/plugin-transform-typescript@^7.25.2
891 silly packumentCache full:https://registry.npmjs.org/@babel%2fplugin-transform-typescript cache-miss
892 http cache https://registry.npmjs.org/@babel%2fplugin-transform-classes 11ms (cache hit)
893 silly packumentCache full:https://registry.npmjs.org/@babel%2fplugin-transform-classes set size:340016 disposed:false
894 silly fetch manifest @react-native/babel-plugin-codegen@0.86.2
895 silly packumentCache full:https://registry.npmjs.org/@react-native%2fbabel-plugin-codegen cache-miss
896 http cache https://registry.npmjs.org/@babel%2fhelper-compilation-targets 17ms (cache hit)
897 silly packumentCache full:https://registry.npmjs.org/@babel%2fhelper-compilation-targets set size:229541 disposed:false
898 silly fetch manifest @babel/plugin-syntax-dynamic-import@^7.8.3
899 silly packumentCache full:https://registry.npmjs.org/@babel%2fplugin-syntax-dynamic-import cache-miss
900 http fetch GET 200 https://registry.npmjs.org/@jridgewell%2fremapping 88ms (cache miss)
901 silly packumentCache full:https://registry.npmjs.org/@jridgewell%2fremapping set size:undefined disposed:false
902 silly fetch manifest @babel/plugin-transform-regenerator@^7.24.7
903 silly packumentCache full:https://registry.npmjs.org/@babel%2fplugin-transform-regenerator cache-miss
904 http fetch GET 200 https://registry.npmjs.org/@babel%2fhelper-module-transforms 89ms (cache miss)
905 silly packumentCache full:https://registry.npmjs.org/@babel%2fhelper-module-transforms set size:undefined disposed:false
906 silly fetch manifest @babel/plugin-transform-block-scoping@^7.25.0
907 silly packumentCache full:https://registry.npmjs.org/@babel%2fplugin-transform-block-scoping cache-miss
908 http fetch GET 200 https://registry.npmjs.org/babel-plugin-transform-flow-enums 90ms (cache miss)
909 silly packumentCache full:https://registry.npmjs.org/babel-plugin-transform-flow-enums set size:undefined disposed:false
910 silly fetch manifest @babel/plugin-transform-destructuring@^7.24.8
911 silly packumentCache full:https://registry.npmjs.org/@babel%2fplugin-transform-destructuring cache-miss
912 http fetch GET 200 https://registry.npmjs.org/@babel%2fplugin-syntax-dynamic-import 86ms (cache miss)
913 silly packumentCache full:https://registry.npmjs.org/@babel%2fplugin-syntax-dynamic-import set size:undefined disposed:false
914 silly fetch manifest @babel/plugin-transform-unicode-regex@^7.24.7
915 silly packumentCache full:https://registry.npmjs.org/@babel%2fplugin-transform-unicode-regex cache-miss
916 http fetch GET 200 https://registry.npmjs.org/@babel%2fplugin-transform-react-jsx 95ms (cache miss)
917 silly packumentCache full:https://registry.npmjs.org/@babel%2fplugin-transform-react-jsx set size:undefined disposed:false
918 silly fetch manifest @babel/plugin-syntax-optional-chaining@^7.8.3
919 silly packumentCache full:https://registry.npmjs.org/@babel%2fplugin-syntax-optional-chaining cache-miss
920 http cache https://registry.npmjs.org/@babel%2fplugin-transform-unicode-regex 3ms (cache hit)
921 silly packumentCache full:https://registry.npmjs.org/@babel%2fplugin-transform-unicode-regex set size:220918 disposed:false
922 silly fetch manifest @babel/plugin-transform-react-jsx-self@^7.24.7
923 silly packumentCache full:https://registry.npmjs.org/@babel%2fplugin-transform-react-jsx-self cache-miss
924 http fetch GET 200 https://registry.npmjs.org/@babel%2fplugin-transform-for-of 105ms (cache miss)
925 silly packumentCache full:https://registry.npmjs.org/@babel%2fplugin-transform-for-of set size:undefined disposed:false
926 silly fetch manifest @babel/plugin-transform-private-methods@^7.24.7
927 silly packumentCache full:https://registry.npmjs.org/@babel%2fplugin-transform-private-methods cache-miss
928 http fetch GET 200 https://registry.npmjs.org/@babel%2fplugin-transform-runtime 103ms (cache miss)
929 silly packumentCache full:https://registry.npmjs.org/@babel%2fplugin-transform-runtime set size:undefined disposed:false
930 silly fetch manifest @babel/plugin-syntax-export-default-from@^7.24.7
931 silly packumentCache full:https://registry.npmjs.org/@babel%2fplugin-syntax-export-default-from cache-miss
932 http fetch GET 200 https://registry.npmjs.org/@babel%2fplugin-transform-typescript 126ms (cache miss)
933 silly packumentCache full:https://registry.npmjs.org/@babel%2fplugin-transform-typescript set size:undefined disposed:false
934 silly fetch manifest @babel/plugin-transform-class-properties@^7.25.4
935 silly packumentCache full:https://registry.npmjs.org/@babel%2fplugin-transform-class-properties cache-miss
936 http cache https://registry.npmjs.org/@babel%2fplugin-transform-class-properties 2ms (cache hit)
937 silly packumentCache full:https://registry.npmjs.org/@babel%2fplugin-transform-class-properties set size:95240 disposed:false
938 silly fetch manifest @babel/plugin-transform-flow-strip-types@^7.25.2
939 silly packumentCache full:https://registry.npmjs.org/@babel%2fplugin-transform-flow-strip-types cache-miss
940 http fetch GET 200 https://registry.npmjs.org/@babel%2fplugin-transform-block-scoping 81ms (cache miss)
941 silly packumentCache full:https://registry.npmjs.org/@babel%2fplugin-transform-block-scoping set size:undefined disposed:false
942 silly fetch manifest @babel/plugin-transform-modules-commonjs@^7.24.8
943 silly packumentCache full:https://registry.npmjs.org/@babel%2fplugin-transform-modules-commonjs cache-miss
944 http fetch GET 200 https://registry.npmjs.org/@babel%2fplugin-syntax-optional-chaining 72ms (cache miss)
945 silly packumentCache full:https://registry.npmjs.org/@babel%2fplugin-syntax-optional-chaining set size:undefined disposed:false
946 silly fetch manifest @babel/plugin-transform-react-jsx-source@^7.24.7
947 silly packumentCache full:https://registry.npmjs.org/@babel%2fplugin-transform-react-jsx-source cache-miss
948 http fetch GET 200 https://registry.npmjs.org/@babel%2fplugin-transform-private-methods 70ms (cache miss)
949 silly packumentCache full:https://registry.npmjs.org/@babel%2fplugin-transform-private-methods set size:undefined disposed:false
950 silly fetch manifest @babel/plugin-transform-optional-chaining@^7.24.8
951 silly packumentCache full:https://registry.npmjs.org/@babel%2fplugin-transform-optional-chaining cache-miss
952 http fetch GET 200 https://registry.npmjs.org/@babel%2fplugin-transform-destructuring 78ms (cache miss)
953 silly packumentCache full:https://registry.npmjs.org/@babel%2fplugin-transform-destructuring set size:undefined disposed:false
954 silly fetch manifest @babel/plugin-proposal-export-default-from@^7.24.7
955 silly packumentCache full:https://registry.npmjs.org/@babel%2fplugin-proposal-export-default-from cache-miss
956 http cache https://registry.npmjs.org/@babel%2fplugin-transform-optional-chaining 2ms (cache hit)
957 silly packumentCache full:https://registry.npmjs.org/@babel%2fplugin-transform-optional-chaining set size:118753 disposed:false
958 silly fetch manifest @babel/plugin-transform-async-to-generator@^7.24.7
959 silly packumentCache full:https://registry.npmjs.org/@babel%2fplugin-transform-async-to-generator cache-miss
960 http fetch GET 200 https://registry.npmjs.org/@babel%2fplugin-syntax-export-default-from 74ms (cache miss)
961 silly packumentCache full:https://registry.npmjs.org/@babel%2fplugin-syntax-export-default-from set size:undefined disposed:false
962 silly fetch manifest @babel/plugin-transform-react-display-name@^7.24.7
963 silly packumentCache full:https://registry.npmjs.org/@babel%2fplugin-transform-react-display-name cache-miss
964 http fetch GET 200 https://registry.npmjs.org/@babel%2fplugin-transform-react-jsx-self 87ms (cache miss)
965 silly packumentCache full:https://registry.npmjs.org/@babel%2fplugin-transform-react-jsx-self set size:undefined disposed:false
966 silly fetch manifest @babel/plugin-transform-optional-catch-binding@^7.24.7
967 silly packumentCache full:https://registry.npmjs.org/@babel%2fplugin-transform-optional-catch-binding cache-miss
968 http fetch GET 200 https://registry.npmjs.org/@react-native%2fbabel-plugin-codegen 188ms (cache miss)
969 silly packumentCache full:https://registry.npmjs.org/@react-native%2fbabel-plugin-codegen set size:undefined disposed:false
970 silly fetch manifest @babel/plugin-syntax-nullish-coalescing-operator@^7.8.3
971 silly packumentCache full:https://registry.npmjs.org/@babel%2fplugin-syntax-nullish-coalescing-operator cache-miss
972 http fetch GET 200 https://registry.npmjs.org/@babel%2fplugin-transform-flow-strip-types 110ms (cache miss)
973 silly packumentCache full:https://registry.npmjs.org/@babel%2fplugin-transform-flow-strip-types set size:undefined disposed:false
974 silly fetch manifest @babel/plugin-transform-async-generator-functions@^7.25.4
975 silly packumentCache full:https://registry.npmjs.org/@babel%2fplugin-transform-async-generator-functions cache-miss
976 http fetch GET 200 https://registry.npmjs.org/@babel%2fplugin-proposal-export-default-from 73ms (cache miss)
977 silly packumentCache full:https://registry.npmjs.org/@babel%2fplugin-proposal-export-default-from set size:undefined disposed:false
978 silly fetch manifest @babel/plugin-transform-private-property-in-object@^7.24.7
979 silly packumentCache full:https://registry.npmjs.org/@babel%2fplugin-transform-private-property-in-object cache-miss
980 http fetch GET 200 https://registry.npmjs.org/@babel%2fplugin-transform-react-jsx-source 75ms (cache miss)
981 silly packumentCache full:https://registry.npmjs.org/@babel%2fplugin-transform-react-jsx-source set size:undefined disposed:false
982 silly fetch manifest @babel/plugin-transform-nullish-coalescing-operator@^7.24.7
983 silly packumentCache full:https://registry.npmjs.org/@babel%2fplugin-transform-nullish-coalescing-operator cache-miss
984 http cache https://registry.npmjs.org/@babel%2fplugin-transform-nullish-coalescing-operator 1ms (cache hit)
985 silly packumentCache full:https://registry.npmjs.org/@babel%2fplugin-transform-nullish-coalescing-operator set size:100915 disposed:false
986 silly fetch manifest @babel/plugin-transform-named-capturing-groups-regex@^7.24.7
987 silly packumentCache full:https://registry.npmjs.org/@babel%2fplugin-transform-named-capturing-groups-regex cache-miss
988 http fetch GET 200 https://registry.npmjs.org/@babel%2fplugin-transform-async-to-generator 75ms (cache miss)
989 silly packumentCache full:https://registry.npmjs.org/@babel%2fplugin-transform-async-to-generator set size:undefined disposed:false
990 silly fetch manifest hermes-estree@0.36.0
991 silly packumentCache full:https://registry.npmjs.org/hermes-estree cache-miss
992 http fetch GET 200 https://registry.npmjs.org/@babel%2fplugin-transform-react-display-name 76ms (cache miss)
993 silly packumentCache full:https://registry.npmjs.org/@babel%2fplugin-transform-react-display-name set size:undefined disposed:false
994 http fetch GET 200 https://registry.npmjs.org/@babel%2fplugin-transform-optional-catch-binding 100ms (cache miss)
995 silly packumentCache full:https://registry.npmjs.org/@babel%2fplugin-transform-optional-catch-binding set size:undefined disposed:false
996 http fetch GET 200 https://registry.npmjs.org/@babel%2fplugin-syntax-nullish-coalescing-operator 102ms (cache miss)
997 silly packumentCache full:https://registry.npmjs.org/@babel%2fplugin-syntax-nullish-coalescing-operator set size:undefined disposed:false
998 http fetch GET 200 https://registry.npmjs.org/@babel%2fplugin-transform-private-property-in-object 72ms (cache miss)
999 silly packumentCache full:https://registry.npmjs.org/@babel%2fplugin-transform-private-property-in-object set size:undefined disposed:false
1000 http fetch GET 200 https://registry.npmjs.org/hermes-estree 68ms (cache miss)
1001 silly packumentCache full:https://registry.npmjs.org/hermes-estree set size:undefined disposed:false
1002 http fetch GET 200 https://registry.npmjs.org/@babel%2fplugin-transform-named-capturing-groups-regex 77ms (cache miss)
1003 silly packumentCache full:https://registry.npmjs.org/@babel%2fplugin-transform-named-capturing-groups-regex set size:undefined disposed:false
1004 http fetch GET 200 https://registry.npmjs.org/@babel%2fplugin-transform-async-generator-functions 112ms (cache miss)
1005 silly packumentCache full:https://registry.npmjs.org/@babel%2fplugin-transform-async-generator-functions set size:undefined disposed:false
1006 http fetch GET 200 https://registry.npmjs.org/@babel%2fplugin-transform-modules-commonjs 259ms (cache miss)
1007 silly packumentCache full:https://registry.npmjs.org/@babel%2fplugin-transform-modules-commonjs set size:undefined disposed:false
1008 http fetch GET 200 https://registry.npmjs.org/@babel%2fplugin-transform-regenerator 425ms (cache miss)
1009 silly packumentCache full:https://registry.npmjs.org/@babel%2fplugin-transform-regenerator set size:undefined disposed:false
1010 silly placeDep node_modules/@react-native/babel-preset @babel/core@7.29.7 OK for: @react-native/babel-preset@0.86.2 want: ^7.25.2
1011 silly placeDep ROOT @babel/plugin-proposal-export-default-from@7.29.7 OK for: @react-native/babel-preset@0.86.2 want: ^7.24.7
1012 silly placeDep ROOT @babel/core@7.29.7 REPLACE for: @babel/plugin-proposal-export-default-from@7.29.7 want: ^7.0.0-0
1013 silly placeDep ROOT @babel/plugin-syntax-dynamic-import@7.8.3 OK for: @react-native/babel-preset@0.86.2 want: ^7.8.3
1014 silly placeDep ROOT @babel/plugin-syntax-export-default-from@7.29.7 OK for: @react-native/babel-preset@0.86.2 want: ^7.24.7
1015 silly placeDep ROOT @babel/plugin-syntax-nullish-coalescing-operator@7.8.3 OK for: @react-native/babel-preset@0.86.2 want: ^7.8.3
1016 silly placeDep ROOT @babel/plugin-syntax-optional-chaining@7.8.3 OK for: @react-native/babel-preset@0.86.2 want: ^7.8.3
1017 silly placeDep ROOT @babel/plugin-transform-async-generator-functions@7.29.7 OK for: @react-native/babel-preset@0.86.2 want: ^7.25.4
1018 silly placeDep ROOT @babel/plugin-transform-async-to-generator@7.29.7 OK for: @react-native/babel-preset@0.86.2 want: ^7.24.7
1019 silly placeDep ROOT @babel/plugin-transform-block-scoping@7.29.7 OK for: @react-native/babel-preset@0.86.2 want: ^7.25.0
1020 silly placeDep ROOT @babel/plugin-transform-class-properties@7.29.7 OK for: @react-native/babel-preset@0.86.2 want: ^7.25.4
1021 silly placeDep ROOT @babel/plugin-transform-classes@7.29.7 OK for: @react-native/babel-preset@0.86.2 want: ^7.25.4
1022 silly placeDep ROOT @babel/plugin-transform-destructuring@7.29.7 OK for: @react-native/babel-preset@0.86.2 want: ^7.24.8
1023 silly placeDep ROOT @babel/plugin-transform-flow-strip-types@7.29.7 OK for: @react-native/babel-preset@0.86.2 want: ^7.25.2
1024 silly placeDep ROOT @babel/plugin-transform-for-of@7.29.7 OK for: @react-native/babel-preset@0.86.2 want: ^7.24.7
1025 silly placeDep ROOT @babel/plugin-transform-modules-commonjs@7.29.7 OK for: @react-native/babel-preset@0.86.2 want: ^7.24.8
1026 silly placeDep ROOT @babel/plugin-transform-named-capturing-groups-regex@7.29.7 OK for: @react-native/babel-preset@0.86.2 want: ^7.24.7
1027 silly placeDep ROOT @babel/plugin-transform-nullish-coalescing-operator@7.29.7 OK for: @react-native/babel-preset@0.86.2 want: ^7.24.7
1028 silly placeDep ROOT @babel/plugin-transform-optional-catch-binding@7.29.7 OK for: @react-native/babel-preset@0.86.2 want: ^7.24.7
1029 silly placeDep ROOT @babel/plugin-transform-optional-chaining@7.29.7 OK for: @react-native/babel-preset@0.86.2 want: ^7.24.8
1030 silly placeDep ROOT @babel/plugin-transform-private-methods@7.29.7 OK for: @react-native/babel-preset@0.86.2 want: ^7.24.7
1031 silly placeDep ROOT @babel/plugin-transform-private-property-in-object@7.29.7 OK for: @react-native/babel-preset@0.86.2 want: ^7.24.7
1032 silly placeDep ROOT @babel/plugin-transform-react-display-name@7.29.7 OK for: @react-native/babel-preset@0.86.2 want: ^7.24.7
1033 silly placeDep ROOT @babel/plugin-transform-react-jsx@7.29.7 OK for: @react-native/babel-preset@0.86.2 want: ^7.25.2
1034 silly placeDep ROOT @babel/plugin-transform-react-jsx-self@7.29.7 OK for: @react-native/babel-preset@0.86.2 want: ^7.24.7
1035 silly placeDep ROOT @babel/plugin-transform-react-jsx-source@7.29.7 OK for: @react-native/babel-preset@0.86.2 want: ^7.24.7
1036 silly placeDep ROOT @babel/plugin-transform-regenerator@7.29.7 OK for: @react-native/babel-preset@0.86.2 want: ^7.24.7
1037 silly placeDep ROOT @babel/plugin-transform-runtime@7.29.7 OK for: @react-native/babel-preset@0.86.2 want: ^7.24.7
1038 silly placeDep ROOT @babel/plugin-transform-typescript@7.29.7 OK for: @react-native/babel-preset@0.86.2 want: ^7.25.2
1039 silly placeDep ROOT @babel/plugin-transform-unicode-regex@7.29.7 OK for: @react-native/babel-preset@0.86.2 want: ^7.24.7
1040 silly placeDep ROOT @react-native/babel-plugin-codegen@0.86.2 OK for: @react-native/babel-preset@0.86.2 want: 0.86.2
1041 silly placeDep ROOT babel-plugin-syntax-hermes-parser@0.36.0 OK for: @react-native/babel-preset@0.86.2 want: 0.36.0
1042 silly placeDep ROOT babel-plugin-transform-flow-enums@0.0.2 OK for: @react-native/babel-preset@0.86.2 want: ^0.0.2
1043 silly placeDep ROOT react-refresh@0.14.2 OK for: @react-native/babel-preset@0.86.2 want: ^0.14.0
1044 silly fetch manifest @babel/helper-plugin-utils@^7.29.7
1045 silly packumentCache full:https://registry.npmjs.org/@babel%2fhelper-plugin-utils cache-miss
1046 silly fetch manifest @babel/helper-plugin-utils@^7.8.0
1047 silly packumentCache full:https://registry.npmjs.org/@babel%2fhelper-plugin-utils cache-miss
1048 silly fetch manifest @babel/helper-plugin-utils@^7.29.7
1049 silly packumentCache full:https://registry.npmjs.org/@babel%2fhelper-plugin-utils cache-miss
1050 silly fetch manifest @babel/helper-plugin-utils@^7.8.0
1051 silly packumentCache full:https://registry.npmjs.org/@babel%2fhelper-plugin-utils cache-miss
1052 silly fetch manifest @babel/helper-plugin-utils@^7.8.0
1053 silly packumentCache full:https://registry.npmjs.org/@babel%2fhelper-plugin-utils cache-miss
1054 silly fetch manifest @babel/helper-plugin-utils@^7.29.7
1055 silly packumentCache full:https://registry.npmjs.org/@babel%2fhelper-plugin-utils cache-miss
1056 silly fetch manifest @babel/helper-remap-async-to-generator@^7.29.7
1057 silly packumentCache full:https://registry.npmjs.org/@babel%2fhelper-remap-async-to-generator cache-miss
1058 silly fetch manifest @babel/helper-plugin-utils@^7.29.7
1059 silly packumentCache full:https://registry.npmjs.org/@babel%2fhelper-plugin-utils cache-miss
1060 silly fetch manifest @babel/helper-module-imports@^7.29.7
1061 silly packumentCache full:https://registry.npmjs.org/@babel%2fhelper-module-imports cache-miss
1062 http fetch GET 200 https://registry.npmjs.org/@babel%2fhelper-plugin-utils 82ms (cache miss)
1063 silly packumentCache full:https://registry.npmjs.org/@babel%2fhelper-plugin-utils set size:undefined disposed:false
1064 silly fetch manifest @babel/helper-remap-async-to-generator@^7.29.7
1065 silly packumentCache full:https://registry.npmjs.org/@babel%2fhelper-remap-async-to-generator cache-miss
1066 http fetch GET 200 https://registry.npmjs.org/@babel%2fhelper-plugin-utils 83ms (cache miss)
1067 silly packumentCache full:https://registry.npmjs.org/@babel%2fhelper-plugin-utils set size:undefined disposed:false
1068 silly fetch manifest @babel/helper-create-class-features-plugin@^7.29.7
1069 silly packumentCache full:https://registry.npmjs.org/@babel%2fhelper-create-class-features-plugin cache-miss
1070 http fetch GET 200 https://registry.npmjs.org/@babel%2fhelper-plugin-utils 85ms (cache miss)
1071 silly packumentCache full:https://registry.npmjs.org/@babel%2fhelper-plugin-utils set size:undefined disposed:false
1072 silly fetch manifest @babel/helper-globals@^7.29.7
1073 silly packumentCache full:https://registry.npmjs.org/@babel%2fhelper-globals cache-miss
1074 http fetch GET 200 https://registry.npmjs.org/@babel%2fhelper-plugin-utils 86ms (cache miss)
1075 silly packumentCache full:https://registry.npmjs.org/@babel%2fhelper-plugin-utils set size:undefined disposed:false
1076 silly fetch manifest @babel/helper-replace-supers@^7.29.7
1077 silly packumentCache full:https://registry.npmjs.org/@babel%2fhelper-replace-supers cache-miss
1078 http cache https://registry.npmjs.org/@babel%2fhelper-globals 2ms (cache hit)
1079 silly packumentCache full:https://registry.npmjs.org/@babel%2fhelper-globals set size:25155 disposed:false
1080 silly fetch manifest @babel/helper-annotate-as-pure@^7.29.7
1081 silly packumentCache full:https://registry.npmjs.org/@babel%2fhelper-annotate-as-pure cache-miss
1082 http fetch GET 200 https://registry.npmjs.org/@babel%2fhelper-plugin-utils 89ms (cache miss)
1083 silly packumentCache full:https://registry.npmjs.org/@babel%2fhelper-plugin-utils set size:undefined disposed:false
1084 silly fetch manifest @babel/plugin-syntax-flow@^7.29.7
1085 silly packumentCache full:https://registry.npmjs.org/@babel%2fplugin-syntax-flow cache-miss
1086 http fetch GET 200 https://registry.npmjs.org/@babel%2fhelper-plugin-utils 91ms (cache miss)
1087 silly packumentCache full:https://registry.npmjs.org/@babel%2fhelper-plugin-utils set size:undefined disposed:false
1088 silly fetch manifest @babel/helper-skip-transparent-expression-wrappers@^7.29.7
1089 silly packumentCache full:https://registry.npmjs.org/@babel%2fhelper-skip-transparent-expression-wrappers cache-miss
1090 http fetch GET 200 https://registry.npmjs.org/@babel%2fhelper-plugin-utils 105ms (cache miss)
1091 silly packumentCache full:https://registry.npmjs.org/@babel%2fhelper-plugin-utils set size:undefined disposed:false
1092 silly fetch manifest @babel/helper-create-regexp-features-plugin@^7.29.7
1093 silly packumentCache full:https://registry.npmjs.org/@babel%2fhelper-create-regexp-features-plugin cache-miss
1094 http fetch GET 200 https://registry.npmjs.org/@babel%2fhelper-remap-async-to-generator 106ms (cache miss)
1095 silly packumentCache full:https://registry.npmjs.org/@babel%2fhelper-remap-async-to-generator set size:undefined disposed:false
1096 silly fetch manifest @babel/helper-skip-transparent-expression-wrappers@^7.29.7
1097 silly packumentCache full:https://registry.npmjs.org/@babel%2fhelper-skip-transparent-expression-wrappers cache-miss
1098 http fetch GET 200 https://registry.npmjs.org/@babel%2fhelper-remap-async-to-generator 86ms (cache miss)
1099 silly packumentCache full:https://registry.npmjs.org/@babel%2fhelper-remap-async-to-generator set size:undefined disposed:false
1100 silly fetch manifest @babel/helper-create-class-features-plugin@^7.29.7
1101 silly packumentCache full:https://registry.npmjs.org/@babel%2fhelper-create-class-features-plugin cache-miss
1102 http fetch GET 200 https://registry.npmjs.org/@babel%2fhelper-annotate-as-pure 85ms (cache miss)
1103 silly packumentCache full:https://registry.npmjs.org/@babel%2fhelper-annotate-as-pure set size:undefined disposed:false
1104 silly fetch manifest @babel/helper-create-class-features-plugin@^7.29.7
1105 silly packumentCache full:https://registry.npmjs.org/@babel%2fhelper-create-class-features-plugin cache-miss
1106 http fetch GET 200 https://registry.npmjs.org/@babel%2fplugin-syntax-flow 86ms (cache miss)
1107 silly packumentCache full:https://registry.npmjs.org/@babel%2fplugin-syntax-flow set size:undefined disposed:false
1108 silly fetch manifest @babel/plugin-syntax-jsx@^7.29.7
1109 silly packumentCache full:https://registry.npmjs.org/@babel%2fplugin-syntax-jsx cache-miss
1110 http fetch GET 200 https://registry.npmjs.org/@babel%2fhelper-replace-supers 89ms (cache miss)
1111 silly packumentCache full:https://registry.npmjs.org/@babel%2fhelper-replace-supers set size:undefined disposed:false
1112 silly fetch manifest @babel/helper-module-imports@^7.29.7
1113 silly packumentCache full:https://registry.npmjs.org/@babel%2fhelper-module-imports cache-miss
1114 http fetch GET 200 https://registry.npmjs.org/@babel%2fhelper-create-class-features-plugin 94ms (cache miss)
1115 silly packumentCache full:https://registry.npmjs.org/@babel%2fhelper-create-class-features-plugin set size:undefined disposed:false
1116 silly fetch manifest @babel/helper-module-imports@^7.29.7
1117 silly packumentCache full:https://registry.npmjs.org/@babel%2fhelper-module-imports cache-miss
1118 http fetch GET 200 https://registry.npmjs.org/@babel%2fhelper-skip-transparent-expression-wrappers 90ms (cache miss)
1119 silly packumentCache full:https://registry.npmjs.org/@babel%2fhelper-skip-transparent-expression-wrappers set size:undefined disposed:false
1120 silly fetch manifest babel-plugin-polyfill-corejs2@^0.4.14
1121 silly packumentCache full:https://registry.npmjs.org/babel-plugin-polyfill-corejs2 cache-miss
1122 http fetch GET 200 https://registry.npmjs.org/@babel%2fhelper-create-regexp-features-plugin 103ms (cache miss)
1123 silly packumentCache full:https://registry.npmjs.org/@babel%2fhelper-create-regexp-features-plugin set size:undefined disposed:false
1124 silly fetch manifest babel-plugin-polyfill-corejs3@^0.13.0
1125 silly packumentCache full:https://registry.npmjs.org/babel-plugin-polyfill-corejs3 cache-miss
1126 http fetch GET 200 https://registry.npmjs.org/@babel%2fhelper-skip-transparent-expression-wrappers 105ms (cache miss)
1127 silly packumentCache full:https://registry.npmjs.org/@babel%2fhelper-skip-transparent-expression-wrappers set size:undefined disposed:false
1128 silly fetch manifest babel-plugin-polyfill-regenerator@^0.6.5
1129 silly packumentCache full:https://registry.npmjs.org/babel-plugin-polyfill-regenerator cache-miss
1130 http fetch GET 200 https://registry.npmjs.org/@babel%2fhelper-create-class-features-plugin 79ms (cache miss)
1131 silly packumentCache full:https://registry.npmjs.org/@babel%2fhelper-create-class-features-plugin set size:undefined disposed:false
1132 silly fetch manifest @babel/plugin-syntax-typescript@^7.29.7
1133 silly packumentCache full:https://registry.npmjs.org/@babel%2fplugin-syntax-typescript cache-miss
1134 http fetch GET 200 https://registry.npmjs.org/@babel%2fplugin-syntax-jsx 77ms (cache miss)
1135 silly packumentCache full:https://registry.npmjs.org/@babel%2fplugin-syntax-jsx set size:undefined disposed:false
1136 silly fetch manifest @babel/traverse@^7.29.0
1137 silly packumentCache full:https://registry.npmjs.org/@babel%2ftraverse cache-hit
1138 silly fetch manifest @babel/plugin-syntax-flow@^7.12.1
1139 silly packumentCache full:https://registry.npmjs.org/@babel%2fplugin-syntax-flow cache-miss
1140 http fetch GET 200 https://registry.npmjs.org/@babel%2fhelper-create-class-features-plugin 81ms (cache miss)
1141 silly packumentCache full:https://registry.npmjs.org/@babel%2fhelper-create-class-features-plugin set size:undefined disposed:false
1142 http cache https://registry.npmjs.org/@babel%2fplugin-syntax-flow 2ms (cache hit)
1143 silly packumentCache full:https://registry.npmjs.org/@babel%2fplugin-syntax-flow set size:201006 disposed:false
1144 http fetch GET 200 https://registry.npmjs.org/babel-plugin-polyfill-corejs2 85ms (cache miss)
1145 silly packumentCache full:https://registry.npmjs.org/babel-plugin-polyfill-corejs2 set size:undefined disposed:false
1146 http fetch GET 200 https://registry.npmjs.org/@babel%2fhelper-module-imports 105ms (cache miss)
1147 silly packumentCache full:https://registry.npmjs.org/@babel%2fhelper-module-imports set size:undefined disposed:false
1148 http fetch GET 200 https://registry.npmjs.org/@babel%2fhelper-module-imports 105ms (cache miss)
1149 silly packumentCache full:https://registry.npmjs.org/@babel%2fhelper-module-imports set size:undefined disposed:false
1150 http fetch GET 200 https://registry.npmjs.org/@babel%2fhelper-module-imports 288ms (cache miss)
1151 silly packumentCache full:https://registry.npmjs.org/@babel%2fhelper-module-imports set size:undefined disposed:false
1152 http fetch GET 200 https://registry.npmjs.org/babel-plugin-polyfill-regenerator 95ms (cache miss)
1153 silly packumentCache full:https://registry.npmjs.org/babel-plugin-polyfill-regenerator set size:undefined disposed:false
1154 http fetch GET 200 https://registry.npmjs.org/babel-plugin-polyfill-corejs3 100ms (cache miss)
1155 silly packumentCache full:https://registry.npmjs.org/babel-plugin-polyfill-corejs3 set size:undefined disposed:false
1156 http fetch GET 200 https://registry.npmjs.org/@babel%2fplugin-syntax-typescript 71ms (cache miss)
1157 silly packumentCache full:https://registry.npmjs.org/@babel%2fplugin-syntax-typescript set size:undefined disposed:false
1158 silly fetch manifest @babel/core@^7.0.0
1159 silly packumentCache full:https://registry.npmjs.org/@babel%2fcore cache-hit
1160 silly placeDep ROOT @babel/code-frame@7.29.7 OK for: @babel/core@7.29.7 want: ^7.29.7
1161 silly placeDep ROOT @babel/generator@7.29.7 OK for: @babel/core@7.29.7 want: ^7.29.7
1162 silly placeDep ROOT @babel/helper-compilation-targets@7.29.7 OK for: @babel/core@7.29.7 want: ^7.29.7
1163 silly placeDep ROOT @babel/helper-module-transforms@7.29.7 OK for: @babel/core@7.29.7 want: ^7.29.7
1164 silly placeDep ROOT @babel/helpers@7.29.7 OK for: @babel/core@7.29.7 want: ^7.29.7
1165 silly placeDep ROOT @babel/parser@7.29.7 OK for: @babel/core@7.29.7 want: ^7.29.7
1166 silly placeDep ROOT @babel/template@7.29.7 OK for: @babel/core@7.29.7 want: ^7.29.7
1167 silly placeDep ROOT @babel/traverse@7.29.7 OK for: @babel/core@7.29.7 want: ^7.29.7
1168 silly placeDep ROOT @babel/types@7.29.7 OK for: @babel/core@7.29.7 want: ^7.29.7
1169 silly placeDep ROOT @jridgewell/remapping@2.3.5 OK for: @babel/core@7.29.7 want: ^2.3.5
1170 silly placeDep ROOT debug@4.4.3 OK for: @babel/core@7.29.7 want: ^4.1.0
1171 silly placeDep node_modules/@babel/core semver@6.3.1 OK for: @babel/core@7.29.7 want: ^6.3.1
1172 silly fetch manifest js-tokens@^4.0.0
1173 silly packumentCache full:https://registry.npmjs.org/js-tokens cache-miss
1174 silly fetch manifest picocolors@^1.1.1
1175 silly packumentCache full:https://registry.npmjs.org/picocolors cache-miss
1176 silly fetch manifest @babel/helper-validator-identifier@^7.29.7
1177 silly packumentCache full:https://registry.npmjs.org/@babel%2fhelper-validator-identifier cache-hit
1178 silly fetch manifest lru-cache@^5.1.1
1179 silly packumentCache full:https://registry.npmjs.org/lru-cache cache-miss
1180 silly fetch manifest @babel/compat-data@^7.29.7
1181 silly packumentCache full:https://registry.npmjs.org/@babel%2fcompat-data cache-miss
1182 silly fetch manifest @babel/helper-validator-option@^7.29.7
1183 silly packumentCache full:https://registry.npmjs.org/@babel%2fhelper-validator-option cache-miss
1184 silly fetch manifest debug@^4.3.1
1185 silly packumentCache full:https://registry.npmjs.org/debug cache-hit
1186 silly fetch manifest @babel/helper-string-parser@^7.29.7
1187 silly packumentCache full:https://registry.npmjs.org/@babel%2fhelper-string-parser cache-miss
1188 silly fetch manifest @jridgewell/gen-mapping@^0.3.5
1189 silly packumentCache full:https://registry.npmjs.org/@jridgewell%2fgen-mapping cache-miss
1190 silly fetch manifest ms@^2.1.3
1191 silly packumentCache full:https://registry.npmjs.org/ms cache-miss
1192 http cache https://registry.npmjs.org/@babel%2fcompat-data 3ms (cache hit)
1193 silly packumentCache full:https://registry.npmjs.org/@babel%2fcompat-data set size:318807 disposed:false
1194 http cache https://registry.npmjs.org/lru-cache 4ms (cache hit)
1195 silly packumentCache full:https://registry.npmjs.org/lru-cache set size:460407 disposed:false
1196 http cache https://registry.npmjs.org/@babel%2fhelper-validator-option 6ms (cache hit)
1197 silly packumentCache full:https://registry.npmjs.org/@babel%2fhelper-validator-option set size:101303 disposed:false
1198 http cache https://registry.npmjs.org/js-tokens 6ms (cache hit)
1199 silly packumentCache full:https://registry.npmjs.org/js-tokens set size:41947 disposed:false
1200 http cache https://registry.npmjs.org/@jridgewell%2fgen-mapping 5ms (cache hit)
1201 silly packumentCache full:https://registry.npmjs.org/@jridgewell%2fgen-mapping set size:75941 disposed:false
1202 http cache https://registry.npmjs.org/@babel%2fhelper-string-parser 6ms (cache hit)
1203 silly packumentCache full:https://registry.npmjs.org/@babel%2fhelper-string-parser set size:91563 disposed:false
1204 http fetch GET 200 https://registry.npmjs.org/picocolors 67ms (cache miss)
1205 silly packumentCache full:https://registry.npmjs.org/picocolors set size:undefined disposed:false
1206 http fetch GET 200 https://registry.npmjs.org/ms 67ms (cache miss)
1207 silly packumentCache full:https://registry.npmjs.org/ms set size:undefined disposed:false
1208 silly placeDep ROOT @babel/helper-validator-identifier@7.29.7 OK for: @babel/code-frame@7.29.7 want: ^7.29.7
1209 silly placeDep ROOT js-tokens@4.0.0 OK for: @babel/code-frame@7.29.7 want: ^4.0.0
1210 silly placeDep ROOT picocolors@1.1.1 OK for: @babel/code-frame@7.29.7 want: ^1.1.1
1211 silly placeDep ROOT @jridgewell/gen-mapping@0.3.13 OK for: @babel/generator@7.29.7 want: ^0.3.12
1212 silly placeDep ROOT @jridgewell/trace-mapping@0.3.31 OK for: @babel/generator@7.29.7 want: ^0.3.28
1213 silly placeDep ROOT jsesc@3.1.0 OK for: @babel/generator@7.29.7 want: ^3.0.2
1214 silly placeDep ROOT @babel/compat-data@7.29.7 OK for: @babel/helper-compilation-targets@7.29.7 want: ^7.29.7
1215 silly placeDep ROOT @babel/helper-validator-option@7.29.7 OK for: @babel/helper-compilation-targets@7.29.7 want: ^7.29.7
1216 silly placeDep ROOT browserslist@4.28.7 OK for: @babel/helper-compilation-targets@7.29.7 want: ^4.24.0
1217 silly placeDep ROOT lru-cache@5.1.1 OK for: @babel/helper-compilation-targets@7.29.7 want: ^5.1.1
1218 silly placeDep node_modules/@babel/helper-compilation-targets semver@6.3.1 OK for: @babel/helper-compilation-targets@7.29.7 want: ^6.3.1
1219 silly fetch manifest yallist@^3.0.2
1220 silly packumentCache full:https://registry.npmjs.org/yallist cache-miss
1221 http fetch GET 200 https://registry.npmjs.org/yallist 110ms (cache miss)
1222 silly packumentCache full:https://registry.npmjs.org/yallist set size:undefined disposed:false
1223 silly placeDep ROOT @babel/helper-module-imports@7.29.7 OK for: @babel/helper-module-transforms@7.29.7 want: ^7.29.7
1224 silly placeDep ROOT @babel/helper-plugin-utils@7.29.7 OK for: @babel/plugin-proposal-export-default-from@7.29.7 want: ^7.29.7
1225 silly fetch manifest @babel/core@^7.0.0-0
1226 silly packumentCache full:https://registry.npmjs.org/@babel%2fcore cache-hit
1227 silly placeDep ROOT @babel/helper-remap-async-to-generator@7.29.7 OK for: @babel/plugin-transform-async-generator-functions@7.29.7 want: ^7.29.7
1228 silly fetch manifest @babel/helper-wrap-function@^7.29.7
1229 silly packumentCache full:https://registry.npmjs.org/@babel%2fhelper-wrap-function cache-miss
1230 http fetch GET 200 https://registry.npmjs.org/@babel%2fhelper-wrap-function 73ms (cache miss)
1231 silly packumentCache full:https://registry.npmjs.org/@babel%2fhelper-wrap-function set size:undefined disposed:false
1232 silly placeDep ROOT @babel/helper-annotate-as-pure@7.29.7 OK for: @babel/helper-remap-async-to-generator@7.29.7 want: ^7.29.7
1233 silly placeDep ROOT @babel/helper-wrap-function@7.29.7 OK for: @babel/helper-remap-async-to-generator@7.29.7 want: ^7.29.7
1234 silly placeDep ROOT @babel/helper-create-class-features-plugin@7.29.7 OK for: @babel/plugin-transform-class-properties@7.29.7 want: ^7.29.7
1235 silly fetch manifest @babel/helper-optimise-call-expression@^7.29.7
1236 silly packumentCache full:https://registry.npmjs.org/@babel%2fhelper-optimise-call-expression cache-miss
1237 silly fetch manifest @babel/helper-member-expression-to-functions@^7.29.7
1238 silly packumentCache full:https://registry.npmjs.org/@babel%2fhelper-member-expression-to-functions cache-miss
1239 http fetch GET 200 https://registry.npmjs.org/@babel%2fhelper-optimise-call-expression 76ms (cache miss)
1240 silly packumentCache full:https://registry.npmjs.org/@babel%2fhelper-optimise-call-expression set size:undefined disposed:false
1241 http fetch GET 200 https://registry.npmjs.org/@babel%2fhelper-member-expression-to-functions 77ms (cache miss)
1242 silly packumentCache full:https://registry.npmjs.org/@babel%2fhelper-member-expression-to-functions set size:undefined disposed:false
1243 silly placeDep ROOT @babel/helper-member-expression-to-functions@7.29.7 OK for: @babel/helper-create-class-features-plugin@7.29.7 want: ^7.29.7
1244 silly placeDep ROOT @babel/helper-optimise-call-expression@7.29.7 OK for: @babel/helper-create-class-features-plugin@7.29.7 want: ^7.29.7
1245 silly placeDep ROOT @babel/helper-replace-supers@7.29.7 OK for: @babel/helper-create-class-features-plugin@7.29.7 want: ^7.29.7
1246 silly placeDep ROOT @babel/helper-skip-transparent-expression-wrappers@7.29.7 OK for: @babel/helper-create-class-features-plugin@7.29.7 want: ^7.29.7
1247 silly placeDep node_modules/@babel/helper-create-class-features-plugin semver@6.3.1 OK for: @babel/helper-create-class-features-plugin@7.29.7 want: ^6.3.1
1248 silly placeDep ROOT @babel/helper-globals@7.29.7 OK for: @babel/plugin-transform-classes@7.29.7 want: ^7.29.7
1249 silly placeDep ROOT @babel/plugin-syntax-flow@7.29.7 OK for: @babel/plugin-transform-flow-strip-types@7.29.7 want: ^7.29.7
1250 silly placeDep ROOT @babel/helper-create-regexp-features-plugin@7.29.7 OK for: @babel/plugin-transform-named-capturing-groups-regex@7.29.7 want: ^7.29.7
1251 silly fetch manifest regexpu-core@^6.3.1
1252 silly packumentCache full:https://registry.npmjs.org/regexpu-core cache-miss
1253 http fetch GET 200 https://registry.npmjs.org/regexpu-core 91ms (cache miss)
1254 silly packumentCache full:https://registry.npmjs.org/regexpu-core set size:undefined disposed:false
1255 silly placeDep ROOT regexpu-core@6.4.0 OK for: @babel/helper-create-regexp-features-plugin@7.29.7 want: ^6.3.1
1256 silly placeDep node_modules/@babel/helper-create-regexp-features-plugin semver@6.3.1 OK for: @babel/helper-create-regexp-features-plugin@7.29.7 want: ^6.3.1
1257 silly fetch manifest regenerate@^1.4.2
1258 silly packumentCache full:https://registry.npmjs.org/regenerate cache-miss
1259 silly fetch manifest regenerate-unicode-properties@^10.2.2
1260 silly packumentCache full:https://registry.npmjs.org/regenerate-unicode-properties cache-miss
1261 silly fetch manifest regjsgen@^0.8.0
1262 silly packumentCache full:https://registry.npmjs.org/regjsgen cache-miss
1263 silly fetch manifest regjsparser@^0.13.0
1264 silly packumentCache full:https://registry.npmjs.org/regjsparser cache-miss
1265 silly fetch manifest unicode-match-property-ecmascript@^2.0.0
1266 silly packumentCache full:https://registry.npmjs.org/unicode-match-property-ecmascript cache-miss
1267 silly fetch manifest unicode-match-property-value-ecmascript@^2.2.1
1268 silly packumentCache full:https://registry.npmjs.org/unicode-match-property-value-ecmascript cache-miss
1269 http fetch GET 200 https://registry.npmjs.org/regjsgen 72ms (cache miss)
1270 silly packumentCache full:https://registry.npmjs.org/regjsgen set size:undefined disposed:false
1271 http fetch GET 200 https://registry.npmjs.org/unicode-match-property-value-ecmascript 73ms (cache miss)
1272 silly packumentCache full:https://registry.npmjs.org/unicode-match-property-value-ecmascript set size:undefined disposed:false
1273 http fetch GET 200 https://registry.npmjs.org/regenerate-unicode-properties 73ms (cache miss)
1274 silly packumentCache full:https://registry.npmjs.org/regenerate-unicode-properties set size:undefined disposed:false
1275 http fetch GET 200 https://registry.npmjs.org/regjsparser 74ms (cache miss)
1276 silly packumentCache full:https://registry.npmjs.org/regjsparser set size:undefined disposed:false
1277 http fetch GET 200 https://registry.npmjs.org/regenerate 97ms (cache miss)
1278 silly packumentCache full:https://registry.npmjs.org/regenerate set size:undefined disposed:false
1279 http fetch GET 200 https://registry.npmjs.org/unicode-match-property-ecmascript 98ms (cache miss)
1280 silly packumentCache full:https://registry.npmjs.org/unicode-match-property-ecmascript set size:undefined disposed:false
1281 silly placeDep ROOT @babel/plugin-syntax-jsx@7.29.7 OK for: @babel/plugin-transform-react-jsx@7.29.7 want: ^7.29.7
1282 silly placeDep ROOT babel-plugin-polyfill-corejs2@0.4.17 OK for: @babel/plugin-transform-runtime@7.29.7 want: ^0.4.14
1283 silly placeDep ROOT babel-plugin-polyfill-corejs3@0.13.0 OK for: @babel/plugin-transform-runtime@7.29.7 want: ^0.13.0
1284 silly placeDep ROOT babel-plugin-polyfill-regenerator@0.6.8 OK for: @babel/plugin-transform-runtime@7.29.7 want: ^0.6.5
1285 silly placeDep node_modules/@babel/plugin-transform-runtime semver@6.3.1 OK for: @babel/plugin-transform-runtime@7.29.7 want: ^6.3.1
1286 silly fetch manifest @babel/helper-define-polyfill-provider@^0.6.8
1287 silly packumentCache full:https://registry.npmjs.org/@babel%2fhelper-define-polyfill-provider cache-miss
1288 silly fetch manifest core-js-compat@^3.43.0
1289 silly packumentCache full:https://registry.npmjs.org/core-js-compat cache-miss
1290 silly fetch manifest @babel/helper-define-polyfill-provider@^0.6.5
1291 silly packumentCache full:https://registry.npmjs.org/@babel%2fhelper-define-polyfill-provider cache-miss
1292 silly fetch manifest @babel/helper-define-polyfill-provider@^0.6.8
1293 silly packumentCache full:https://registry.npmjs.org/@babel%2fhelper-define-polyfill-provider cache-miss
1294 http fetch GET 200 https://registry.npmjs.org/@babel%2fhelper-define-polyfill-provider 74ms (cache miss)
1295 silly packumentCache full:https://registry.npmjs.org/@babel%2fhelper-define-polyfill-provider set size:undefined disposed:false
1296 http fetch GET 200 https://registry.npmjs.org/@babel%2fhelper-define-polyfill-provider 74ms (cache miss)
1297 silly packumentCache full:https://registry.npmjs.org/@babel%2fhelper-define-polyfill-provider set size:undefined disposed:false
1298 http fetch GET 200 https://registry.npmjs.org/@babel%2fhelper-define-polyfill-provider 96ms (cache miss)
1299 silly packumentCache full:https://registry.npmjs.org/@babel%2fhelper-define-polyfill-provider set size:undefined disposed:false
1300 http fetch GET 200 https://registry.npmjs.org/core-js-compat 249ms (cache miss)
1301 silly packumentCache full:https://registry.npmjs.org/core-js-compat set size:undefined disposed:false
1302 silly placeDep ROOT @babel/plugin-syntax-typescript@7.29.7 OK for: @babel/plugin-transform-typescript@7.29.7 want: ^7.29.7
1303 silly placeDep ROOT @babel/helper-string-parser@7.29.7 OK for: @babel/types@7.29.7 want: ^7.29.7
1304 silly placeDep ROOT @jridgewell/sourcemap-codec@1.5.5 OK for: @jridgewell/gen-mapping@0.3.13 want: ^1.5.0
1305 silly placeDep ROOT @jridgewell/resolve-uri@3.1.2 OK for: @jridgewell/trace-mapping@0.3.31 want: ^3.1.0
1306 silly placeDep ROOT @react-native/codegen@0.86.2 OK for: @react-native/babel-plugin-codegen@0.86.2 want: 0.86.2
1307 silly placeDep ROOT invariant@2.2.4 OK for: @react-native/codegen@0.86.2 want: ^2.2.4
1308 silly placeDep ROOT tinyglobby@0.2.17 OK for: @react-native/codegen@0.86.2 want: ^0.2.15
1309 silly placeDep ROOT yargs@17.7.3 OK for: @react-native/codegen@0.86.2 want: ^17.6.2
1310 silly fetch manifest loose-envify@^1.0.0
1311 silly packumentCache full:https://registry.npmjs.org/loose-envify cache-miss
1312 silly fetch manifest fdir@^6.5.0
1313 silly packumentCache full:https://registry.npmjs.org/fdir cache-miss
1314 silly fetch manifest picomatch@^4.0.4
1315 silly packumentCache full:https://registry.npmjs.org/picomatch cache-miss
1316 silly fetch manifest y18n@^5.0.5
1317 silly packumentCache full:https://registry.npmjs.org/y18n cache-miss
1318 silly fetch manifest cliui@^8.0.1
1319 silly packumentCache full:https://registry.npmjs.org/cliui cache-miss
1320 silly fetch manifest escalade@^3.1.1
1321 silly packumentCache full:https://registry.npmjs.org/escalade cache-miss
1322 silly fetch manifest string-width@^4.2.3
1323 silly packumentCache full:https://registry.npmjs.org/string-width cache-miss
1324 silly fetch manifest yargs-parser@^21.1.1
1325 silly packumentCache full:https://registry.npmjs.org/yargs-parser cache-miss
1326 silly fetch manifest get-caller-file@^2.0.5
1327 silly packumentCache full:https://registry.npmjs.org/get-caller-file cache-miss
1328 http fetch GET 200 https://registry.npmjs.org/get-caller-file 79ms (cache miss)
1329 silly packumentCache full:https://registry.npmjs.org/get-caller-file set size:undefined disposed:false
1330 silly fetch manifest require-directory@^2.1.1
1331 silly packumentCache full:https://registry.npmjs.org/require-directory cache-miss
1332 http fetch GET 200 https://registry.npmjs.org/escalade 81ms (cache miss)
1333 silly packumentCache full:https://registry.npmjs.org/escalade set size:undefined disposed:false
1334 http fetch GET 200 https://registry.npmjs.org/string-width 81ms (cache miss)
1335 silly packumentCache full:https://registry.npmjs.org/string-width set size:undefined disposed:false
1336 http fetch GET 200 https://registry.npmjs.org/y18n 82ms (cache miss)
1337 silly packumentCache full:https://registry.npmjs.org/y18n set size:undefined disposed:false
1338 http fetch GET 200 https://registry.npmjs.org/fdir 83ms (cache miss)
1339 silly packumentCache full:https://registry.npmjs.org/fdir set size:undefined disposed:false
1340 http fetch GET 200 https://registry.npmjs.org/picomatch 83ms (cache miss)
1341 silly packumentCache full:https://registry.npmjs.org/picomatch set size:undefined disposed:false
1342 http fetch GET 200 https://registry.npmjs.org/cliui 92ms (cache miss)
1343 silly packumentCache full:https://registry.npmjs.org/cliui set size:undefined disposed:false
1344 http fetch GET 200 https://registry.npmjs.org/yargs-parser 106ms (cache miss)
1345 silly packumentCache full:https://registry.npmjs.org/yargs-parser set size:undefined disposed:false
1346 http fetch GET 200 https://registry.npmjs.org/require-directory 71ms (cache miss)
1347 silly packumentCache full:https://registry.npmjs.org/require-directory set size:undefined disposed:false
1348 http fetch GET 200 https://registry.npmjs.org/loose-envify 510ms (cache miss)
1349 silly packumentCache full:https://registry.npmjs.org/loose-envify set size:undefined disposed:false
1350 silly placeDep ROOT csstype@3.2.3 OK for: @types/react@19.2.17 want: ^3.2.2
1351 silly fetch manifest @babel/core@^7.4.0 || ^8.0.0-0 <8.0.0
1352 silly packumentCache full:https://registry.npmjs.org/@babel%2fcore cache-hit
1353 silly placeDep ROOT @babel/helper-define-polyfill-provider@0.6.8 OK for: babel-plugin-polyfill-corejs2@0.4.17 want: ^0.6.8
1354 silly placeDep node_modules/babel-plugin-polyfill-corejs2 semver@6.3.1 OK for: babel-plugin-polyfill-corejs2@0.4.17 want: ^6.3.1
1355 silly fetch manifest resolve@^1.22.11
1356 silly packumentCache full:https://registry.npmjs.org/resolve cache-miss
1357 silly fetch manifest lodash.debounce@^4.0.8
1358 silly packumentCache full:https://registry.npmjs.org/lodash.debounce cache-miss
1359 http fetch GET 200 https://registry.npmjs.org/lodash.debounce 68ms (cache miss)
1360 silly packumentCache full:https://registry.npmjs.org/lodash.debounce set size:undefined disposed:false
1361 http fetch GET 200 https://registry.npmjs.org/resolve 78ms (cache miss)
1362 silly packumentCache full:https://registry.npmjs.org/resolve set size:undefined disposed:false
1363 silly placeDep ROOT lodash.debounce@4.0.8 OK for: @babel/helper-define-polyfill-provider@0.6.8 want: ^4.0.8
1364 silly placeDep ROOT resolve@1.22.12 OK for: @babel/helper-define-polyfill-provider@0.6.8 want: ^1.22.11
1365 silly fetch manifest es-errors@^1.3.0
1366 silly packumentCache full:https://registry.npmjs.org/es-errors cache-miss
1367 silly fetch manifest path-parse@^1.0.7
1368 silly packumentCache full:https://registry.npmjs.org/path-parse cache-miss
1369 silly fetch manifest is-core-module@^2.16.1
1370 silly packumentCache full:https://registry.npmjs.org/is-core-module cache-miss
1371 silly fetch manifest supports-preserve-symlinks-flag@^1.0.0
1372 silly packumentCache full:https://registry.npmjs.org/supports-preserve-symlinks-flag cache-miss
1373 http fetch GET 200 https://registry.npmjs.org/es-errors 66ms (cache miss)
1374 silly packumentCache full:https://registry.npmjs.org/es-errors set size:undefined disposed:false
1375 http fetch GET 200 https://registry.npmjs.org/path-parse 67ms (cache miss)
1376 silly packumentCache full:https://registry.npmjs.org/path-parse set size:undefined disposed:false
1377 http fetch GET 200 https://registry.npmjs.org/is-core-module 79ms (cache miss)
1378 silly packumentCache full:https://registry.npmjs.org/is-core-module set size:undefined disposed:false
1379 http fetch GET 200 https://registry.npmjs.org/supports-preserve-symlinks-flag 87ms (cache miss)
1380 silly packumentCache full:https://registry.npmjs.org/supports-preserve-symlinks-flag set size:undefined disposed:false
1381 silly placeDep ROOT core-js-compat@3.49.0 OK for: babel-plugin-polyfill-corejs3@0.13.0 want: ^3.43.0
1382 silly fetch manifest browserslist@>= 4.21.0
1383 silly packumentCache full:https://registry.npmjs.org/browserslist cache-miss
1384 http cache https://registry.npmjs.org/browserslist 2ms (cache hit)
1385 silly packumentCache full:https://registry.npmjs.org/browserslist set size:516369 disposed:false
1386 silly placeDep ROOT baseline-browser-mapping@2.11.7 OK for: browserslist@4.28.7 want: ^2.10.44
1387 silly placeDep ROOT caniuse-lite@1.0.30001806 OK for: browserslist@4.28.7 want: ^1.0.30001806
1388 silly placeDep ROOT electron-to-chromium@1.5.398 OK for: browserslist@4.28.7 want: ^1.5.393
1389 silly placeDep ROOT node-releases@2.0.51 OK for: browserslist@4.28.7 want: ^2.0.51
1390 silly placeDep ROOT update-browserslist-db@1.2.3 OK for: browserslist@4.28.7 want: ^1.2.3
1391 silly fetch manifest escalade@^3.2.0
1392 silly packumentCache full:https://registry.npmjs.org/escalade cache-miss
1393 http cache https://registry.npmjs.org/escalade 2ms (cache hit)
1394 silly packumentCache full:https://registry.npmjs.org/escalade set size:33724 disposed:false
1395 silly placeDep ROOT ms@2.1.3 OK for: debug@4.4.3 want: ^2.1.3
1396 silly fetch manifest expo@*
1397 silly packumentCache full:https://registry.npmjs.org/expo cache-miss
1398 http cache https://registry.npmjs.org/expo 7ms (cache hit)
1399 silly packumentCache full:https://registry.npmjs.org/expo set size:3978069 disposed:false
1400 silly fetch manifest react@*
1401 silly packumentCache full:https://registry.npmjs.org/react cache-miss
1402 http cache https://registry.npmjs.org/react 6ms (cache hit)
1403 silly packumentCache full:https://registry.npmjs.org/react set size:6844555 disposed:false
1404 silly fetch manifest react-dom@*
1405 silly packumentCache full:https://registry.npmjs.org/react-dom cache-miss
1406 http cache https://registry.npmjs.org/react-dom 10ms (cache hit)
1407 silly packumentCache full:https://registry.npmjs.org/react-dom set size:9183359 disposed:false
1408 silly fetch manifest react-native@*
1409 silly packumentCache full:https://registry.npmjs.org/react-native cache-miss
1410 http cache https://registry.npmjs.org/react-native 13ms (cache hit)
1411 silly packumentCache full:https://registry.npmjs.org/react-native set size:15588295 disposed:false
1412 silly fetch manifest @types/react@^19.1.1
1413 silly packumentCache full:https://registry.npmjs.org/@types%2freact cache-miss
1414 http cache https://registry.npmjs.org/@types%2freact 4ms (cache hit)
1415 silly packumentCache full:https://registry.npmjs.org/@types%2freact set size:2632776 disposed:false
1416 silly fetch manifest react-native-web@*
1417 silly packumentCache full:https://registry.npmjs.org/react-native-web cache-miss
1418 http cache https://registry.npmjs.org/react-native-web 4ms (cache hit)
1419 silly packumentCache full:https://registry.npmjs.org/react-native-web set size:1090416 disposed:false
1420 silly fetch manifest expo-router@*
1421 silly packumentCache full:https://registry.npmjs.org/expo-router cache-miss
1422 http cache https://registry.npmjs.org/expo-router 3ms (cache hit)
1423 silly packumentCache full:https://registry.npmjs.org/expo-router set size:2064527 disposed:false
1424 silly fetch manifest expo-linking@^57.0.4
1425 silly packumentCache full:https://registry.npmjs.org/expo-linking cache-miss
1426 http cache https://registry.npmjs.org/expo-linking 2ms (cache hit)
1427 silly packumentCache full:https://registry.npmjs.org/expo-linking set size:848956 disposed:false
1428 silly fetch manifest react-native-reanimated@*
1429 silly packumentCache full:https://registry.npmjs.org/react-native-reanimated cache-miss
1430 http cache https://registry.npmjs.org/react-native-reanimated 8ms (cache hit)
1431 silly packumentCache full:https://registry.npmjs.org/react-native-reanimated set size:11289034 disposed:false
1432 silly fetch manifest react-native-worklets@0.10.x - 0.11.x
1433 silly packumentCache full:https://registry.npmjs.org/react-native-worklets cache-miss
1434 http cache https://registry.npmjs.org/react-native-worklets 8ms (cache hit)
1435 silly packumentCache full:https://registry.npmjs.org/react-native-worklets set size:3083618 disposed:false
1436 silly fetch manifest react-native-safe-area-context@>= 5.4.0
1437 silly packumentCache full:https://registry.npmjs.org/react-native-safe-area-context cache-miss
1438 http cache https://registry.npmjs.org/react-native-safe-area-context 2ms (cache hit)
1439 silly packumentCache full:https://registry.npmjs.org/react-native-safe-area-context set size:667318 disposed:false
1440 silly fetch manifest expo-widgets@^57.0.7
1441 silly packumentCache full:https://registry.npmjs.org/expo-widgets cache-miss
1442 http fetch GET 200 https://registry.npmjs.org/expo-widgets 111ms (cache miss)
1443 silly packumentCache full:https://registry.npmjs.org/expo-widgets set size:undefined disposed:false
1444 silly fetch manifest react-native-worklets@^0.7.4 || ^0.8.0 || ^0.9.0 || ^0.10.0
1445 silly packumentCache full:https://registry.npmjs.org/react-native-worklets cache-miss
1446 http cache https://registry.npmjs.org/react-native-worklets 3ms (cache hit)
1447 silly packumentCache full:https://registry.npmjs.org/react-native-worklets set size:3083618 disposed:false
1448 silly placeDep ROOT @babel/runtime@7.29.7 OK for: expo@57.0.9 want: ^7.20.0
1449 silly placeDep node_modules/expo @expo/cli@57.0.11 CONFLICT for: expo@57.0.9 want: ^57.0.11
1450 silly placeDep ROOT @expo/config@57.0.6 OK for: expo@57.0.9 want: ~57.0.6
1451 silly placeDep ROOT @expo/config-plugins@57.0.6 OK for: expo@57.0.9 want: ~57.0.6
1452 silly placeDep ROOT @expo/devtools@57.0.1 OK for: expo@57.0.9 want: ~57.0.1
1453 silly placeDep ROOT @expo/dom-webview@57.0.1 OK for: expo@57.0.9 want: ~57.0.1
1454 silly placeDep ROOT @expo/fingerprint@0.20.6 OK for: expo@57.0.9 want: ^0.20.6
1455 silly placeDep ROOT @expo/local-build-cache-provider@57.0.5 OK for: expo@57.0.9 want: ^57.0.5
1456 silly placeDep ROOT @expo/log-box@57.0.2 OK for: expo@57.0.9 want: ^57.0.2
1457 silly placeDep ROOT @expo/metro@56.0.0 OK for: expo@57.0.9 want: ~56.0.0
1458 silly placeDep ROOT @expo/metro-config@57.0.7 OK for: expo@57.0.9 want: ~57.0.7
1459 silly placeDep ROOT @ungap/structured-clone@1.3.3 OK for: expo@57.0.9 want: ^1.3.0
1460 silly placeDep ROOT babel-preset-expo@57.0.5 OK for: expo@57.0.9 want: ~57.0.5
1461 silly placeDep ROOT expo-asset@57.0.8 OK for: expo@57.0.9 want: ~57.0.8
1462 silly placeDep ROOT expo-file-system@57.0.1 OK for: expo@57.0.9 want: ~57.0.1
1463 silly placeDep ROOT expo-keep-awake@57.0.1 OK for: expo@57.0.9 want: ~57.0.1
1464 silly placeDep ROOT expo-modules-autolinking@57.0.9 OK for: expo@57.0.9 want: ~57.0.9
1465 silly placeDep ROOT expo-modules-core@57.0.8 OK for: expo@57.0.9 want: ~57.0.8
1466 silly placeDep ROOT pretty-format@29.7.0 OK for: expo@57.0.9 want: ^29.7.0
1467 silly placeDep ROOT whatwg-url-minimum@0.1.2 OK for: expo@57.0.9 want: ^0.1.2
1468 silly fetch manifest ws@^8.12.1
1469 silly packumentCache full:https://registry.npmjs.org/ws cache-miss
1470 silly fetch manifest arg@^5.0.2
1471 silly packumentCache full:https://registry.npmjs.org/arg cache-miss
1472 silly fetch manifest ora@^3.4.0
1473 silly packumentCache full:https://registry.npmjs.org/ora cache-miss
1474 silly fetch manifest zod@^3.25.76
1475 silly packumentCache full:https://registry.npmjs.org/zod cache-miss
1476 silly fetch manifest glob@^13.0.0
1477 silly packumentCache full:https://registry.npmjs.org/glob cache-miss
1478 silly fetch manifest send@^0.19.0
1479 silly packumentCache full:https://registry.npmjs.org/send cache-miss
1480 silly fetch manifest toqr@^0.1.1
1481 silly packumentCache full:https://registry.npmjs.org/toqr cache-miss
1482 silly fetch manifest chalk@^4.0.0
1483 silly packumentCache full:https://registry.npmjs.org/chalk cache-miss
1484 silly fetch manifest getenv@^2.0.0
1485 silly packumentCache full:https://registry.npmjs.org/getenv cache-miss
1486 http cache https://registry.npmjs.org/ws 2ms (cache hit)
1487 silly packumentCache full:https://registry.npmjs.org/ws set size:426890 disposed:false
1488 silly fetch manifest accepts@^1.3.8
1489 silly packumentCache full:https://registry.npmjs.org/accepts cache-miss
1490 http fetch GET 200 https://registry.npmjs.org/toqr 66ms (cache miss)
1491 silly packumentCache full:https://registry.npmjs.org/toqr set size:undefined disposed:false
1492 silly fetch manifest ci-info@^3.3.0
1493 silly packumentCache full:https://registry.npmjs.org/ci-info cache-miss
1494 http fetch GET 200 https://registry.npmjs.org/arg 73ms (cache miss)
1495 silly packumentCache full:https://registry.npmjs.org/arg set size:undefined disposed:false
1496 silly fetch manifest connect@^3.7.0
1497 silly packumentCache full:https://registry.npmjs.org/connect cache-miss
1498 http fetch GET 200 https://registry.npmjs.org/ora 74ms (cache miss)
1499 silly packumentCache full:https://registry.npmjs.org/ora set size:undefined disposed:false
1500 silly fetch manifest prompts@^2.3.2
1501 silly packumentCache full:https://registry.npmjs.org/prompts cache-miss
1502 http fetch GET 200 https://registry.npmjs.org/send 75ms (cache miss)
1503 silly packumentCache full:https://registry.npmjs.org/send set size:undefined disposed:false
1504 silly fetch manifest slugify@^1.3.4
1505 silly packumentCache full:https://registry.npmjs.org/slugify cache-miss
1506 http cache https://registry.npmjs.org/connect 5ms (cache hit)
1507 silly packumentCache full:https://registry.npmjs.org/connect set size:438385 disposed:false
1508 silly fetch manifest progress@^2.0.3
1509 silly packumentCache full:https://registry.npmjs.org/progress cache-miss
1510 http fetch GET 200 https://registry.npmjs.org/getenv 83ms (cache miss)
1511 silly packumentCache full:https://registry.npmjs.org/getenv set size:undefined disposed:false
1512 silly fetch manifest multitars@^1.0.0
1513 silly packumentCache full:https://registry.npmjs.org/multitars cache-miss
1514 http fetch GET 200 https://registry.npmjs.org/chalk 84ms (cache miss)
1515 silly packumentCache full:https://registry.npmjs.org/chalk set size:undefined disposed:false
1516 silly fetch manifest wrap-ansi@^7.0.0
1517 silly packumentCache full:https://registry.npmjs.org/wrap-ansi cache-miss
1518 http fetch GET 200 https://registry.npmjs.org/glob 85ms (cache miss)
1519 silly packumentCache full:https://registry.npmjs.org/glob set size:undefined disposed:false
1520 silly fetch manifest node-forge@^1.3.3
1521 silly packumentCache full:https://registry.npmjs.org/node-forge cache-miss
1522 http fetch GET 200 https://registry.npmjs.org/accepts 103ms (cache miss)
1523 silly packumentCache full:https://registry.npmjs.org/accepts set size:undefined disposed:false
1524 silly fetch manifest @expo/plist@^0.8.1
1525 silly packumentCache full:https://registry.npmjs.org/@expo%2fplist cache-miss
1526 http fetch GET 200 https://registry.npmjs.org/zod 134ms (cache miss)
1527 silly packumentCache full:https://registry.npmjs.org/zod set size:undefined disposed:false
1528 silly fetch manifest compression@^1.7.4
1529 silly packumentCache full:https://registry.npmjs.org/compression cache-miss
1530 http fetch GET 200 https://registry.npmjs.org/ci-info 87ms (cache miss)
1531 silly packumentCache full:https://registry.npmjs.org/ci-info set size:undefined disposed:false
1532 silly fetch manifest lan-network@^0.2.1
1533 silly packumentCache full:https://registry.npmjs.org/lan-network cache-miss
1534 http fetch GET 200 https://registry.npmjs.org/progress 76ms (cache miss)
1535 silly packumentCache full:https://registry.npmjs.org/progress set size:undefined disposed:false
1536 silly fetch manifest resolve-from@^5.0.0
1537 silly packumentCache full:https://registry.npmjs.org/resolve-from cache-miss
1538 http fetch GET 200 https://registry.npmjs.org/wrap-ansi 71ms (cache miss)
1539 silly packumentCache full:https://registry.npmjs.org/wrap-ansi set size:undefined disposed:false
1540 silly fetch manifest @expo/devcert@^1.2.1
1541 silly packumentCache full:https://registry.npmjs.org/@expo%2fdevcert cache-miss
1542 http fetch GET 200 https://registry.npmjs.org/slugify 80ms (cache miss)
1543 silly packumentCache full:https://registry.npmjs.org/slugify set size:undefined disposed:false
1544 silly fetch manifest bplist-parser@^0.3.1
1545 silly packumentCache full:https://registry.npmjs.org/bplist-parser cache-miss
1546 http fetch GET 200 https://registry.npmjs.org/prompts 83ms (cache miss)
1547 silly packumentCache full:https://registry.npmjs.org/prompts set size:undefined disposed:false
1548 silly fetch manifest terminal-link@^2.1.1
1549 silly packumentCache full:https://registry.npmjs.org/terminal-link cache-miss
1550 http fetch GET 200 https://registry.npmjs.org/multitars 77ms (cache miss)
1551 silly packumentCache full:https://registry.npmjs.org/multitars set size:undefined disposed:false
1552 silly fetch manifest @expo/xcpretty@^4.4.4
1553 silly packumentCache full:https://registry.npmjs.org/@expo%2fxcpretty cache-miss
1554 http fetch GET 200 https://registry.npmjs.org/node-forge 95ms (cache miss)
1555 silly packumentCache full:https://registry.npmjs.org/node-forge set size:undefined disposed:false
1556 silly fetch manifest bplist-creator@0.1.0
1557 silly packumentCache full:https://registry.npmjs.org/bplist-creator cache-miss
1558 http fetch GET 200 https://registry.npmjs.org/compression 64ms (cache miss)
1559 silly packumentCache full:https://registry.npmjs.org/compression set size:undefined disposed:false
1560 silly fetch manifest fetch-nodeshim@^0.4.10
1561 silly packumentCache full:https://registry.npmjs.org/fetch-nodeshim cache-miss
1562 http fetch GET 200 https://registry.npmjs.org/resolve-from 66ms (cache miss)
1563 silly packumentCache full:https://registry.npmjs.org/resolve-from set size:undefined disposed:false
1564 silly fetch manifest @expo/json-file@^11.0.1
1565 silly packumentCache full:https://registry.npmjs.org/@expo%2fjson-file cache-miss
1566 http fetch GET 200 https://registry.npmjs.org/lan-network 68ms (cache miss)
1567 silly packumentCache full:https://registry.npmjs.org/lan-network set size:undefined disposed:false
1568 silly fetch manifest @expo/osascript@^2.7.1
1569 silly packumentCache full:https://registry.npmjs.org/@expo%2fosascript cache-miss
1570 http fetch GET 200 https://registry.npmjs.org/terminal-link 66ms (cache miss)
1571 silly packumentCache full:https://registry.npmjs.org/terminal-link set size:undefined disposed:false
1572 silly fetch manifest @expo/ws-tunnel@^2.0.0
1573 silly packumentCache full:https://registry.npmjs.org/@expo%2fws-tunnel cache-miss
1574 http fetch GET 200 https://registry.npmjs.org/@expo%2fdevcert 73ms (cache miss)
1575 silly packumentCache full:https://registry.npmjs.org/@expo%2fdevcert set size:undefined disposed:false
1576 silly fetch manifest dnssd-advertise@^1.1.4
1577 silly packumentCache full:https://registry.npmjs.org/dnssd-advertise cache-miss
1578 http fetch GET 200 https://registry.npmjs.org/@expo%2fplist 131ms (cache miss)
1579 silly packumentCache full:https://registry.npmjs.org/@expo%2fplist set size:undefined disposed:false
1580 silly fetch manifest npm-package-arg@^11.0.0
1581 silly packumentCache full:https://registry.npmjs.org/npm-package-arg cache-miss
1582 http fetch GET 200 https://registry.npmjs.org/bplist-creator 78ms (cache miss)
1583 silly packumentCache full:https://registry.npmjs.org/bplist-creator set size:undefined disposed:false
1584 silly fetch manifest @expo/spawn-async@^1.8.0
1585 silly packumentCache full:https://registry.npmjs.org/@expo%2fspawn-async cache-miss
1586 http fetch GET 200 https://registry.npmjs.org/@expo%2fxcpretty 112ms (cache miss)
1587 silly packumentCache full:https://registry.npmjs.org/@expo%2fxcpretty set size:undefined disposed:false
1588 silly fetch manifest agent-cli-detector@^0.1.2
1589 silly packumentCache full:https://registry.npmjs.org/agent-cli-detector cache-miss
1590 http fetch GET 200 https://registry.npmjs.org/fetch-nodeshim 64ms (cache miss)
1591 silly packumentCache full:https://registry.npmjs.org/fetch-nodeshim set size:undefined disposed:false
1592 silly fetch manifest structured-headers@^0.4.1
1593 silly packumentCache full:https://registry.npmjs.org/structured-headers cache-miss
1594 http fetch GET 200 https://registry.npmjs.org/@expo%2fws-tunnel 76ms (cache miss)
1595 silly packumentCache full:https://registry.npmjs.org/@expo%2fws-tunnel set size:undefined disposed:false
1596 silly fetch manifest @expo/require-utils@^57.0.4
1597 silly packumentCache full:https://registry.npmjs.org/@expo%2frequire-utils cache-miss
1598 http fetch GET 200 https://registry.npmjs.org/dnssd-advertise 73ms (cache miss)
1599 silly packumentCache full:https://registry.npmjs.org/dnssd-advertise set size:undefined disposed:false
1600 silly fetch manifest @expo/router-server@^57.0.4
1601 silly packumentCache full:https://registry.npmjs.org/@expo%2frouter-server cache-miss
1602 http fetch GET 200 https://registry.npmjs.org/@expo%2fosascript 89ms (cache miss)
1603 silly packumentCache full:https://registry.npmjs.org/@expo%2fosascript set size:undefined disposed:false
1604 silly fetch manifest @expo/inline-modules@^0.1.4
1605 silly packumentCache full:https://registry.npmjs.org/@expo%2finline-modules cache-miss
1606 http fetch GET 200 https://registry.npmjs.org/@expo%2fjson-file 94ms (cache miss)
1607 silly packumentCache full:https://registry.npmjs.org/@expo%2fjson-file set size:undefined disposed:false
1608 silly fetch manifest @expo/metro-file-map@^57.0.1
1609 silly packumentCache full:https://registry.npmjs.org/@expo%2fmetro-file-map cache-miss
1610 http fetch GET 200 https://registry.npmjs.org/npm-package-arg 93ms (cache miss)
1611 silly packumentCache full:https://registry.npmjs.org/npm-package-arg set size:undefined disposed:false
1612 silly fetch manifest @expo/package-manager@^1.13.1
1613 silly packumentCache full:https://registry.npmjs.org/@expo%2fpackage-manager cache-miss
1614 http fetch GET 200 https://registry.npmjs.org/structured-headers 67ms (cache miss)
1615 silly packumentCache full:https://registry.npmjs.org/structured-headers set size:undefined disposed:false
1616 silly fetch manifest @expo/prebuild-config@^57.0.10
1617 silly packumentCache full:https://registry.npmjs.org/@expo%2fprebuild-config cache-miss
1618 http fetch GET 200 https://registry.npmjs.org/agent-cli-detector 87ms (cache miss)
1619 silly packumentCache full:https://registry.npmjs.org/agent-cli-detector set size:undefined disposed:false
1620 silly fetch manifest @react-native/dev-middleware@0.86.2
1621 silly packumentCache full:https://registry.npmjs.org/@react-native%2fdev-middleware cache-miss
1622 http fetch GET 200 https://registry.npmjs.org/@expo%2fmetro-file-map 75ms (cache miss)
1623 silly packumentCache full:https://registry.npmjs.org/@expo%2fmetro-file-map set size:undefined disposed:false
1624 silly fetch manifest @expo/code-signing-certificates@^0.0.6
1625 silly packumentCache full:https://registry.npmjs.org/@expo%2fcode-signing-certificates cache-miss
1626 http fetch GET 200 https://registry.npmjs.org/@expo%2finline-modules 81ms (cache miss)
1627 silly packumentCache full:https://registry.npmjs.org/@expo%2finline-modules set size:undefined disposed:false
1628 silly fetch manifest deepmerge@^4.3.1
1629 silly packumentCache full:https://registry.npmjs.org/deepmerge cache-miss
1630 http fetch GET 200 https://registry.npmjs.org/@expo%2frequire-utils 93ms (cache miss)
1631 silly packumentCache full:https://registry.npmjs.org/@expo%2frequire-utils set size:undefined disposed:false
1632 silly fetch manifest @expo/config-types@^57.0.2
1633 silly packumentCache full:https://registry.npmjs.org/@expo%2fconfig-types cache-miss
1634 http fetch GET 200 https://registry.npmjs.org/@expo%2frouter-server 92ms (cache miss)
1635 silly packumentCache full:https://registry.npmjs.org/@expo%2frouter-server set size:undefined disposed:false
1636 silly fetch manifest resolve-workspace-root@^2.0.0
1637 silly packumentCache full:https://registry.npmjs.org/resolve-workspace-root cache-miss
1638 http fetch GET 200 https://registry.npmjs.org/bplist-parser 282ms (cache miss)
1639 silly packumentCache full:https://registry.npmjs.org/bplist-parser set size:undefined disposed:false
1640 silly fetch manifest chalk@^4.1.2
1641 silly packumentCache full:https://registry.npmjs.org/chalk cache-miss
1642 http cache https://registry.npmjs.org/chalk 2ms (cache hit)
1643 silly packumentCache full:https://registry.npmjs.org/chalk set size:134775 disposed:false
1644 silly fetch manifest xcode@^3.0.1
1645 silly packumentCache full:https://registry.npmjs.org/xcode cache-miss
1646 http fetch GET 200 https://registry.npmjs.org/@expo%2fprebuild-config 105ms (cache miss)
1647 silly packumentCache full:https://registry.npmjs.org/@expo%2fprebuild-config set size:undefined disposed:false
1648 silly fetch manifest slugify@^1.6.6
1649 silly packumentCache full:https://registry.npmjs.org/slugify cache-miss
1650 http cache https://registry.npmjs.org/slugify 5ms (cache hit)
1651 silly packumentCache full:https://registry.npmjs.org/slugify set size:103522 disposed:false
1652 silly fetch manifest @expo/json-file@~11.0.1
1653 silly packumentCache full:https://registry.npmjs.org/@expo%2fjson-file cache-miss
1654 http fetch GET 200 https://registry.npmjs.org/@expo%2fspawn-async 207ms (cache miss)
1655 silly packumentCache full:https://registry.npmjs.org/@expo%2fspawn-async set size:undefined disposed:false
1656 silly fetch manifest @expo/config-types@^57.0.2
1657 silly packumentCache full:https://registry.npmjs.org/@expo%2fconfig-types cache-miss
1658 http fetch GET 200 https://registry.npmjs.org/resolve-workspace-root 72ms (cache miss)
1659 silly packumentCache full:https://registry.npmjs.org/resolve-workspace-root set size:undefined disposed:false
1660 silly fetch manifest @expo/sdk-runtime-versions@^1.0.0
1661 silly packumentCache full:https://registry.npmjs.org/@expo%2fsdk-runtime-versions cache-miss
1662 http fetch GET 200 https://registry.npmjs.org/@expo%2fcode-signing-certificates 76ms (cache miss)
1663 silly packumentCache full:https://registry.npmjs.org/@expo%2fcode-signing-certificates set size:undefined disposed:false
1664 silly fetch manifest ignore@^5.3.1
1665 silly packumentCache full:https://registry.npmjs.org/ignore cache-miss
1666 http cache https://registry.npmjs.org/@expo%2fjson-file 4ms (cache hit)
1667 silly packumentCache full:https://registry.npmjs.org/@expo%2fjson-file set size:787959 disposed:false
1668 silly fetch manifest @expo/env@^2.4.2
1669 silly packumentCache full:https://registry.npmjs.org/@expo%2fenv cache-miss
1670 http fetch GET 200 https://registry.npmjs.org/deepmerge 79ms (cache miss)
1671 silly packumentCache full:https://registry.npmjs.org/deepmerge set size:undefined disposed:false
1672 silly fetch manifest minimatch@^10.2.2
1673 silly packumentCache full:https://registry.npmjs.org/minimatch cache-miss
1674 http cache https://registry.npmjs.org/@expo%2fenv 3ms (cache hit)
1675 silly packumentCache full:https://registry.npmjs.org/@expo%2fenv set size:601912 disposed:false
1676 silly fetch manifest metro-file-map@0.84.4
1677 silly packumentCache full:https://registry.npmjs.org/metro-file-map cache-miss
1678 http fetch GET 200 https://registry.npmjs.org/@expo%2fpackage-manager 151ms (cache miss)
1679 silly packumentCache full:https://registry.npmjs.org/@expo%2fpackage-manager set size:undefined disposed:false
1680 silly fetch manifest metro-resolver@0.84.4
1681 silly packumentCache full:https://registry.npmjs.org/metro-resolver cache-miss
1682 http fetch GET 200 https://registry.npmjs.org/@react-native%2fdev-middleware 169ms (cache miss)
1683 silly packumentCache full:https://registry.npmjs.org/@react-native%2fdev-middleware set size:undefined disposed:false
1684 silly fetch manifest metro-cache-key@0.84.4
1685 silly packumentCache full:https://registry.npmjs.org/metro-cache-key cache-miss
1686 http fetch GET 200 https://registry.npmjs.org/metro-file-map 76ms (cache miss)
1687 silly packumentCache full:https://registry.npmjs.org/metro-file-map set size:undefined disposed:false
1688 silly fetch manifest metro-source-map@0.84.4
1689 silly packumentCache full:https://registry.npmjs.org/metro-source-map cache-miss
1690 http cache https://registry.npmjs.org/metro-source-map 3ms (cache hit)
1691 silly packumentCache full:https://registry.npmjs.org/metro-source-map set size:431760 disposed:false
1692 silly fetch manifest metro-symbolicate@0.84.4
1693 silly packumentCache full:https://registry.npmjs.org/metro-symbolicate cache-miss
1694 http fetch GET 200 https://registry.npmjs.org/ignore 103ms (cache miss)
1695 silly packumentCache full:https://registry.npmjs.org/ignore set size:undefined disposed:false
1696 silly fetch manifest metro-minify-terser@0.84.4
1697 silly packumentCache full:https://registry.npmjs.org/metro-minify-terser cache-miss
1698 http fetch GET 200 https://registry.npmjs.org/minimatch 103ms (cache miss)
1699 silly packumentCache full:https://registry.npmjs.org/minimatch set size:undefined disposed:false
1700 silly fetch manifest metro-transform-worker@0.84.4
1701 silly packumentCache full:https://registry.npmjs.org/metro-transform-worker cache-miss
1702 http fetch GET 200 https://registry.npmjs.org/xcode 141ms (cache miss)
1703 silly packumentCache full:https://registry.npmjs.org/xcode set size:undefined disposed:false
1704 silly fetch manifest metro-babel-transformer@0.84.4
1705 silly packumentCache full:https://registry.npmjs.org/metro-babel-transformer cache-miss
1706 http fetch GET 200 https://registry.npmjs.org/@expo%2fsdk-runtime-versions 130ms (cache miss)
1707 silly packumentCache full:https://registry.npmjs.org/@expo%2fsdk-runtime-versions set size:undefined disposed:false
1708 silly fetch manifest metro-transform-plugins@0.84.4
1709 silly packumentCache full:https://registry.npmjs.org/metro-transform-plugins cache-miss
1710 http fetch GET 200 https://registry.npmjs.org/metro-resolver 128ms (cache miss)
1711 silly packumentCache full:https://registry.npmjs.org/metro-resolver set size:undefined disposed:false
1712 silly fetch manifest chalk@^4.1.0
1713 silly packumentCache full:https://registry.npmjs.org/chalk cache-hit
1714 silly fetch manifest postcss@^8.5.14
1715 silly packumentCache full:https://registry.npmjs.org/postcss cache-miss
1716 http fetch GET 200 https://registry.npmjs.org/metro-cache-key 98ms (cache miss)
1717 silly packumentCache full:https://registry.npmjs.org/metro-cache-key set size:undefined disposed:false
1718 silly fetch manifest jsc-safe-url@^0.2.4
1719 silly packumentCache full:https://registry.npmjs.org/jsc-safe-url cache-miss
1720 http fetch GET 200 https://registry.npmjs.org/metro-minify-terser 71ms (cache miss)
1721 silly packumentCache full:https://registry.npmjs.org/metro-minify-terser set size:undefined disposed:false
1722 silly fetch manifest lightningcss@^1.30.1
1723 silly packumentCache full:https://registry.npmjs.org/lightningcss cache-miss
1724 http fetch GET 200 https://registry.npmjs.org/metro-transform-worker 78ms (cache miss)
1725 silly packumentCache full:https://registry.npmjs.org/metro-transform-worker set size:undefined disposed:false
1726 silly fetch manifest @babel/preset-typescript@^7.23.0
1727 silly packumentCache full:https://registry.npmjs.org/@babel%2fpreset-typescript cache-miss
1728 http cache https://registry.npmjs.org/@babel%2fpreset-typescript 1ms (cache hit)
1729 silly packumentCache full:https://registry.npmjs.org/@babel%2fpreset-typescript set size:271383 disposed:false
1730 silly fetch manifest babel-plugin-react-compiler@^1.0.0
1731 silly packumentCache full:https://registry.npmjs.org/babel-plugin-react-compiler cache-miss
1732 http fetch GET 200 https://registry.npmjs.org/metro-babel-transformer 80ms (cache miss)
1733 silly packumentCache full:https://registry.npmjs.org/metro-babel-transformer set size:undefined disposed:false
1734 silly fetch manifest babel-plugin-react-native-web@~0.21.0
1735 silly packumentCache full:https://registry.npmjs.org/babel-plugin-react-native-web cache-miss
1736 http fetch GET 200 https://registry.npmjs.org/metro-transform-plugins 88ms (cache miss)
1737 silly packumentCache full:https://registry.npmjs.org/metro-transform-plugins set size:undefined disposed:false
1738 silly fetch manifest @babel/plugin-proposal-decorators@^7.12.9
1739 silly packumentCache full:https://registry.npmjs.org/@babel%2fplugin-proposal-decorators cache-miss
1740 http fetch GET 200 https://registry.npmjs.org/jsc-safe-url 73ms (cache miss)
1741 silly packumentCache full:https://registry.npmjs.org/jsc-safe-url set size:undefined disposed:false
1742 silly fetch manifest @babel/plugin-transform-parameters@^7.24.7
1743 silly packumentCache full:https://registry.npmjs.org/@babel%2fplugin-transform-parameters cache-miss
1744 http fetch GET 200 https://registry.npmjs.org/lightningcss 73ms (cache miss)
1745 silly packumentCache full:https://registry.npmjs.org/lightningcss set size:undefined disposed:false
1746 silly fetch manifest @babel/plugin-transform-class-static-block@^7.27.1
1747 silly packumentCache full:https://registry.npmjs.org/@babel%2fplugin-transform-class-static-block cache-miss
1748 http fetch GET 200 https://registry.npmjs.org/babel-plugin-react-compiler 90ms (cache miss)
1749 silly packumentCache full:https://registry.npmjs.org/babel-plugin-react-compiler set size:undefined disposed:false
1750 silly fetch manifest @babel/plugin-transform-object-rest-spread@^7.24.7
1751 silly packumentCache full:https://registry.npmjs.org/@babel%2fplugin-transform-object-rest-spread cache-miss
1752 http fetch GET 200 https://registry.npmjs.org/babel-plugin-react-native-web 79ms (cache miss)
1753 silly packumentCache full:https://registry.npmjs.org/babel-plugin-react-native-web set size:undefined disposed:false
1754 silly fetch manifest @babel/plugin-transform-export-namespace-from@^7.25.9
1755 silly packumentCache full:https://registry.npmjs.org/@babel%2fplugin-transform-export-namespace-from cache-miss
1756 http fetch GET 200 https://registry.npmjs.org/postcss 144ms (cache miss)
1757 silly packumentCache full:https://registry.npmjs.org/postcss set size:undefined disposed:false
1758 silly fetch manifest @babel/plugin-transform-react-jsx-development@^7.27.1
1759 silly packumentCache full:https://registry.npmjs.org/@babel%2fplugin-transform-react-jsx-development cache-miss
1760 http fetch GET 200 https://registry.npmjs.org/@babel%2fplugin-transform-class-static-block 77ms (cache miss)
1761 silly packumentCache full:https://registry.npmjs.org/@babel%2fplugin-transform-class-static-block set size:undefined disposed:false
1762 silly fetch manifest @babel/plugin-transform-react-pure-annotations@^7.27.1
1763 silly packumentCache full:https://registry.npmjs.org/@babel%2fplugin-transform-react-pure-annotations cache-miss
1764 http fetch GET 200 https://registry.npmjs.org/@babel%2fplugin-transform-parameters 92ms (cache miss)
1765 silly packumentCache full:https://registry.npmjs.org/@babel%2fplugin-transform-parameters set size:undefined disposed:false
1766 silly fetch manifest @babel/plugin-transform-logical-assignment-operators@^7.24.7
1767 silly packumentCache full:https://registry.npmjs.org/@babel%2fplugin-transform-logical-assignment-operators cache-miss
1768 http fetch GET 200 https://registry.npmjs.org/metro-symbolicate 241ms (cache miss)
1769 silly packumentCache full:https://registry.npmjs.org/metro-symbolicate set size:undefined disposed:false
1770 silly fetch manifest commander@^7.2.0
1771 silly packumentCache full:https://registry.npmjs.org/commander cache-miss
1772 http cache https://registry.npmjs.org/commander 2ms (cache hit)
1773 silly packumentCache full:https://registry.npmjs.org/commander set size:353115 disposed:false
1774 silly fetch manifest expo-modules-jsi@~57.0.4
1775 silly packumentCache full:https://registry.npmjs.org/expo-modules-jsi cache-miss
1776 http fetch GET 200 https://registry.npmjs.org/@babel%2fplugin-transform-export-namespace-from 73ms (cache miss)
1777 silly packumentCache full:https://registry.npmjs.org/@babel%2fplugin-transform-export-namespace-from set size:undefined disposed:false
1778 silly fetch manifest @expo/expo-modules-macros-plugin@0.6.1
1779 silly packumentCache full:https://registry.npmjs.org/@expo%2fexpo-modules-macros-plugin cache-miss
1780 http fetch GET 200 https://registry.npmjs.org/@babel%2fplugin-transform-object-rest-spread 76ms (cache miss)
1781 silly packumentCache full:https://registry.npmjs.org/@babel%2fplugin-transform-object-rest-spread set size:undefined disposed:false
1782 silly fetch manifest react-is@^18.0.0
1783 silly packumentCache full:https://registry.npmjs.org/react-is cache-miss
1784 http cache https://registry.npmjs.org/react-is 5ms (cache hit)
1785 silly packumentCache full:https://registry.npmjs.org/react-is set size:5537908 disposed:false
1786 silly fetch manifest ansi-styles@^5.0.0
1787 silly packumentCache full:https://registry.npmjs.org/ansi-styles cache-miss
1788 http fetch GET 200 https://registry.npmjs.org/@babel%2fplugin-transform-react-jsx-development 101ms (cache miss)
1789 silly packumentCache full:https://registry.npmjs.org/@babel%2fplugin-transform-react-jsx-development set size:undefined disposed:false
1790 silly fetch manifest @jest/schemas@^29.6.3
1791 silly packumentCache full:https://registry.npmjs.org/@jest%2fschemas cache-miss
1792 http fetch GET 200 https://registry.npmjs.org/expo-modules-jsi 66ms (cache miss)
1793 silly packumentCache full:https://registry.npmjs.org/expo-modules-jsi set size:undefined disposed:false
1794 http fetch GET 200 https://registry.npmjs.org/@babel%2fplugin-transform-react-pure-annotations 73ms (cache miss)
1795 silly packumentCache full:https://registry.npmjs.org/@babel%2fplugin-transform-react-pure-annotations set size:undefined disposed:false
1796 http fetch GET 200 https://registry.npmjs.org/@babel%2fplugin-transform-logical-assignment-operators 85ms (cache miss)
1797 silly packumentCache full:https://registry.npmjs.org/@babel%2fplugin-transform-logical-assignment-operators set size:undefined disposed:false
1798 http fetch GET 200 https://registry.npmjs.org/ansi-styles 68ms (cache miss)
1799 silly packumentCache full:https://registry.npmjs.org/ansi-styles set size:undefined disposed:false
1800 http fetch GET 200 https://registry.npmjs.org/@babel%2fplugin-proposal-decorators 263ms (cache miss)
1801 silly packumentCache full:https://registry.npmjs.org/@babel%2fplugin-proposal-decorators set size:undefined disposed:false
1802 http fetch GET 200 https://registry.npmjs.org/@jest%2fschemas 122ms (cache miss)
1803 silly packumentCache full:https://registry.npmjs.org/@jest%2fschemas set size:undefined disposed:false
1804 http fetch GET 200 https://registry.npmjs.org/@expo%2fconfig-types 521ms (cache miss)
1805 silly packumentCache full:https://registry.npmjs.org/@expo%2fconfig-types set size:undefined disposed:false
1806 http fetch GET 200 https://registry.npmjs.org/@expo%2fconfig-types 596ms (cache miss)
1807 silly packumentCache full:https://registry.npmjs.org/@expo%2fconfig-types set size:undefined disposed:false
1808 http fetch GET 200 https://registry.npmjs.org/@expo%2fexpo-modules-macros-plugin 479ms (cache miss)
1809 silly packumentCache full:https://registry.npmjs.org/@expo%2fexpo-modules-macros-plugin set size:undefined disposed:false
1810 silly fetch manifest typescript@^5.0.0 || ^5.0.0-0 || ^6.0.0 || ^7.0.0
1811 silly packumentCache full:https://registry.npmjs.org/typescript cache-miss
1812 http cache https://registry.npmjs.org/typescript 20ms (cache hit)
1813 silly packumentCache full:https://registry.npmjs.org/typescript set size:15488832 disposed:false
1814 silly placeDep ROOT @expo/config-types@57.0.2 OK for: @expo/config@57.0.6 want: ^57.0.2
1815 silly placeDep ROOT @expo/json-file@11.0.1 OK for: @expo/config@57.0.6 want: ^11.0.1
1816 silly placeDep ROOT @expo/require-utils@57.0.4 OK for: @expo/config@57.0.6 want: ^57.0.4
1817 silly placeDep ROOT deepmerge@4.3.1 OK for: @expo/config@57.0.6 want: ^4.3.1
1818 silly placeDep ROOT getenv@2.0.0 OK for: @expo/config@57.0.6 want: ^2.0.0
1819 silly placeDep ROOT glob@13.0.6 OK for: @expo/config@57.0.6 want: ^13.0.0
1820 silly placeDep ROOT resolve-workspace-root@2.0.1 OK for: @expo/config@57.0.6 want: ^2.0.0
1821 silly placeDep ROOT slugify@1.6.9 OK for: @expo/config@57.0.6 want: ^1.3.4
1822 silly fetch manifest minipass@^7.1.3
1823 silly packumentCache full:https://registry.npmjs.org/minipass cache-miss
1824 silly fetch manifest path-scurry@^2.0.2
1825 silly packumentCache full:https://registry.npmjs.org/path-scurry cache-miss
1826 http fetch GET 200 https://registry.npmjs.org/path-scurry 67ms (cache miss)
1827 silly packumentCache full:https://registry.npmjs.org/path-scurry set size:undefined disposed:false
1828 http fetch GET 200 https://registry.npmjs.org/minipass 72ms (cache miss)
1829 silly packumentCache full:https://registry.npmjs.org/minipass set size:undefined disposed:false
1830 silly placeDep ROOT @expo/plist@0.8.1 OK for: @expo/config-plugins@57.0.6 want: ^0.8.1
1831 silly placeDep ROOT @expo/sdk-runtime-versions@1.0.0 OK for: @expo/config-plugins@57.0.6 want: ^1.0.0
1832 silly placeDep ROOT chalk@4.1.2 OK for: @expo/config-plugins@57.0.6 want: ^4.1.2
1833 silly placeDep ROOT xcode@3.0.1 OK for: @expo/config-plugins@57.0.6 want: ^3.0.1
1834 silly placeDep ROOT xml2js@0.6.0 OK for: @expo/config-plugins@57.0.6 want: 0.6.0
1835 silly fetch manifest xmlbuilder@^15.1.1
1836 silly packumentCache full:https://registry.npmjs.org/xmlbuilder cache-miss
1837 silly fetch manifest @xmldom/xmldom@^0.8.8
1838 silly packumentCache full:https://registry.npmjs.org/@xmldom%2fxmldom cache-miss
1839 silly fetch manifest ansi-styles@^4.1.0
1840 silly packumentCache full:https://registry.npmjs.org/ansi-styles cache-miss
1841 silly fetch manifest supports-color@^7.1.0
1842 silly packumentCache full:https://registry.npmjs.org/supports-color cache-miss
1843 silly fetch manifest uuid@^7.0.3
1844 silly packumentCache full:https://registry.npmjs.org/uuid cache-miss
1845 silly fetch manifest simple-plist@^1.1.0
1846 silly packumentCache full:https://registry.npmjs.org/simple-plist cache-miss
1847 silly fetch manifest sax@>=0.6.0
1848 silly packumentCache full:https://registry.npmjs.org/sax cache-miss
1849 silly fetch manifest xmlbuilder@~11.0.0
1850 silly packumentCache full:https://registry.npmjs.org/xmlbuilder cache-miss
1851 http cache https://registry.npmjs.org/ansi-styles 2ms (cache hit)
1852 silly packumentCache full:https://registry.npmjs.org/ansi-styles set size:71772 disposed:false
1853 http fetch GET 200 https://registry.npmjs.org/sax 73ms (cache miss)
1854 silly packumentCache full:https://registry.npmjs.org/sax set size:undefined disposed:false
1855 http fetch GET 200 https://registry.npmjs.org/uuid 74ms (cache miss)
1856 silly packumentCache full:https://registry.npmjs.org/uuid set size:undefined disposed:false
1857 http fetch GET 200 https://registry.npmjs.org/xmlbuilder 77ms (cache miss)
1858 silly packumentCache full:https://registry.npmjs.org/xmlbuilder set size:undefined disposed:false
1859 http fetch GET 200 https://registry.npmjs.org/@xmldom%2fxmldom 86ms (cache miss)
1860 silly packumentCache full:https://registry.npmjs.org/@xmldom%2fxmldom set size:undefined disposed:false
1861 http fetch GET 200 https://registry.npmjs.org/xmlbuilder 95ms (cache miss)
1862 silly packumentCache full:https://registry.npmjs.org/xmlbuilder set size:undefined disposed:false
1863 http fetch GET 200 https://registry.npmjs.org/simple-plist 95ms (cache miss)
1864 silly packumentCache full:https://registry.npmjs.org/simple-plist set size:undefined disposed:false
1865 http fetch GET 200 https://registry.npmjs.org/supports-color 99ms (cache miss)
1866 silly packumentCache full:https://registry.npmjs.org/supports-color set size:undefined disposed:false
1867 silly placeDep ROOT @expo/env@2.4.2 OK for: @expo/fingerprint@0.20.6 want: ^2.4.2
1868 silly placeDep ROOT @expo/spawn-async@1.8.0 OK for: @expo/fingerprint@0.20.6 want: ^1.8.0
1869 silly placeDep ROOT arg@5.0.2 OK for: @expo/fingerprint@0.20.6 want: ^5.0.2
1870 silly placeDep ROOT ignore@5.3.2 OK for: @expo/fingerprint@0.20.6 want: ^5.3.1
1871 silly placeDep ROOT minimatch@10.2.6 OK for: @expo/fingerprint@0.20.6 want: ^10.2.2
1872 silly placeDep ROOT resolve-from@5.0.0 OK for: @expo/fingerprint@0.20.6 want: ^5.0.0
1873 silly fetch manifest cross-spawn@^7.0.6
1874 silly packumentCache full:https://registry.npmjs.org/cross-spawn cache-miss
1875 silly fetch manifest brace-expansion@^5.0.8
1876 silly packumentCache full:https://registry.npmjs.org/brace-expansion cache-miss
1877 http fetch GET 200 https://registry.npmjs.org/cross-spawn 66ms (cache miss)
1878 silly packumentCache full:https://registry.npmjs.org/cross-spawn set size:undefined disposed:false
1879 http fetch GET 200 https://registry.npmjs.org/brace-expansion 69ms (cache miss)
1880 silly packumentCache full:https://registry.npmjs.org/brace-expansion set size:undefined disposed:false
1881 silly placeDep ROOT anser@1.4.10 OK for: @expo/log-box@57.0.2 want: ^1.4.9
1882 silly placeDep ROOT stacktrace-parser@0.1.11 OK for: @expo/log-box@57.0.2 want: ^0.1.10
1883 silly fetch manifest type-fest@^0.7.1
1884 silly packumentCache full:https://registry.npmjs.org/type-fest cache-miss
1885 http fetch GET 200 https://registry.npmjs.org/type-fest 84ms (cache miss)
1886 silly packumentCache full:https://registry.npmjs.org/type-fest set size:undefined disposed:false
1887 silly placeDep ROOT metro@0.84.4 OK for: @expo/metro@56.0.0 want: 0.84.4
1888 silly placeDep ROOT metro-babel-transformer@0.84.4 OK for: @expo/metro@56.0.0 want: 0.84.4
1889 silly placeDep ROOT metro-cache@0.84.4 OK for: @expo/metro@56.0.0 want: 0.84.4
1890 silly placeDep ROOT metro-cache-key@0.84.4 OK for: @expo/metro@56.0.0 want: 0.84.4
1891 silly placeDep ROOT metro-core@0.84.4 OK for: @expo/metro@56.0.0 want: 0.84.4
1892 silly placeDep ROOT metro-file-map@0.84.4 OK for: @expo/metro@56.0.0 want: 0.84.4
1893 silly placeDep ROOT metro-minify-terser@0.84.4 OK for: @expo/metro@56.0.0 want: 0.84.4
1894 silly placeDep ROOT metro-resolver@0.84.4 OK for: @expo/metro@56.0.0 want: 0.84.4
1895 silly placeDep ROOT metro-source-map@0.84.4 OK for: @expo/metro@56.0.0 want: 0.84.4
1896 silly placeDep ROOT metro-symbolicate@0.84.4 OK for: @expo/metro@56.0.0 want: 0.84.4
1897 silly placeDep ROOT metro-transform-plugins@0.84.4 OK for: @expo/metro@56.0.0 want: 0.84.4
1898 silly placeDep ROOT metro-transform-worker@0.84.4 OK for: @expo/metro@56.0.0 want: 0.84.4
1899 silly fetch manifest throat@^5.0.0
1900 silly packumentCache full:https://registry.npmjs.org/throat cache-miss
1901 silly fetch manifest accepts@^2.0.0
1902 silly packumentCache full:https://registry.npmjs.org/accepts cache-miss
1903 silly fetch manifest ci-info@^2.0.0
1904 silly packumentCache full:https://registry.npmjs.org/ci-info cache-miss
1905 silly fetch manifest image-size@^1.0.2
1906 silly packumentCache full:https://registry.npmjs.org/image-size cache-miss
1907 silly fetch manifest mime-types@^3.0.1
1908 silly packumentCache full:https://registry.npmjs.org/mime-types cache-miss
1909 silly fetch manifest source-map@^0.5.6
1910 silly packumentCache full:https://registry.npmjs.org/source-map cache-miss
1911 silly fetch manifest graceful-fs@^4.2.4
1912 silly packumentCache full:https://registry.npmjs.org/graceful-fs cache-miss
1913 silly fetch manifest jest-worker@^29.7.0
1914 silly packumentCache full:https://registry.npmjs.org/jest-worker cache-miss
1915 silly fetch manifest jsc-safe-url@^0.2.2
1916 silly packumentCache full:https://registry.npmjs.org/jsc-safe-url cache-miss
1917 http cache https://registry.npmjs.org/ci-info 3ms (cache hit)
1918 silly packumentCache full:https://registry.npmjs.org/ci-info set size:91363 disposed:false
1919 silly fetch manifest hermes-parser@0.35.0
1920 silly packumentCache full:https://registry.npmjs.org/hermes-parser cache-miss
1921 http cache https://registry.npmjs.org/jsc-safe-url 3ms (cache hit)
1922 silly packumentCache full:https://registry.npmjs.org/jsc-safe-url set size:13143 disposed:false
1923 silly fetch manifest lodash.throttle@^4.1.1
1924 silly packumentCache full:https://registry.npmjs.org/lodash.throttle cache-miss
1925 http cache https://registry.npmjs.org/accepts 4ms (cache hit)
1926 silly packumentCache full:https://registry.npmjs.org/accepts set size:77054 disposed:false
1927 silly fetch manifest serialize-error@^2.1.0
1928 silly packumentCache full:https://registry.npmjs.org/serialize-error cache-miss
1929 http cache https://registry.npmjs.org/hermes-parser 2ms (cache hit)
1930 silly packumentCache full:https://registry.npmjs.org/hermes-parser set size:172593 disposed:false
1931 silly fetch manifest error-stack-parser@^2.0.6
1932 silly packumentCache full:https://registry.npmjs.org/error-stack-parser cache-miss
1933 http fetch GET 200 https://registry.npmjs.org/throat 66ms (cache miss)
1934 silly packumentCache full:https://registry.npmjs.org/throat set size:undefined disposed:false
1935 silly fetch manifest https-proxy-agent@^7.0.5
1936 silly packumentCache full:https://registry.npmjs.org/https-proxy-agent cache-miss
1937 http fetch GET 200 https://registry.npmjs.org/lodash.throttle 67ms (cache miss)
1938 silly packumentCache full:https://registry.npmjs.org/lodash.throttle set size:undefined disposed:false
1939 silly fetch manifest exponential-backoff@^3.1.1
1940 silly packumentCache full:https://registry.npmjs.org/exponential-backoff cache-miss
1941 http fetch GET 200 https://registry.npmjs.org/mime-types 71ms (cache miss)
1942 silly packumentCache full:https://registry.npmjs.org/mime-types set size:undefined disposed:false
1943 silly fetch manifest walker@^1.0.7
1944 silly packumentCache full:https://registry.npmjs.org/walker cache-miss
1945 http fetch GET 200 https://registry.npmjs.org/image-size 72ms (cache miss)
1946 silly packumentCache full:https://registry.npmjs.org/image-size set size:undefined disposed:false
1947 silly fetch manifest micromatch@^4.0.4
1948 silly packumentCache full:https://registry.npmjs.org/micromatch cache-miss
1949 http fetch GET 200 https://registry.npmjs.org/error-stack-parser 69ms (cache miss)
1950 silly packumentCache full:https://registry.npmjs.org/error-stack-parser set size:undefined disposed:false
1951 silly fetch manifest fb-watchman@^2.0.0
1952 silly packumentCache full:https://registry.npmjs.org/fb-watchman cache-miss
1953 http fetch GET 200 https://registry.npmjs.org/serialize-error 72ms (cache miss)
1954 silly packumentCache full:https://registry.npmjs.org/serialize-error set size:undefined disposed:false
1955 silly fetch manifest graceful-fs@^4.2.4
1956 silly packumentCache full:https://registry.npmjs.org/graceful-fs cache-miss
1957 http fetch GET 200 https://registry.npmjs.org/source-map 89ms (cache miss)
1958 silly packumentCache full:https://registry.npmjs.org/source-map set size:undefined disposed:false
1959 silly fetch manifest jest-worker@^29.7.0
1960 silly packumentCache full:https://registry.npmjs.org/jest-worker cache-miss
1961 http fetch GET 200 https://registry.npmjs.org/graceful-fs 93ms (cache miss)
1962 silly packumentCache full:https://registry.npmjs.org/graceful-fs set size:undefined disposed:false
1963 silly fetch manifest terser@^5.15.0
1964 silly packumentCache full:https://registry.npmjs.org/terser cache-miss
1965 http fetch GET 200 https://registry.npmjs.org/jest-worker 102ms (cache miss)
1966 silly packumentCache full:https://registry.npmjs.org/jest-worker set size:undefined disposed:false
1967 silly fetch manifest ob1@0.84.4
1968 silly packumentCache full:https://registry.npmjs.org/ob1 cache-miss
1969 http fetch GET 200 https://registry.npmjs.org/https-proxy-agent 69ms (cache miss)
1970 silly packumentCache full:https://registry.npmjs.org/https-proxy-agent set size:undefined disposed:false
1971 silly fetch manifest vlq@^1.0.0
1972 silly packumentCache full:https://registry.npmjs.org/vlq cache-miss
1973 http fetch GET 200 https://registry.npmjs.org/exponential-backoff 66ms (cache miss)
1974 silly packumentCache full:https://registry.npmjs.org/exponential-backoff set size:undefined disposed:false
1975 silly fetch manifest vlq@^1.0.0
1976 silly packumentCache full:https://registry.npmjs.org/vlq cache-miss
1977 http fetch GET 200 https://registry.npmjs.org/graceful-fs 77ms (cache miss)
1978 silly packumentCache full:https://registry.npmjs.org/graceful-fs set size:undefined disposed:false
1979 http fetch GET 200 https://registry.npmjs.org/micromatch 81ms (cache miss)
1980 silly packumentCache full:https://registry.npmjs.org/micromatch set size:undefined disposed:false
1981 http fetch GET 200 https://registry.npmjs.org/jest-worker 93ms (cache miss)
1982 silly packumentCache full:https://registry.npmjs.org/jest-worker set size:undefined disposed:false
1983 http fetch GET 200 https://registry.npmjs.org/vlq 73ms (cache miss)
1984 silly packumentCache full:https://registry.npmjs.org/vlq set size:undefined disposed:false
1985 http fetch GET 200 https://registry.npmjs.org/vlq 77ms (cache miss)
1986 silly packumentCache full:https://registry.npmjs.org/vlq set size:undefined disposed:false
1987 http fetch GET 200 https://registry.npmjs.org/ob1 111ms (cache miss)
1988 silly packumentCache full:https://registry.npmjs.org/ob1 set size:undefined disposed:false
1989 http fetch GET 200 https://registry.npmjs.org/terser 139ms (cache miss)
1990 silly packumentCache full:https://registry.npmjs.org/terser set size:undefined disposed:false
1991 http fetch GET 200 https://registry.npmjs.org/walker 244ms (cache miss)
1992 silly packumentCache full:https://registry.npmjs.org/walker set size:undefined disposed:false
1993 http fetch GET 200 https://registry.npmjs.org/fb-watchman 244ms (cache miss)
1994 silly packumentCache full:https://registry.npmjs.org/fb-watchman set size:undefined disposed:false
1995 silly placeDep ROOT jsc-safe-url@0.2.4 OK for: @expo/metro-config@57.0.7 want: ^0.2.4
1996 silly placeDep ROOT lightningcss@1.33.0 OK for: @expo/metro-config@57.0.7 want: ^1.30.1
1997 silly placeDep ROOT picomatch@4.0.5 OK for: @expo/metro-config@57.0.7 want: ^4.0.4
1998 silly placeDep ROOT postcss@8.5.25 OK for: @expo/metro-config@57.0.7 want: ^8.5.14
1999 silly fetch manifest detect-libc@^2.0.3
2000 silly packumentCache full:https://registry.npmjs.org/detect-libc cache-miss
2001 silly fetch manifest lightningcss-darwin-x64@1.33.0
2002 silly packumentCache full:https://registry.npmjs.org/lightningcss-darwin-x64 cache-miss
2003 silly fetch manifest lightningcss-linux-x64-gnu@1.33.0
2004 silly packumentCache full:https://registry.npmjs.org/lightningcss-linux-x64-gnu cache-miss
2005 silly fetch manifest lightningcss-win32-x64-msvc@1.33.0
2006 silly packumentCache full:https://registry.npmjs.org/lightningcss-win32-x64-msvc cache-miss
2007 silly fetch manifest lightningcss-win32-arm64-msvc@1.33.0
2008 silly packumentCache full:https://registry.npmjs.org/lightningcss-win32-arm64-msvc cache-miss
2009 silly fetch manifest lightningcss-darwin-arm64@1.33.0
2010 silly packumentCache full:https://registry.npmjs.org/lightningcss-darwin-arm64 cache-miss
2011 silly fetch manifest lightningcss-linux-arm64-gnu@1.33.0
2012 silly packumentCache full:https://registry.npmjs.org/lightningcss-linux-arm64-gnu cache-miss
2013 silly fetch manifest lightningcss-linux-arm-gnueabihf@1.33.0
2014 silly packumentCache full:https://registry.npmjs.org/lightningcss-linux-arm-gnueabihf cache-miss
2015 silly fetch manifest lightningcss-linux-arm64-musl@1.33.0
2016 silly packumentCache full:https://registry.npmjs.org/lightningcss-linux-arm64-musl cache-miss
2017 http fetch GET 200 https://registry.npmjs.org/detect-libc 69ms (cache miss)
2018 silly packumentCache full:https://registry.npmjs.org/detect-libc set size:undefined disposed:false
2019 silly fetch manifest lightningcss-linux-x64-musl@1.33.0
2020 silly packumentCache full:https://registry.npmjs.org/lightningcss-linux-x64-musl cache-miss
2021 http fetch GET 200 https://registry.npmjs.org/lightningcss-win32-arm64-msvc 70ms (cache miss)
2022 silly packumentCache full:https://registry.npmjs.org/lightningcss-win32-arm64-msvc set size:undefined disposed:false
2023 silly fetch manifest lightningcss-freebsd-x64@1.33.0
2024 silly packumentCache full:https://registry.npmjs.org/lightningcss-freebsd-x64 cache-miss
2025 http fetch GET 200 https://registry.npmjs.org/lightningcss-darwin-x64 71ms (cache miss)
2026 silly packumentCache full:https://registry.npmjs.org/lightningcss-darwin-x64 set size:undefined disposed:false
2027 silly fetch manifest lightningcss-android-arm64@1.33.0
2028 silly packumentCache full:https://registry.npmjs.org/lightningcss-android-arm64 cache-miss
2029 http fetch GET 200 https://registry.npmjs.org/lightningcss-linux-arm-gnueabihf 72ms (cache miss)
2030 silly packumentCache full:https://registry.npmjs.org/lightningcss-linux-arm-gnueabihf set size:undefined disposed:false
2031 silly fetch manifest nanoid@^3.3.16
2032 silly packumentCache full:https://registry.npmjs.org/nanoid cache-miss
2033 http fetch GET 200 https://registry.npmjs.org/lightningcss-linux-arm64-musl 72ms (cache miss)
2034 silly packumentCache full:https://registry.npmjs.org/lightningcss-linux-arm64-musl set size:undefined disposed:false
2035 silly fetch manifest source-map-js@^1.2.1
2036 silly packumentCache full:https://registry.npmjs.org/source-map-js cache-miss
2037 http fetch GET 200 https://registry.npmjs.org/lightningcss-darwin-arm64 74ms (cache miss)
2038 silly packumentCache full:https://registry.npmjs.org/lightningcss-darwin-arm64 set size:undefined disposed:false
2039 http cache https://registry.npmjs.org/nanoid 2ms (cache hit)
2040 silly packumentCache full:https://registry.npmjs.org/nanoid set size:335912 disposed:false
2041 http fetch GET 200 https://registry.npmjs.org/lightningcss-linux-x64-gnu 83ms (cache miss)
2042 silly packumentCache full:https://registry.npmjs.org/lightningcss-linux-x64-gnu set size:undefined disposed:false
2043 http fetch GET 200 https://registry.npmjs.org/lightningcss-win32-x64-msvc 87ms (cache miss)
2044 silly packumentCache full:https://registry.npmjs.org/lightningcss-win32-x64-msvc set size:undefined disposed:false
2045 http fetch GET 200 https://registry.npmjs.org/lightningcss-linux-arm64-gnu 92ms (cache miss)
2046 silly packumentCache full:https://registry.npmjs.org/lightningcss-linux-arm64-gnu set size:undefined disposed:false
2047 http fetch GET 200 https://registry.npmjs.org/lightningcss-android-arm64 66ms (cache miss)
2048 silly packumentCache full:https://registry.npmjs.org/lightningcss-android-arm64 set size:undefined disposed:false
2049 http fetch GET 200 https://registry.npmjs.org/lightningcss-freebsd-x64 68ms (cache miss)
2050 silly packumentCache full:https://registry.npmjs.org/lightningcss-freebsd-x64 set size:undefined disposed:false
2051 http fetch GET 200 https://registry.npmjs.org/lightningcss-linux-x64-musl 68ms (cache miss)
2052 silly packumentCache full:https://registry.npmjs.org/lightningcss-linux-x64-musl set size:undefined disposed:false
2053 http fetch GET 200 https://registry.npmjs.org/source-map-js 67ms (cache miss)
2054 silly packumentCache full:https://registry.npmjs.org/source-map-js set size:undefined disposed:false
2055 silly placeDep ROOT @xmldom/xmldom@0.8.13 OK for: @expo/plist@0.8.1 want: ^0.8.8
2056 silly placeDep ROOT base64-js@1.5.1 OK for: @expo/plist@0.8.1 want: ^1.5.1
2057 silly placeDep ROOT xmlbuilder@15.1.1 OK for: @expo/plist@0.8.1 want: ^15.1.1
2058 silly placeDep ROOT cross-spawn@7.0.6 OK for: @expo/spawn-async@1.8.0 want: ^7.0.6
2059 silly fetch manifest which@^2.0.1
2060 silly packumentCache full:https://registry.npmjs.org/which cache-miss
2061 silly fetch manifest path-key@^3.1.0
2062 silly packumentCache full:https://registry.npmjs.org/path-key cache-miss
2063 silly fetch manifest shebang-command@^2.0.0
2064 silly packumentCache full:https://registry.npmjs.org/shebang-command cache-miss
2065 http fetch GET 200 https://registry.npmjs.org/which 66ms (cache miss)
2066 silly packumentCache full:https://registry.npmjs.org/which set size:undefined disposed:false
2067 http fetch GET 200 https://registry.npmjs.org/shebang-command 82ms (cache miss)
2068 silly packumentCache full:https://registry.npmjs.org/shebang-command set size:undefined disposed:false
2069 http fetch GET 200 https://registry.npmjs.org/path-key 244ms (cache miss)
2070 silly packumentCache full:https://registry.npmjs.org/path-key set size:undefined disposed:false
2071 silly fetch manifest @babel/core@^7.12.0
2072 silly packumentCache full:https://registry.npmjs.org/@babel%2fcore cache-hit
2073 silly placeDep ROOT @babel/plugin-proposal-decorators@7.29.7 OK for: babel-preset-expo@57.0.5 want: ^7.12.9
2074 silly placeDep ROOT @babel/plugin-transform-class-static-block@7.29.7 OK for: babel-preset-expo@57.0.5 want: ^7.27.1
2075 silly placeDep ROOT @babel/plugin-transform-export-namespace-from@7.29.7 OK for: babel-preset-expo@57.0.5 want: ^7.25.9
2076 silly placeDep ROOT @babel/plugin-transform-logical-assignment-operators@7.29.7 OK for: babel-preset-expo@57.0.5 want: ^7.24.7
2077 silly placeDep ROOT @babel/plugin-transform-object-rest-spread@7.29.7 OK for: babel-preset-expo@57.0.5 want: ^7.24.7
2078 silly placeDep ROOT @babel/plugin-transform-parameters@7.29.7 OK for: babel-preset-expo@57.0.5 want: ^7.24.7
2079 silly placeDep ROOT @babel/plugin-transform-react-jsx-development@7.29.7 OK for: babel-preset-expo@57.0.5 want: ^7.27.1
2080 silly placeDep ROOT @babel/plugin-transform-react-pure-annotations@7.29.7 OK for: babel-preset-expo@57.0.5 want: ^7.27.1
2081 silly placeDep ROOT @babel/preset-typescript@7.29.7 OK for: babel-preset-expo@57.0.5 want: ^7.23.0
2082 silly placeDep ROOT babel-plugin-react-compiler@1.0.0 OK for: babel-preset-expo@57.0.5 want: ^1.0.0
2083 silly placeDep ROOT babel-plugin-react-native-web@0.21.2 OK for: babel-preset-expo@57.0.5 want: ~0.21.0
2084 silly fetch manifest @babel/plugin-syntax-decorators@^7.29.7
2085 silly packumentCache full:https://registry.npmjs.org/@babel%2fplugin-syntax-decorators cache-miss
2086 silly fetch manifest @babel/plugin-transform-parameters@^7.29.7
2087 silly packumentCache full:https://registry.npmjs.org/@babel%2fplugin-transform-parameters cache-miss
2088 http cache https://registry.npmjs.org/@babel%2fplugin-transform-parameters 2ms (cache hit)
2089 silly packumentCache full:https://registry.npmjs.org/@babel%2fplugin-transform-parameters set size:282283 disposed:false
2090 http fetch GET 200 https://registry.npmjs.org/@babel%2fplugin-syntax-decorators 102ms (cache miss)
2091 silly packumentCache full:https://registry.npmjs.org/@babel%2fplugin-syntax-decorators set size:undefined disposed:false
2092 silly placeDep ROOT @babel/plugin-syntax-decorators@7.29.7 OK for: @babel/plugin-proposal-decorators@7.29.7 want: ^7.29.7
2093 silly placeDep ROOT ansi-styles@4.3.0 OK for: chalk@4.1.2 want: ^4.1.0
2094 silly placeDep ROOT supports-color@7.2.0 OK for: chalk@4.1.2 want: ^7.1.0
2095 silly fetch manifest color-convert@^2.0.1
2096 silly packumentCache full:https://registry.npmjs.org/color-convert cache-miss
2097 silly fetch manifest has-flag@^4.0.0
2098 silly packumentCache full:https://registry.npmjs.org/has-flag cache-miss
2099 http fetch GET 200 https://registry.npmjs.org/has-flag 66ms (cache miss)
2100 silly packumentCache full:https://registry.npmjs.org/has-flag set size:undefined disposed:false
2101 http fetch GET 200 https://registry.npmjs.org/color-convert 83ms (cache miss)
2102 silly packumentCache full:https://registry.npmjs.org/color-convert set size:undefined disposed:false
2103 silly placeDep ROOT color-convert@2.0.1 OK for: ansi-styles@4.3.0 want: ^2.0.1
2104 silly fetch manifest color-name@~1.1.4
2105 silly packumentCache full:https://registry.npmjs.org/color-name cache-miss
2106 http fetch GET 200 https://registry.npmjs.org/color-name 71ms (cache miss)
2107 silly packumentCache full:https://registry.npmjs.org/color-name set size:undefined disposed:false
2108 silly placeDep ROOT color-name@1.1.4 OK for: color-convert@2.0.1 want: ~1.1.4
2109 silly placeDep ROOT path-key@3.1.1 OK for: cross-spawn@7.0.6 want: ^3.1.0
2110 silly placeDep ROOT shebang-command@2.0.0 OK for: cross-spawn@7.0.6 want: ^2.0.0
2111 silly placeDep ROOT which@2.0.2 OK for: cross-spawn@7.0.6 want: ^2.0.1
2112 silly fetch manifest shebang-regex@^3.0.0
2113 silly packumentCache full:https://registry.npmjs.org/shebang-regex cache-miss
2114 silly fetch manifest isexe@^2.0.0
2115 silly packumentCache full:https://registry.npmjs.org/isexe cache-miss
2116 http fetch GET 200 https://registry.npmjs.org/isexe 79ms (cache miss)
2117 silly packumentCache full:https://registry.npmjs.org/isexe set size:undefined disposed:false
2118 http fetch GET 200 https://registry.npmjs.org/shebang-regex 79ms (cache miss)
2119 silly packumentCache full:https://registry.npmjs.org/shebang-regex set size:undefined disposed:false
2120 silly placeDep ROOT @expo/image-utils@0.11.4 OK for: expo-asset@57.0.8 want: ^0.11.4
2121 silly fetch manifest parse-png@^2.1.0
2122 silly packumentCache full:https://registry.npmjs.org/parse-png cache-miss
2123 silly fetch manifest jimp-compact@0.16.1
2124 silly packumentCache full:https://registry.npmjs.org/jimp-compact cache-miss
2125 http fetch GET 200 https://registry.npmjs.org/parse-png 68ms (cache miss)
2126 silly packumentCache full:https://registry.npmjs.org/parse-png set size:undefined disposed:false
2127 http fetch GET 200 https://registry.npmjs.org/jimp-compact 115ms (cache miss)
2128 silly packumentCache full:https://registry.npmjs.org/jimp-compact set size:undefined disposed:false
2129 silly placeDep ROOT jimp-compact@0.16.1 OK for: @expo/image-utils@0.11.4 want: 0.16.1
2130 silly placeDep ROOT parse-png@2.1.0 OK for: @expo/image-utils@0.11.4 want: ^2.1.0
2131 silly fetch manifest pngjs@^3.3.0
2132 silly packumentCache full:https://registry.npmjs.org/pngjs cache-miss
2133 http fetch GET 200 https://registry.npmjs.org/pngjs 74ms (cache miss)
2134 silly packumentCache full:https://registry.npmjs.org/pngjs set size:undefined disposed:false
2135 silly placeDep ROOT fontfaceobserver@2.3.0 OK for: expo-font@57.0.1 want: ^2.1.0
2136 silly placeDep ROOT commander@7.2.0 OK for: expo-modules-autolinking@57.0.9 want: ^7.2.0
2137 silly placeDep ROOT @expo/expo-modules-macros-plugin@0.6.1 OK for: expo-modules-core@57.0.8 want: 0.6.1
2138 silly placeDep ROOT expo-modules-jsi@57.0.4 OK for: expo-modules-core@57.0.8 want: ~57.0.4
2139 silly fetch manifest react-native-worklets@*
2140 silly packumentCache full:https://registry.npmjs.org/react-native-worklets cache-miss
2141 http cache https://registry.npmjs.org/react-native-worklets 3ms (cache hit)
2142 silly packumentCache full:https://registry.npmjs.org/react-native-worklets set size:3083618 disposed:false
2143 silly fetch manifest @types/react@*
2144 silly packumentCache full:https://registry.npmjs.org/@types%2freact cache-miss
2145 http cache https://registry.npmjs.org/@types%2freact 4ms (cache hit)
2146 silly packumentCache full:https://registry.npmjs.org/@types%2freact set size:2632776 disposed:false
2147 silly fetch manifest @types/react-dom@*
2148 silly packumentCache full:https://registry.npmjs.org/@types%2freact-dom cache-miss
2149 http fetch GET 200 https://registry.npmjs.org/@types%2freact-dom 115ms (cache miss)
2150 silly packumentCache full:https://registry.npmjs.org/@types%2freact-dom set size:undefined disposed:false
2151 silly fetch manifest @testing-library/dom@>=7.21.4
2152 silly packumentCache full:https://registry.npmjs.org/@testing-library%2fdom cache-miss
2153 http fetch GET 200 https://registry.npmjs.org/@testing-library%2fdom 98ms (cache miss)
2154 silly packumentCache full:https://registry.npmjs.org/@testing-library%2fdom set size:undefined disposed:false
2155 silly placeDep ROOT @expo/metro-runtime@57.0.8 OK for: expo-router@57.0.9 want: ^57.0.8
2156 silly placeDep ROOT @expo/schema-utils@57.0.2 OK for: expo-router@57.0.9 want: ^57.0.2
2157 silly placeDep ROOT @expo/ui@57.0.8 OK for: expo-router@57.0.9 want: ^57.0.8
2158 silly placeDep ROOT @radix-ui/react-slot@1.3.3 OK for: expo-router@57.0.9 want: ^1.2.0
2159 silly placeDep ROOT @radix-ui/react-tabs@1.1.21 OK for: expo-router@57.0.9 want: ^1.1.12
2160 silly placeDep ROOT @react-native-masked-view/masked-view@0.3.2 OK for: expo-router@57.0.9 want: ^0.3.2
2161 silly placeDep ROOT @testing-library/jest-dom@6.9.1 OK for: expo-router@57.0.9 want: ^6.9.1
2162 silly placeDep ROOT @testing-library/user-event@14.6.1 OK for: expo-router@57.0.9 want: ^14.6.1
2163 silly placeDep ROOT @testing-library/dom@10.4.1 OK for: @testing-library/user-event@14.6.1 want: >=7.21.4
2164 silly placeDep ROOT client-only@0.0.1 OK for: expo-router@57.0.9 want: ^0.0.1
2165 silly placeDep ROOT color@4.2.3 OK for: expo-router@57.0.9 want: ^4.2.3
2166 silly placeDep ROOT escape-string-regexp@4.0.0 OK for: expo-router@57.0.9 want: ^4.0.0
2167 silly placeDep ROOT expo-glass-effect@57.0.1 OK for: expo-router@57.0.9 want: ^57.0.1
2168 silly placeDep ROOT expo-server@57.0.1 OK for: expo-router@57.0.9 want: ^57.0.1
2169 silly placeDep ROOT fast-deep-equal@3.1.3 OK for: expo-router@57.0.9 want: ^3.1.3
2170 silly placeDep ROOT nanoid@3.3.16 OK for: expo-router@57.0.9 want: ^3.3.8
2171 silly placeDep ROOT query-string@7.1.3 OK for: expo-router@57.0.9 want: ^7.1.3
2172 silly placeDep ROOT react-fast-compare@3.2.2 OK for: expo-router@57.0.9 want: ^3.2.2
2173 silly placeDep ROOT react-is@19.2.8 OK for: expo-router@57.0.9 want: ^19.1.0
2174 silly placeDep ROOT react-native-drawer-layout@4.2.9 OK for: expo-router@57.0.9 want: ^4.2.2
2175 silly placeDep ROOT react-native-gesture-handler@3.1.0 OK for: react-native-drawer-layout@4.2.9 want: >= 2.0.0
2176 silly placeDep ROOT server-only@0.0.1 OK for: expo-router@57.0.9 want: ^0.0.1
2177 silly placeDep ROOT sf-symbols-typescript@2.2.0 OK for: expo-router@57.0.9 want: ^2.1.0
2178 silly placeDep ROOT shallowequal@1.1.0 OK for: expo-router@57.0.9 want: ^1.1.0
2179 silly placeDep ROOT standard-navigation@0.0.5 OK for: expo-router@57.0.9 want: ^0.0.5
2180 silly placeDep ROOT vaul@1.1.2 OK for: expo-router@57.0.9 want: ^1.1.2
2181 silly fetch manifest @radix-ui/react-compose-refs@1.1.5
2182 silly packumentCache full:https://registry.npmjs.org/@radix-ui%2freact-compose-refs cache-miss
2183 silly fetch manifest @radix-ui/react-id@1.1.4
2184 silly packumentCache full:https://registry.npmjs.org/@radix-ui%2freact-id cache-miss
2185 silly fetch manifest @radix-ui/primitive@1.1.7
2186 silly packumentCache full:https://registry.npmjs.org/@radix-ui%2fprimitive cache-miss
2187 silly fetch manifest @radix-ui/react-context@1.2.2
2188 silly packumentCache full:https://registry.npmjs.org/@radix-ui%2freact-context cache-miss
2189 silly fetch manifest @radix-ui/react-presence@1.1.10
2190 silly packumentCache full:https://registry.npmjs.org/@radix-ui%2freact-presence cache-miss
2191 silly fetch manifest @radix-ui/react-direction@1.1.4
2192 silly packumentCache full:https://registry.npmjs.org/@radix-ui%2freact-direction cache-miss
2193 silly fetch manifest @radix-ui/react-primitive@2.1.10
2194 silly packumentCache full:https://registry.npmjs.org/@radix-ui%2freact-primitive cache-miss
2195 silly fetch manifest @radix-ui/react-roving-focus@1.1.19
2196 silly packumentCache full:https://registry.npmjs.org/@radix-ui%2freact-roving-focus cache-miss
2197 silly fetch manifest @radix-ui/react-use-controllable-state@1.2.6
2198 silly packumentCache full:https://registry.npmjs.org/@radix-ui%2freact-use-controllable-state cache-miss
2199 http fetch GET 200 https://registry.npmjs.org/@radix-ui%2fprimitive 283ms (cache miss)
2200 silly packumentCache full:https://registry.npmjs.org/@radix-ui%2fprimitive set size:undefined disposed:false
2201 silly fetch manifest redent@^3.0.0
2202 silly packumentCache full:https://registry.npmjs.org/redent cache-miss
2203 http fetch GET 200 https://registry.npmjs.org/@radix-ui%2freact-context 289ms (cache miss)
2204 silly packumentCache full:https://registry.npmjs.org/@radix-ui%2freact-context set size:undefined disposed:false
2205 silly fetch manifest aria-query@^5.0.0
2206 silly packumentCache full:https://registry.npmjs.org/aria-query cache-miss
2207 http fetch GET 200 https://registry.npmjs.org/@radix-ui%2freact-direction 291ms (cache miss)
2208 silly packumentCache full:https://registry.npmjs.org/@radix-ui%2freact-direction set size:undefined disposed:false
2209 silly fetch manifest css.escape@^1.5.1
2210 silly packumentCache full:https://registry.npmjs.org/css.escape cache-miss
2211 http fetch GET 200 https://registry.npmjs.org/@radix-ui%2freact-compose-refs 292ms (cache miss)
2212 silly packumentCache full:https://registry.npmjs.org/@radix-ui%2freact-compose-refs set size:undefined disposed:false
2213 silly fetch manifest @adobe/css-tools@^4.4.0
2214 silly packumentCache full:https://registry.npmjs.org/@adobe%2fcss-tools cache-miss
2215 http fetch GET 200 https://registry.npmjs.org/@radix-ui%2freact-use-controllable-state 294ms (cache miss)
2216 silly packumentCache full:https://registry.npmjs.org/@radix-ui%2freact-use-controllable-state set size:undefined disposed:false
2217 silly fetch manifest dom-accessibility-api@^0.6.3
2218 silly packumentCache full:https://registry.npmjs.org/dom-accessibility-api cache-miss
2219 http fetch GET 200 https://registry.npmjs.org/@radix-ui%2freact-id 295ms (cache miss)
2220 silly packumentCache full:https://registry.npmjs.org/@radix-ui%2freact-id set size:undefined disposed:false
2221 silly fetch manifest lz-string@^1.5.0
2222 silly packumentCache full:https://registry.npmjs.org/lz-string cache-miss
2223 http fetch GET 200 https://registry.npmjs.org/@radix-ui%2freact-presence 297ms (cache miss)
2224 silly packumentCache full:https://registry.npmjs.org/@radix-ui%2freact-presence set size:undefined disposed:false
2225 silly fetch manifest aria-query@5.3.0
2226 silly packumentCache full:https://registry.npmjs.org/aria-query cache-miss
2227 http fetch GET 200 https://registry.npmjs.org/@radix-ui%2freact-primitive 299ms (cache miss)
2228 silly packumentCache full:https://registry.npmjs.org/@radix-ui%2freact-primitive set size:undefined disposed:false
2229 silly fetch manifest pretty-format@^27.0.2
2230 silly packumentCache full:https://registry.npmjs.org/pretty-format cache-miss
2231 http fetch GET 200 https://registry.npmjs.org/@radix-ui%2freact-roving-focus 301ms (cache miss)
2232 silly packumentCache full:https://registry.npmjs.org/@radix-ui%2freact-roving-focus set size:undefined disposed:false
2233 silly fetch manifest @types/aria-query@^5.0.1
2234 silly packumentCache full:https://registry.npmjs.org/@types%2faria-query cache-miss
2235 http cache https://registry.npmjs.org/pretty-format 4ms (cache hit)
2236 silly packumentCache full:https://registry.npmjs.org/pretty-format set size:598313 disposed:false
2237 silly fetch manifest dom-accessibility-api@^0.5.9
2238 silly packumentCache full:https://registry.npmjs.org/dom-accessibility-api cache-miss
2239 http fetch GET 200 https://registry.npmjs.org/redent 69ms (cache miss)
2240 silly packumentCache full:https://registry.npmjs.org/redent set size:undefined disposed:false
2241 silly fetch manifest color-string@^1.9.0
2242 silly packumentCache full:https://registry.npmjs.org/color-string cache-miss
2243 http fetch GET 200 https://registry.npmjs.org/css.escape 65ms (cache miss)
2244 silly packumentCache full:https://registry.npmjs.org/css.escape set size:undefined disposed:false
2245 silly fetch manifest filter-obj@^1.1.0
2246 silly packumentCache full:https://registry.npmjs.org/filter-obj cache-miss
2247 http fetch GET 200 https://registry.npmjs.org/dom-accessibility-api 71ms (cache miss)
2248 silly packumentCache full:https://registry.npmjs.org/dom-accessibility-api set size:undefined disposed:false
2249 silly fetch manifest split-on-first@^1.0.0
2250 silly packumentCache full:https://registry.npmjs.org/split-on-first cache-miss
2251 http fetch GET 200 https://registry.npmjs.org/lz-string 85ms (cache miss)
2252 silly packumentCache full:https://registry.npmjs.org/lz-string set size:undefined disposed:false
2253 silly fetch manifest strict-uri-encode@^2.0.0
2254 silly packumentCache full:https://registry.npmjs.org/strict-uri-encode cache-miss
2255 http fetch GET 200 https://registry.npmjs.org/dom-accessibility-api 76ms (cache miss)
2256 silly packumentCache full:https://registry.npmjs.org/dom-accessibility-api set size:undefined disposed:false
2257 silly fetch manifest decode-uri-component@^0.2.2
2258 silly packumentCache full:https://registry.npmjs.org/decode-uri-component cache-miss
2259 http fetch GET 200 https://registry.npmjs.org/aria-query 85ms (cache miss)
2260 silly packumentCache full:https://registry.npmjs.org/aria-query set size:undefined disposed:false
2261 silly fetch manifest use-latest-callback@^0.2.4
2262 silly packumentCache full:https://registry.npmjs.org/use-latest-callback cache-miss
2263 http fetch GET 200 https://registry.npmjs.org/@types%2faria-query 119ms (cache miss)
2264 silly packumentCache full:https://registry.npmjs.org/@types%2faria-query set size:undefined disposed:false
2265 silly fetch manifest @types/react-test-renderer@^19.1.0
2266 silly packumentCache full:https://registry.npmjs.org/@types%2freact-test-renderer cache-miss
2267 http fetch GET 200 https://registry.npmjs.org/color-string 68ms (cache miss)
2268 silly packumentCache full:https://registry.npmjs.org/color-string set size:undefined disposed:false
2269 silly fetch manifest @radix-ui/react-dialog@^1.1.1
2270 silly packumentCache full:https://registry.npmjs.org/@radix-ui%2freact-dialog cache-miss
2271 http fetch GET 200 https://registry.npmjs.org/filter-obj 67ms (cache miss)
2272 silly packumentCache full:https://registry.npmjs.org/filter-obj set size:undefined disposed:false
2273 http fetch GET 200 https://registry.npmjs.org/split-on-first 66ms (cache miss)
2274 silly packumentCache full:https://registry.npmjs.org/split-on-first set size:undefined disposed:false
2275 http fetch GET 200 https://registry.npmjs.org/decode-uri-component 66ms (cache miss)
2276 silly packumentCache full:https://registry.npmjs.org/decode-uri-component set size:undefined disposed:false
2277 http fetch GET 200 https://registry.npmjs.org/strict-uri-encode 75ms (cache miss)
2278 silly packumentCache full:https://registry.npmjs.org/strict-uri-encode set size:undefined disposed:false
2279 http fetch GET 200 https://registry.npmjs.org/use-latest-callback 85ms (cache miss)
2280 silly packumentCache full:https://registry.npmjs.org/use-latest-callback set size:undefined disposed:false
2281 http fetch GET 200 https://registry.npmjs.org/@types%2freact-test-renderer 107ms (cache miss)
2282 silly packumentCache full:https://registry.npmjs.org/@types%2freact-test-renderer set size:undefined disposed:false
2283 http fetch GET 200 https://registry.npmjs.org/@radix-ui%2freact-dialog 109ms (cache miss)
2284 silly packumentCache full:https://registry.npmjs.org/@radix-ui%2freact-dialog set size:undefined disposed:false
2285 http fetch GET 200 https://registry.npmjs.org/aria-query 277ms (cache miss)
2286 silly packumentCache full:https://registry.npmjs.org/aria-query set size:undefined disposed:false
2287 http fetch GET 200 https://registry.npmjs.org/@adobe%2fcss-tools 465ms (cache miss)
2288 silly packumentCache full:https://registry.npmjs.org/@adobe%2fcss-tools set size:undefined disposed:false
2289 silly placeDep ROOT whatwg-fetch@3.6.20 OK for: @expo/metro-runtime@57.0.8 want: ^3.0.0
2290 silly fetch manifest react@^16.8 || ^17.0 || ^18.0 || ^19.0 || ^19.0.0-rc
2291 silly packumentCache full:https://registry.npmjs.org/react cache-miss
2292 http cache https://registry.npmjs.org/react 7ms (cache hit)
2293 silly packumentCache full:https://registry.npmjs.org/react set size:6844555 disposed:false
2294 silly placeDep ROOT @radix-ui/react-compose-refs@1.1.5 OK for: @radix-ui/react-slot@1.3.3 want: 1.1.5
2295 silly fetch manifest react-dom@^16.8 || ^17.0 || ^18.0 || ^19.0 || ^19.0.0-rc
2296 silly packumentCache full:https://registry.npmjs.org/react-dom cache-miss
2297 http cache https://registry.npmjs.org/react-dom 10ms (cache hit)
2298 silly packumentCache full:https://registry.npmjs.org/react-dom set size:9183359 disposed:false
2299 silly placeDep ROOT @radix-ui/primitive@1.1.7 OK for: @radix-ui/react-tabs@1.1.21 want: 1.1.7
2300 silly placeDep ROOT @radix-ui/react-context@1.2.2 OK for: @radix-ui/react-tabs@1.1.21 want: 1.2.2
2301 silly placeDep ROOT @radix-ui/react-direction@1.1.4 OK for: @radix-ui/react-tabs@1.1.21 want: 1.1.4
2302 silly placeDep ROOT @radix-ui/react-id@1.1.4 OK for: @radix-ui/react-tabs@1.1.21 want: 1.1.4
2303 silly placeDep ROOT @radix-ui/react-presence@1.1.10 OK for: @radix-ui/react-tabs@1.1.21 want: 1.1.10
2304 silly placeDep ROOT @radix-ui/react-primitive@2.1.10 OK for: @radix-ui/react-tabs@1.1.21 want: 2.1.10
2305 silly placeDep ROOT @radix-ui/react-roving-focus@1.1.19 OK for: @radix-ui/react-tabs@1.1.21 want: 1.1.19
2306 silly placeDep ROOT @radix-ui/react-use-controllable-state@1.2.6 OK for: @radix-ui/react-tabs@1.1.21 want: 1.2.6
2307 silly fetch manifest @radix-ui/react-use-layout-effect@1.1.4
2308 silly packumentCache full:https://registry.npmjs.org/@radix-ui%2freact-use-layout-effect cache-miss
2309 silly fetch manifest @radix-ui/react-use-layout-effect@1.1.4
2310 silly packumentCache full:https://registry.npmjs.org/@radix-ui%2freact-use-layout-effect cache-miss
2311 silly fetch manifest @radix-ui/react-collection@1.1.15
2312 silly packumentCache full:https://registry.npmjs.org/@radix-ui%2freact-collection cache-miss
2313 silly fetch manifest @radix-ui/react-use-is-hydrated@0.1.3
2314 silly packumentCache full:https://registry.npmjs.org/@radix-ui%2freact-use-is-hydrated cache-miss
2315 silly fetch manifest @radix-ui/react-use-callback-ref@1.1.4
2316 silly packumentCache full:https://registry.npmjs.org/@radix-ui%2freact-use-callback-ref cache-miss
2317 silly fetch manifest @radix-ui/react-use-layout-effect@1.1.4
2318 silly packumentCache full:https://registry.npmjs.org/@radix-ui%2freact-use-layout-effect cache-miss
2319 silly fetch manifest @radix-ui/react-use-effect-event@0.0.5
2320 silly packumentCache full:https://registry.npmjs.org/@radix-ui%2freact-use-effect-event cache-miss
2321 silly fetch manifest @radix-ui/react-use-layout-effect@1.1.4
2322 silly packumentCache full:https://registry.npmjs.org/@radix-ui%2freact-use-layout-effect cache-miss
2323 http fetch GET 200 https://registry.npmjs.org/@radix-ui%2freact-use-layout-effect 85ms (cache miss)
2324 silly packumentCache full:https://registry.npmjs.org/@radix-ui%2freact-use-layout-effect set size:undefined disposed:false
2325 http fetch GET 200 https://registry.npmjs.org/@radix-ui%2freact-use-layout-effect 86ms (cache miss)
2326 silly packumentCache full:https://registry.npmjs.org/@radix-ui%2freact-use-layout-effect set size:undefined disposed:false
2327 http fetch GET 200 https://registry.npmjs.org/@radix-ui%2freact-use-layout-effect 90ms (cache miss)
2328 silly packumentCache full:https://registry.npmjs.org/@radix-ui%2freact-use-layout-effect set size:undefined disposed:false
2329 http fetch GET 200 https://registry.npmjs.org/@radix-ui%2freact-use-layout-effect 103ms (cache miss)
2330 silly packumentCache full:https://registry.npmjs.org/@radix-ui%2freact-use-layout-effect set size:undefined disposed:false
2331 http fetch GET 200 https://registry.npmjs.org/@radix-ui%2freact-use-is-hydrated 109ms (cache miss)
2332 silly packumentCache full:https://registry.npmjs.org/@radix-ui%2freact-use-is-hydrated set size:undefined disposed:false
2333 http fetch GET 200 https://registry.npmjs.org/@radix-ui%2freact-collection 111ms (cache miss)
2334 silly packumentCache full:https://registry.npmjs.org/@radix-ui%2freact-collection set size:undefined disposed:false
2335 http fetch GET 200 https://registry.npmjs.org/@radix-ui%2freact-use-effect-event 116ms (cache miss)
2336 silly packumentCache full:https://registry.npmjs.org/@radix-ui%2freact-use-effect-event set size:undefined disposed:false
2337 http fetch GET 200 https://registry.npmjs.org/@radix-ui%2freact-use-callback-ref 117ms (cache miss)
2338 silly packumentCache full:https://registry.npmjs.org/@radix-ui%2freact-use-callback-ref set size:undefined disposed:false
2339 silly placeDep ROOT @radix-ui/react-use-layout-effect@1.1.4 OK for: @radix-ui/react-id@1.1.4 want: 1.1.4
2340 silly placeDep ROOT @radix-ui/react-collection@1.1.15 OK for: @radix-ui/react-roving-focus@1.1.19 want: 1.1.15
2341 silly placeDep ROOT @radix-ui/react-use-callback-ref@1.1.4 OK for: @radix-ui/react-roving-focus@1.1.19 want: 1.1.4
2342 silly placeDep ROOT @radix-ui/react-use-is-hydrated@0.1.3 OK for: @radix-ui/react-roving-focus@1.1.19 want: 0.1.3
2343 silly placeDep ROOT @radix-ui/react-use-effect-event@0.0.5 OK for: @radix-ui/react-use-controllable-state@1.2.6 want: 0.0.5
2344 silly placeDep ROOT @types/aria-query@5.0.4 OK for: @testing-library/dom@10.4.1 want: ^5.0.1
2345 silly placeDep ROOT aria-query@5.3.0 OK for: @testing-library/dom@10.4.1 want: 5.3.0
2346 silly placeDep ROOT dom-accessibility-api@0.5.16 OK for: @testing-library/dom@10.4.1 want: ^0.5.9
2347 silly placeDep ROOT lz-string@1.5.0 OK for: @testing-library/dom@10.4.1 want: ^1.5.0
2348 silly placeDep node_modules/@testing-library/dom pretty-format@27.5.1 OK for: @testing-library/dom@10.4.1 want: ^27.0.2
2349 silly fetch manifest dequal@^2.0.3
2350 silly packumentCache full:https://registry.npmjs.org/dequal cache-miss
2351 silly fetch manifest react-is@^17.0.1
2352 silly packumentCache full:https://registry.npmjs.org/react-is cache-miss
2353 silly fetch manifest ansi-regex@^5.0.1
2354 silly packumentCache full:https://registry.npmjs.org/ansi-regex cache-miss
2355 http cache https://registry.npmjs.org/ansi-regex 1ms (cache hit)
2356 silly packumentCache full:https://registry.npmjs.org/ansi-regex set size:43572 disposed:false
2357 http cache https://registry.npmjs.org/react-is 5ms (cache hit)
2358 silly packumentCache full:https://registry.npmjs.org/react-is set size:5537908 disposed:false
2359 http fetch GET 200 https://registry.npmjs.org/dequal 66ms (cache miss)
2360 silly packumentCache full:https://registry.npmjs.org/dequal set size:undefined disposed:false
2361 silly placeDep ROOT @adobe/css-tools@4.5.0 OK for: @testing-library/jest-dom@6.9.1 want: ^4.4.0
2362 silly placeDep ROOT css.escape@1.5.1 OK for: @testing-library/jest-dom@6.9.1 want: ^1.5.1
2363 silly placeDep node_modules/@testing-library/jest-dom dom-accessibility-api@0.6.3 OK for: @testing-library/jest-dom@6.9.1 want: ^0.6.3
2364 silly placeDep ROOT redent@3.0.0 OK for: @testing-library/jest-dom@6.9.1 want: ^3.0.0
2365 silly fetch manifest indent-string@^4.0.0
2366 silly packumentCache full:https://registry.npmjs.org/indent-string cache-miss
2367 silly fetch manifest strip-indent@^3.0.0
2368 silly packumentCache full:https://registry.npmjs.org/strip-indent cache-miss
2369 http fetch GET 200 https://registry.npmjs.org/indent-string 66ms (cache miss)
2370 silly packumentCache full:https://registry.npmjs.org/indent-string set size:undefined disposed:false
2371 http fetch GET 200 https://registry.npmjs.org/strip-indent 67ms (cache miss)
2372 silly packumentCache full:https://registry.npmjs.org/strip-indent set size:undefined disposed:false
2373 silly placeDep ROOT dequal@2.0.3 OK for: aria-query@5.3.0 want: ^2.0.3
2374 silly placeDep ROOT color-string@1.9.1 OK for: color@4.2.3 want: ^1.9.0
2375 silly fetch manifest simple-swizzle@^0.2.2
2376 silly packumentCache full:https://registry.npmjs.org/simple-swizzle cache-miss
2377 http fetch GET 200 https://registry.npmjs.org/simple-swizzle 63ms (cache miss)
2378 silly packumentCache full:https://registry.npmjs.org/simple-swizzle set size:undefined disposed:false
2379 silly placeDep ROOT simple-swizzle@0.2.4 OK for: color-string@1.9.1 want: ^0.2.2
2380 silly fetch manifest is-arrayish@^0.3.1
2381 silly packumentCache full:https://registry.npmjs.org/is-arrayish cache-miss
2382 http fetch GET 200 https://registry.npmjs.org/is-arrayish 64ms (cache miss)
2383 silly packumentCache full:https://registry.npmjs.org/is-arrayish set size:undefined disposed:false
2384 silly placeDep ROOT @expo-google-fonts/material-symbols@0.4.42 OK for: expo-symbols@57.0.1 want: ^0.4.1
2385 silly placeDep ROOT minipass@7.1.3 OK for: glob@13.0.6 want: ^7.1.3
2386 silly placeDep ROOT path-scurry@2.0.2 OK for: glob@13.0.6 want: ^2.0.2
2387 silly placeDep ROOT hermes-estree@0.36.0 OK for: hermes-parser@0.36.0 want: 0.36.0
2388 silly placeDep ROOT loose-envify@1.4.0 OK for: invariant@2.2.4 want: ^1.0.0
2389 silly placeDep ROOT detect-libc@2.1.2 OK for: lightningcss@1.33.0 want: ^2.0.3
2390 silly placeDep ROOT lightningcss-android-arm64@1.33.0 OK for: lightningcss@1.33.0 want: 1.33.0
2391 silly placeDep ROOT lightningcss-darwin-arm64@1.33.0 OK for: lightningcss@1.33.0 want: 1.33.0
2392 silly placeDep ROOT lightningcss-darwin-x64@1.33.0 OK for: lightningcss@1.33.0 want: 1.33.0
2393 silly placeDep ROOT lightningcss-freebsd-x64@1.33.0 OK for: lightningcss@1.33.0 want: 1.33.0
2394 silly placeDep ROOT lightningcss-linux-arm-gnueabihf@1.33.0 OK for: lightningcss@1.33.0 want: 1.33.0
2395 silly placeDep ROOT lightningcss-linux-arm64-gnu@1.33.0 OK for: lightningcss@1.33.0 want: 1.33.0
2396 silly placeDep ROOT lightningcss-linux-arm64-musl@1.33.0 OK for: lightningcss@1.33.0 want: 1.33.0
2397 silly placeDep ROOT lightningcss-linux-x64-gnu@1.33.0 OK for: lightningcss@1.33.0 want: 1.33.0
2398 silly placeDep ROOT lightningcss-linux-x64-musl@1.33.0 OK for: lightningcss@1.33.0 want: 1.33.0
2399 silly placeDep ROOT lightningcss-win32-arm64-msvc@1.33.0 OK for: lightningcss@1.33.0 want: 1.33.0
2400 silly placeDep ROOT lightningcss-win32-x64-msvc@1.33.0 OK for: lightningcss@1.33.0 want: 1.33.0
2401 silly placeDep ROOT yallist@3.1.1 OK for: lru-cache@5.1.1 want: ^3.0.2
2402 silly fetch manifest bufferutil@^4.0.1
2403 silly packumentCache full:https://registry.npmjs.org/bufferutil cache-miss
2404 http fetch GET 200 https://registry.npmjs.org/bufferutil 77ms (cache miss)
2405 silly packumentCache full:https://registry.npmjs.org/bufferutil set size:undefined disposed:false
2406 silly fetch manifest utf-8-validate@^5.0.2
2407 silly packumentCache full:https://registry.npmjs.org/utf-8-validate cache-miss
2408 http fetch GET 200 https://registry.npmjs.org/utf-8-validate 70ms (cache miss)
2409 silly packumentCache full:https://registry.npmjs.org/utf-8-validate set size:undefined disposed:false
2410 silly placeDep ROOT accepts@2.0.0 OK for: metro@0.84.4 want: ^2.0.0
2411 silly placeDep ROOT ci-info@2.0.0 OK for: metro@0.84.4 want: ^2.0.0
2412 silly placeDep ROOT connect@3.7.0 OK for: metro@0.84.4 want: ^3.6.5
2413 silly placeDep ROOT error-stack-parser@2.1.4 OK for: metro@0.84.4 want: ^2.0.6
2414 silly placeDep ROOT flow-enums-runtime@0.0.6 OK for: metro@0.84.4 want: ^0.0.6
2415 silly placeDep ROOT graceful-fs@4.2.11 OK for: metro@0.84.4 want: ^4.2.4
2416 silly placeDep node_modules/metro hermes-parser@0.35.0 OK for: metro@0.84.4 want: 0.35.0
2417 silly placeDep ROOT image-size@1.2.1 OK for: metro@0.84.4 want: ^1.0.2
2418 silly placeDep ROOT jest-worker@29.7.0 OK for: metro@0.84.4 want: ^29.7.0
2419 silly placeDep ROOT lodash.throttle@4.1.1 OK for: metro@0.84.4 want: ^4.1.1
2420 silly placeDep ROOT mime-types@3.0.2 OK for: metro@0.84.4 want: ^3.0.1
2421 silly placeDep ROOT serialize-error@2.1.0 OK for: metro@0.84.4 want: ^2.1.0
2422 silly placeDep ROOT source-map@0.5.7 OK for: metro@0.84.4 want: ^0.5.6
2423 silly placeDep ROOT throat@5.0.0 OK for: metro@0.84.4 want: ^5.0.0
2424 silly placeDep ROOT ws@7.5.13 OK for: metro@0.84.4 want: ^7.5.10
2425 silly fetch manifest mime-types@^3.0.0
2426 silly packumentCache full:https://registry.npmjs.org/mime-types cache-miss
2427 silly fetch manifest negotiator@^1.0.0
2428 silly packumentCache full:https://registry.npmjs.org/negotiator cache-miss
2429 silly fetch manifest debug@2.6.9
2430 silly packumentCache full:https://registry.npmjs.org/debug cache-hit
2431 silly fetch manifest finalhandler@1.1.2
2432 silly packumentCache full:https://registry.npmjs.org/finalhandler cache-miss
2433 silly fetch manifest parseurl@~1.3.3
2434 silly packumentCache full:https://registry.npmjs.org/parseurl cache-miss
2435 silly fetch manifest utils-merge@1.0.1
2436 silly packumentCache full:https://registry.npmjs.org/utils-merge cache-miss
2437 silly fetch manifest stackframe@^1.3.4
2438 silly packumentCache full:https://registry.npmjs.org/stackframe cache-miss
2439 silly fetch manifest hermes-estree@0.35.0
2440 silly packumentCache full:https://registry.npmjs.org/hermes-estree cache-miss
2441 silly fetch manifest queue@6.0.2
2442 silly packumentCache full:https://registry.npmjs.org/queue cache-miss
2443 silly fetch manifest jest-util@^29.7.0
2444 silly packumentCache full:https://registry.npmjs.org/jest-util cache-miss
2445 http cache https://registry.npmjs.org/mime-types 3ms (cache hit)
2446 silly packumentCache full:https://registry.npmjs.org/mime-types set size:139110 disposed:false
2447 silly fetch manifest @types/node@*
2448 silly packumentCache full:https://registry.npmjs.org/@types%2fnode cache-miss
2449 http cache https://registry.npmjs.org/hermes-estree 5ms (cache hit)
2450 silly packumentCache full:https://registry.npmjs.org/hermes-estree set size:132569 disposed:false
2451 silly fetch manifest merge-stream@^2.0.0
2452 silly packumentCache full:https://registry.npmjs.org/merge-stream cache-miss
2453 http fetch GET 200 https://registry.npmjs.org/parseurl 68ms (cache miss)
2454 silly packumentCache full:https://registry.npmjs.org/parseurl set size:undefined disposed:false
2455 silly fetch manifest supports-color@^8.0.0
2456 silly packumentCache full:https://registry.npmjs.org/supports-color cache-miss
2457 http fetch GET 200 https://registry.npmjs.org/utils-merge 69ms (cache miss)
2458 silly packumentCache full:https://registry.npmjs.org/utils-merge set size:undefined disposed:false
2459 silly fetch manifest mime-db@^1.54.0
2460 silly packumentCache full:https://registry.npmjs.org/mime-db cache-miss
2461 http fetch GET 200 https://registry.npmjs.org/stackframe 70ms (cache miss)
2462 silly packumentCache full:https://registry.npmjs.org/stackframe set size:undefined disposed:false
2463 http fetch GET 200 https://registry.npmjs.org/queue 69ms (cache miss)
2464 silly packumentCache full:https://registry.npmjs.org/queue set size:undefined disposed:false
2465 http cache https://registry.npmjs.org/supports-color 3ms (cache hit)
2466 silly packumentCache full:https://registry.npmjs.org/supports-color set size:124169 disposed:false
2467 http fetch GET 200 https://registry.npmjs.org/merge-stream 68ms (cache miss)
2468 silly packumentCache full:https://registry.npmjs.org/merge-stream set size:undefined disposed:false
2469 http fetch GET 200 https://registry.npmjs.org/finalhandler 88ms (cache miss)
2470 silly packumentCache full:https://registry.npmjs.org/finalhandler set size:undefined disposed:false
2471 http fetch GET 200 https://registry.npmjs.org/negotiator 90ms (cache miss)
2472 silly packumentCache full:https://registry.npmjs.org/negotiator set size:undefined disposed:false
2473 http fetch GET 200 https://registry.npmjs.org/mime-db 79ms (cache miss)
2474 silly packumentCache full:https://registry.npmjs.org/mime-db set size:undefined disposed:false
2475 http fetch GET 200 https://registry.npmjs.org/@types%2fnode 243ms (cache miss)
2476 silly packumentCache full:https://registry.npmjs.org/@types%2fnode set size:undefined disposed:false
2477 http fetch GET 200 https://registry.npmjs.org/jest-util 299ms (cache miss)
2478 silly packumentCache full:https://registry.npmjs.org/jest-util set size:undefined disposed:false
2479 silly placeDep ROOT negotiator@1.0.0 OK for: accepts@2.0.0 want: ^1.0.0
2480 silly placeDep node_modules/connect debug@2.6.9 OK for: connect@3.7.0 want: 2.6.9
2481 silly placeDep ROOT finalhandler@1.1.2 OK for: connect@3.7.0 want: 1.1.2
2482 silly placeDep ROOT parseurl@1.3.3 OK for: connect@3.7.0 want: ~1.3.3
2483 silly placeDep ROOT utils-merge@1.0.1 OK for: connect@3.7.0 want: 1.0.1
2484 silly fetch manifest ms@2.0.0
2485 silly packumentCache full:https://registry.npmjs.org/ms cache-miss
2486 silly fetch manifest unpipe@~1.0.0
2487 silly packumentCache full:https://registry.npmjs.org/unpipe cache-miss
2488 silly fetch manifest statuses@~1.5.0
2489 silly packumentCache full:https://registry.npmjs.org/statuses cache-miss
2490 silly fetch manifest encodeurl@~1.0.2
2491 silly packumentCache full:https://registry.npmjs.org/encodeurl cache-miss
2492 silly fetch manifest escape-html@~1.0.3
2493 silly packumentCache full:https://registry.npmjs.org/escape-html cache-miss
2494 silly fetch manifest on-finished@~2.3.0
2495 silly packumentCache full:https://registry.npmjs.org/on-finished cache-miss
2496 http cache https://registry.npmjs.org/ms 3ms (cache hit)
2497 silly packumentCache full:https://registry.npmjs.org/ms set size:92208 disposed:false
2498 http fetch GET 200 https://registry.npmjs.org/escape-html 68ms (cache miss)
2499 silly packumentCache full:https://registry.npmjs.org/escape-html set size:undefined disposed:false
2500 http fetch GET 200 https://registry.npmjs.org/unpipe 69ms (cache miss)
2501 silly packumentCache full:https://registry.npmjs.org/unpipe set size:undefined disposed:false
2502 http fetch GET 200 https://registry.npmjs.org/statuses 69ms (cache miss)
2503 silly packumentCache full:https://registry.npmjs.org/statuses set size:undefined disposed:false
2504 http fetch GET 200 https://registry.npmjs.org/encodeurl 70ms (cache miss)
2505 silly packumentCache full:https://registry.npmjs.org/encodeurl set size:undefined disposed:false
2506 http fetch GET 200 https://registry.npmjs.org/on-finished 85ms (cache miss)
2507 silly packumentCache full:https://registry.npmjs.org/on-finished set size:undefined disposed:false
2508 silly placeDep ROOT stackframe@1.3.4 OK for: error-stack-parser@2.1.4 want: ^1.3.4
2509 silly placeDep node_modules/finalhandler debug@2.6.9 OK for: finalhandler@1.1.2 want: 2.6.9
2510 silly placeDep ROOT encodeurl@1.0.2 OK for: finalhandler@1.1.2 want: ~1.0.2
2511 silly placeDep ROOT escape-html@1.0.3 OK for: finalhandler@1.1.2 want: ~1.0.3
2512 silly placeDep ROOT on-finished@2.3.0 OK for: finalhandler@1.1.2 want: ~2.3.0
2513 silly placeDep ROOT statuses@1.5.0 OK for: finalhandler@1.1.2 want: ~1.5.0
2514 silly placeDep ROOT unpipe@1.0.0 OK for: finalhandler@1.1.2 want: ~1.0.0
2515 silly fetch manifest ee-first@1.1.1
2516 silly packumentCache full:https://registry.npmjs.org/ee-first cache-miss
2517 http fetch GET 200 https://registry.npmjs.org/ee-first 83ms (cache miss)
2518 silly packumentCache full:https://registry.npmjs.org/ee-first set size:undefined disposed:false
2519 silly placeDep ROOT queue@6.0.2 OK for: image-size@1.2.1 want: 6.0.2
2520 silly fetch manifest inherits@~2.0.3
2521 silly packumentCache full:https://registry.npmjs.org/inherits cache-miss
2522 http fetch GET 200 https://registry.npmjs.org/inherits 65ms (cache miss)
2523 silly packumentCache full:https://registry.npmjs.org/inherits set size:undefined disposed:false
2524 silly placeDep ROOT @types/node@26.1.2 OK for: jest-worker@29.7.0 want: *
2525 silly placeDep ROOT jest-util@29.7.0 OK for: jest-worker@29.7.0 want: ^29.7.0
2526 silly placeDep ROOT merge-stream@2.0.0 OK for: jest-worker@29.7.0 want: ^2.0.0
2527 silly placeDep node_modules/jest-worker supports-color@8.1.1 OK for: jest-worker@29.7.0 want: ^8.0.0
2528 silly fetch manifest undici-types@~8.3.0
2529 silly packumentCache full:https://registry.npmjs.org/undici-types cache-miss
2530 silly fetch manifest ci-info@^3.2.0
2531 silly packumentCache full:https://registry.npmjs.org/ci-info cache-hit
2532 silly fetch manifest picomatch@^2.2.3
2533 silly packumentCache full:https://registry.npmjs.org/picomatch cache-miss
2534 silly fetch manifest @jest/types@^29.6.3
2535 silly packumentCache full:https://registry.npmjs.org/@jest%2ftypes cache-miss
2536 http cache https://registry.npmjs.org/picomatch 2ms (cache hit)
2537 silly packumentCache full:https://registry.npmjs.org/picomatch set size:128942 disposed:false
2538 http fetch GET 200 https://registry.npmjs.org/undici-types 84ms (cache miss)
2539 silly packumentCache full:https://registry.npmjs.org/undici-types set size:undefined disposed:false
2540 http fetch GET 200 https://registry.npmjs.org/@jest%2ftypes 274ms (cache miss)
2541 silly packumentCache full:https://registry.npmjs.org/@jest%2ftypes set size:undefined disposed:false
2542 silly placeDep ROOT undici-types@8.3.0 OK for: @types/node@26.1.2 want: ~8.3.0
2543 silly placeDep ROOT @jest/types@29.6.3 OK for: jest-util@29.7.0 want: ^29.6.3
2544 silly placeDep node_modules/jest-util ci-info@3.9.0 OK for: jest-util@29.7.0 want: ^3.2.0
2545 silly placeDep node_modules/jest-util picomatch@2.3.2 OK for: jest-util@29.7.0 want: ^2.2.3
2546 silly fetch manifest @types/yargs@^17.0.8
2547 silly packumentCache full:https://registry.npmjs.org/@types%2fyargs cache-miss
2548 silly fetch manifest @types/istanbul-reports@^3.0.0
2549 silly packumentCache full:https://registry.npmjs.org/@types%2fistanbul-reports cache-miss
2550 silly fetch manifest @types/istanbul-lib-coverage@^2.0.0
2551 silly packumentCache full:https://registry.npmjs.org/@types%2fistanbul-lib-coverage cache-miss
2552 http fetch GET 200 https://registry.npmjs.org/@types%2fistanbul-reports 72ms (cache miss)
2553 silly packumentCache full:https://registry.npmjs.org/@types%2fistanbul-reports set size:undefined disposed:false
2554 http fetch GET 200 https://registry.npmjs.org/@types%2fistanbul-lib-coverage 72ms (cache miss)
2555 silly packumentCache full:https://registry.npmjs.org/@types%2fistanbul-lib-coverage set size:undefined disposed:false
2556 http fetch GET 200 https://registry.npmjs.org/@types%2fyargs 80ms (cache miss)
2557 silly packumentCache full:https://registry.npmjs.org/@types%2fyargs set size:undefined disposed:false
2558 silly placeDep ROOT @jest/schemas@29.6.3 OK for: @jest/types@29.6.3 want: ^29.6.3
2559 silly placeDep ROOT @types/istanbul-lib-coverage@2.0.6 OK for: @jest/types@29.6.3 want: ^2.0.0
2560 silly placeDep ROOT @types/istanbul-reports@3.0.4 OK for: @jest/types@29.6.3 want: ^3.0.0
2561 silly placeDep ROOT @types/yargs@17.0.35 OK for: @jest/types@29.6.3 want: ^17.0.8
2562 silly fetch manifest @sinclair/typebox@^0.27.8
2563 silly packumentCache full:https://registry.npmjs.org/@sinclair%2ftypebox cache-miss
2564 silly fetch manifest @types/istanbul-lib-report@*
2565 silly packumentCache full:https://registry.npmjs.org/@types%2fistanbul-lib-report cache-miss
2566 silly fetch manifest @types/yargs-parser@*
2567 silly packumentCache full:https://registry.npmjs.org/@types%2fyargs-parser cache-miss
2568 http fetch GET 200 https://registry.npmjs.org/@types%2fyargs-parser 96ms (cache miss)
2569 silly packumentCache full:https://registry.npmjs.org/@types%2fyargs-parser set size:undefined disposed:false
2570 http fetch GET 200 https://registry.npmjs.org/@types%2fistanbul-lib-report 96ms (cache miss)
2571 silly packumentCache full:https://registry.npmjs.org/@types%2fistanbul-lib-report set size:undefined disposed:false
2572 http fetch GET 200 https://registry.npmjs.org/@sinclair%2ftypebox 103ms (cache miss)
2573 silly packumentCache full:https://registry.npmjs.org/@sinclair%2ftypebox set size:undefined disposed:false
2574 silly placeDep ROOT @sinclair/typebox@0.27.12 OK for: @jest/schemas@29.6.3 want: ^0.27.8
2575 silly placeDep ROOT @types/istanbul-lib-report@3.0.3 OK for: @types/istanbul-reports@3.0.4 want: *
2576 silly placeDep ROOT @types/yargs-parser@21.0.3 OK for: @types/yargs@17.0.35 want: *
2577 silly placeDep node_modules/metro-babel-transformer hermes-parser@0.35.0 OK for: metro-babel-transformer@0.84.4 want: 0.35.0
2578 silly placeDep ROOT exponential-backoff@3.1.3 OK for: metro-cache@0.84.4 want: ^3.1.1
2579 silly placeDep ROOT https-proxy-agent@7.0.6 OK for: metro-cache@0.84.4 want: ^7.0.5
2580 silly fetch manifest agent-base@^7.1.2
2581 silly packumentCache full:https://registry.npmjs.org/agent-base cache-miss
2582 http fetch GET 200 https://registry.npmjs.org/agent-base 79ms (cache miss)
2583 silly packumentCache full:https://registry.npmjs.org/agent-base set size:undefined disposed:false
2584 silly placeDep ROOT agent-base@7.1.4 OK for: https-proxy-agent@7.0.6 want: ^7.1.2
2585 silly placeDep ROOT jest-validate@29.7.0 OK for: metro-config@0.84.4 want: ^29.7.0
2586 silly placeDep ROOT yaml@2.9.0 OK for: metro-config@0.84.4 want: ^2.6.1
2587 silly fetch manifest leven@^3.1.0
2588 silly packumentCache full:https://registry.npmjs.org/leven cache-miss
2589 silly fetch manifest camelcase@^6.2.0
2590 silly packumentCache full:https://registry.npmjs.org/camelcase cache-miss
2591 silly fetch manifest jest-get-type@^29.6.3
2592 silly packumentCache full:https://registry.npmjs.org/jest-get-type cache-miss
2593 http fetch GET 200 https://registry.npmjs.org/camelcase 71ms (cache miss)
2594 silly packumentCache full:https://registry.npmjs.org/camelcase set size:undefined disposed:false
2595 http fetch GET 200 https://registry.npmjs.org/jest-get-type 72ms (cache miss)
2596 silly packumentCache full:https://registry.npmjs.org/jest-get-type set size:undefined disposed:false
2597 http fetch GET 200 https://registry.npmjs.org/leven 79ms (cache miss)
2598 silly packumentCache full:https://registry.npmjs.org/leven set size:undefined disposed:false
2599 silly placeDep ROOT camelcase@6.3.0 OK for: jest-validate@29.7.0 want: ^6.2.0
2600 silly placeDep ROOT jest-get-type@29.6.3 OK for: jest-validate@29.7.0 want: ^29.6.3
2601 silly placeDep ROOT leven@3.1.0 OK for: jest-validate@29.7.0 want: ^3.1.0
2602 silly placeDep ROOT fb-watchman@2.0.2 OK for: metro-file-map@0.84.4 want: ^2.0.0
2603 silly placeDep ROOT micromatch@4.0.8 OK for: metro-file-map@0.84.4 want: ^4.0.4
2604 silly placeDep ROOT walker@1.0.8 OK for: metro-file-map@0.84.4 want: ^1.0.7
2605 silly fetch manifest bser@2.1.1
2606 silly packumentCache full:https://registry.npmjs.org/bser cache-miss
2607 silly fetch manifest braces@^3.0.3
2608 silly packumentCache full:https://registry.npmjs.org/braces cache-miss
2609 silly fetch manifest picomatch@^2.3.1
2610 silly packumentCache full:https://registry.npmjs.org/picomatch cache-hit
2611 silly fetch manifest makeerror@1.0.12
2612 silly packumentCache full:https://registry.npmjs.org/makeerror cache-miss
2613 http fetch GET 200 https://registry.npmjs.org/braces 73ms (cache miss)
2614 silly packumentCache full:https://registry.npmjs.org/braces set size:undefined disposed:false
2615 http fetch GET 200 https://registry.npmjs.org/makeerror 95ms (cache miss)
2616 silly packumentCache full:https://registry.npmjs.org/makeerror set size:undefined disposed:false
2617 http fetch GET 200 https://registry.npmjs.org/bser 233ms (cache miss)
2618 silly packumentCache full:https://registry.npmjs.org/bser set size:undefined disposed:false
2619 silly placeDep ROOT bser@2.1.1 OK for: fb-watchman@2.0.2 want: 2.1.1
2620 silly fetch manifest node-int64@^0.4.0
2621 silly packumentCache full:https://registry.npmjs.org/node-int64 cache-miss
2622 http fetch GET 200 https://registry.npmjs.org/node-int64 87ms (cache miss)
2623 silly packumentCache full:https://registry.npmjs.org/node-int64 set size:undefined disposed:false
2624 silly placeDep ROOT node-int64@0.4.0 OK for: bser@2.1.1 want: ^0.4.0
2625 silly placeDep ROOT terser@5.49.0 OK for: metro-minify-terser@0.84.4 want: ^5.15.0
2626 silly fetch manifest @jridgewell/source-map@^0.3.3
2627 silly packumentCache full:https://registry.npmjs.org/@jridgewell%2fsource-map cache-miss
2628 silly fetch manifest acorn@^8.15.0
2629 silly packumentCache full:https://registry.npmjs.org/acorn cache-miss
2630 silly fetch manifest commander@^2.20.0
2631 silly packumentCache full:https://registry.npmjs.org/commander cache-hit
2632 silly fetch manifest source-map-support@~0.5.20
2633 silly packumentCache full:https://registry.npmjs.org/source-map-support cache-miss
2634 http fetch GET 200 https://registry.npmjs.org/source-map-support 79ms (cache miss)
2635 silly packumentCache full:https://registry.npmjs.org/source-map-support set size:undefined disposed:false
2636 http fetch GET 200 https://registry.npmjs.org/acorn 80ms (cache miss)
2637 silly packumentCache full:https://registry.npmjs.org/acorn set size:undefined disposed:false
2638 http fetch GET 200 https://registry.npmjs.org/@jridgewell%2fsource-map 294ms (cache miss)
2639 silly packumentCache full:https://registry.npmjs.org/@jridgewell%2fsource-map set size:undefined disposed:false
2640 silly placeDep ROOT ob1@0.84.4 OK for: metro-source-map@0.84.4 want: 0.84.4
2641 silly placeDep ROOT vlq@1.0.1 OK for: metro-source-map@0.84.4 want: ^1.0.0
2642 silly placeDep ROOT braces@3.0.3 OK for: micromatch@4.0.8 want: ^3.0.3
2643 silly placeDep node_modules/micromatch picomatch@2.3.2 OK for: micromatch@4.0.8 want: ^2.3.1
2644 silly fetch manifest fill-range@^7.1.1
2645 silly packumentCache full:https://registry.npmjs.org/fill-range cache-miss
2646 http fetch GET 200 https://registry.npmjs.org/fill-range 68ms (cache miss)
2647 silly packumentCache full:https://registry.npmjs.org/fill-range set size:undefined disposed:false
2648 silly placeDep ROOT fill-range@7.1.1 OK for: braces@3.0.3 want: ^7.1.1
2649 silly fetch manifest to-regex-range@^5.0.1
2650 silly packumentCache full:https://registry.npmjs.org/to-regex-range cache-miss
2651 http fetch GET 200 https://registry.npmjs.org/to-regex-range 81ms (cache miss)
2652 silly packumentCache full:https://registry.npmjs.org/to-regex-range set size:undefined disposed:false
2653 silly placeDep ROOT to-regex-range@5.0.1 OK for: fill-range@7.1.1 want: ^5.0.1
2654 silly fetch manifest is-number@^7.0.0
2655 silly packumentCache full:https://registry.npmjs.org/is-number cache-miss
2656 http fetch GET 200 https://registry.npmjs.org/is-number 68ms (cache miss)
2657 silly packumentCache full:https://registry.npmjs.org/is-number set size:undefined disposed:false
2658 silly placeDep ROOT mime-db@1.54.0 OK for: mime-types@3.0.2 want: ^1.54.0
2659 silly placeDep ROOT brace-expansion@5.0.8 OK for: minimatch@10.2.6 want: ^5.0.8
2660 silly fetch manifest balanced-match@^4.0.2
2661 silly packumentCache full:https://registry.npmjs.org/balanced-match cache-miss
2662 http fetch GET 200 https://registry.npmjs.org/balanced-match 83ms (cache miss)
2663 silly packumentCache full:https://registry.npmjs.org/balanced-match set size:undefined disposed:false
2664 silly placeDep ROOT balanced-match@4.0.4 OK for: brace-expansion@5.0.8 want: ^4.0.2
2665 silly placeDep ROOT ee-first@1.1.1 OK for: on-finished@2.3.0 want: 1.1.1
2666 silly placeDep ROOT pngjs@3.4.0 OK for: parse-png@2.1.0 want: ^3.3.0
2667 silly placeDep node_modules/path-scurry lru-cache@11.5.2 OK for: path-scurry@2.0.2 want: ^11.0.0
2668 silly placeDep ROOT source-map-js@1.2.1 OK for: postcss@8.5.25 want: ^1.2.1
2669 silly placeDep node_modules/pretty-format ansi-styles@5.2.0 OK for: pretty-format@29.7.0 want: ^5.0.0
2670 silly placeDep node_modules/pretty-format react-is@18.3.1 OK for: pretty-format@29.7.0 want: ^18.0.0
2671 silly placeDep ROOT decode-uri-component@0.2.2 OK for: query-string@7.1.3 want: ^0.2.2
2672 silly placeDep ROOT filter-obj@1.1.0 OK for: query-string@7.1.3 want: ^1.1.0
2673 silly placeDep ROOT split-on-first@1.1.0 OK for: query-string@7.1.3 want: ^1.0.0
2674 silly placeDep ROOT strict-uri-encode@2.0.0 OK for: query-string@7.1.3 want: ^2.0.0
2675 silly placeDep ROOT inherits@2.0.4 OK for: queue@6.0.2 want: ~2.0.3
2676 silly placeDep ROOT scheduler@0.27.0 OK for: react-dom@19.2.3 want: ^0.27.0
2677 silly fetch manifest react@^19.2.3
2678 silly packumentCache full:https://registry.npmjs.org/react cache-miss
2679 http cache https://registry.npmjs.org/react 8ms (cache hit)
2680 silly packumentCache full:https://registry.npmjs.org/react set size:6844555 disposed:false
2681 silly fetch manifest @react-native-community/cli@*
2682 silly packumentCache full:https://registry.npmjs.org/@react-native-community%2fcli cache-miss
2683 http fetch GET 200 https://registry.npmjs.org/@react-native-community%2fcli 99ms (cache miss)
2684 silly packumentCache full:https://registry.npmjs.org/@react-native-community%2fcli set size:undefined disposed:false
2685 silly fetch manifest @react-native/metro-config@0.86.2
2686 silly packumentCache full:https://registry.npmjs.org/@react-native%2fmetro-config cache-miss
2687 http cache https://registry.npmjs.org/@react-native%2fmetro-config 4ms (cache hit)
2688 silly packumentCache full:https://registry.npmjs.org/@react-native%2fmetro-config set size:2333051 disposed:false
2689 silly placeDep ROOT @react-native/assets-registry@0.86.2 OK for: react-native@0.86.2 want: 0.86.2
2690 silly placeDep ROOT @react-native/community-cli-plugin@0.86.2 OK for: react-native@0.86.2 want: 0.86.2
2691 silly placeDep ROOT @react-native/gradle-plugin@0.86.2 OK for: react-native@0.86.2 want: 0.86.2
2692 silly placeDep ROOT @react-native/normalize-colors@0.86.2 OK for: react-native@0.86.2 want: 0.86.2
2693 silly placeDep ROOT @react-native/virtualized-lists@0.86.2 OK for: react-native@0.86.2 want: 0.86.2
2694 silly placeDep ROOT abort-controller@3.0.0 OK for: react-native@0.86.2 want: ^3.0.0
2695 silly placeDep ROOT ansi-regex@5.0.1 OK for: react-native@0.86.2 want: ^5.0.0
2696 silly placeDep node_modules/react-native commander@12.1.0 OK for: react-native@0.86.2 want: ^12.0.0
2697 silly placeDep ROOT hermes-compiler@250829098.0.16 OK for: react-native@0.86.2 want: 250829098.0.16
2698 silly placeDep ROOT memoize-one@5.2.1 OK for: react-native@0.86.2 want: ^5.0.0
2699 silly placeDep ROOT promise@8.3.0 OK for: react-native@0.86.2 want: ^8.3.0
2700 silly placeDep ROOT react-devtools-core@6.1.5 OK for: react-native@0.86.2 want: ^6.1.5
2701 silly placeDep ROOT regenerator-runtime@0.13.11 OK for: react-native@0.86.2 want: ^0.13.2
2702 silly fetch manifest event-target-shim@^5.0.0
2703 silly packumentCache full:https://registry.npmjs.org/event-target-shim cache-miss
2704 silly fetch manifest asap@~2.0.6
2705 silly packumentCache full:https://registry.npmjs.org/asap cache-miss
2706 silly fetch manifest shell-quote@^1.6.1
2707 silly packumentCache full:https://registry.npmjs.org/shell-quote cache-miss
2708 http fetch GET 200 https://registry.npmjs.org/asap 74ms (cache miss)
2709 silly packumentCache full:https://registry.npmjs.org/asap set size:undefined disposed:false
2710 http fetch GET 200 https://registry.npmjs.org/shell-quote 74ms (cache miss)
2711 silly packumentCache full:https://registry.npmjs.org/shell-quote set size:undefined disposed:false
2712 http fetch GET 200 https://registry.npmjs.org/event-target-shim 97ms (cache miss)
2713 silly packumentCache full:https://registry.npmjs.org/event-target-shim set size:undefined disposed:false
2714 silly placeDep ROOT @react-native/dev-middleware@0.86.2 OK for: @react-native/community-cli-plugin@0.86.2 want: 0.86.2
2715 silly fetch manifest open@^7.0.3
2716 silly packumentCache full:https://registry.npmjs.org/open cache-miss
2717 silly fetch manifest serve-static@^1.16.2
2718 silly packumentCache full:https://registry.npmjs.org/serve-static cache-miss
2719 silly fetch manifest chrome-launcher@^0.15.2
2720 silly packumentCache full:https://registry.npmjs.org/chrome-launcher cache-miss
2721 silly fetch manifest @isaacs/ttlcache@^1.4.1
2722 silly packumentCache full:https://registry.npmjs.org/@isaacs%2fttlcache cache-miss
2723 silly fetch manifest chromium-edge-launcher@^0.3.0
2724 silly packumentCache full:https://registry.npmjs.org/chromium-edge-launcher cache-miss
2725 silly fetch manifest @react-native/debugger-shell@0.86.2
2726 silly packumentCache full:https://registry.npmjs.org/@react-native%2fdebugger-shell cache-miss
2727 silly fetch manifest @react-native/debugger-frontend@0.86.2
2728 silly packumentCache full:https://registry.npmjs.org/@react-native%2fdebugger-frontend cache-miss
2729 http fetch GET 200 https://registry.npmjs.org/open 71ms (cache miss)
2730 silly packumentCache full:https://registry.npmjs.org/open set size:undefined disposed:false
2731 http fetch GET 200 https://registry.npmjs.org/serve-static 73ms (cache miss)
2732 silly packumentCache full:https://registry.npmjs.org/serve-static set size:undefined disposed:false
2733 http fetch GET 200 https://registry.npmjs.org/@isaacs%2fttlcache 85ms (cache miss)
2734 silly packumentCache full:https://registry.npmjs.org/@isaacs%2fttlcache set size:undefined disposed:false
2735 http fetch GET 200 https://registry.npmjs.org/chromium-edge-launcher 85ms (cache miss)
2736 silly packumentCache full:https://registry.npmjs.org/chromium-edge-launcher set size:undefined disposed:false
2737 http fetch GET 200 https://registry.npmjs.org/chrome-launcher 86ms (cache miss)
2738 silly packumentCache full:https://registry.npmjs.org/chrome-launcher set size:undefined disposed:false
2739 http fetch GET 200 https://registry.npmjs.org/@react-native%2fdebugger-shell 93ms (cache miss)
2740 silly packumentCache full:https://registry.npmjs.org/@react-native%2fdebugger-shell set size:undefined disposed:false
2741 http fetch GET 200 https://registry.npmjs.org/@react-native%2fdebugger-frontend 116ms (cache miss)
2742 silly packumentCache full:https://registry.npmjs.org/@react-native%2fdebugger-frontend set size:undefined disposed:false
2743 silly placeDep ROOT @isaacs/ttlcache@1.4.1 OK for: @react-native/dev-middleware@0.86.2 want: ^1.4.1
2744 silly placeDep ROOT @react-native/debugger-frontend@0.86.2 OK for: @react-native/dev-middleware@0.86.2 want: 0.86.2
2745 silly placeDep ROOT @react-native/debugger-shell@0.86.2 OK for: @react-native/dev-middleware@0.86.2 want: 0.86.2
2746 silly placeDep ROOT chrome-launcher@0.15.2 OK for: @react-native/dev-middleware@0.86.2 want: ^0.15.2
2747 silly placeDep ROOT chromium-edge-launcher@0.3.0 OK for: @react-native/dev-middleware@0.86.2 want: ^0.3.0
2748 silly placeDep ROOT open@7.4.2 OK for: @react-native/dev-middleware@0.86.2 want: ^7.0.3
2749 silly placeDep ROOT serve-static@1.16.3 OK for: @react-native/dev-middleware@0.86.2 want: ^1.16.2
2750 silly fetch manifest fb-dotslash@0.5.8
2751 silly packumentCache full:https://registry.npmjs.org/fb-dotslash cache-miss
2752 silly fetch manifest is-wsl@^2.2.0
2753 silly packumentCache full:https://registry.npmjs.org/is-wsl cache-miss
2754 silly fetch manifest lighthouse-logger@^1.0.0
2755 silly packumentCache full:https://registry.npmjs.org/lighthouse-logger cache-miss
2756 silly fetch manifest is-wsl@^2.2.0
2757 silly packumentCache full:https://registry.npmjs.org/is-wsl cache-miss
2758 silly fetch manifest mkdirp@^1.0.4
2759 silly packumentCache full:https://registry.npmjs.org/mkdirp cache-miss
2760 silly fetch manifest lighthouse-logger@^1.0.0
2761 silly packumentCache full:https://registry.npmjs.org/lighthouse-logger cache-miss
2762 silly fetch manifest is-wsl@^2.1.1
2763 silly packumentCache full:https://registry.npmjs.org/is-wsl cache-miss
2764 silly fetch manifest is-docker@^2.0.0
2765 silly packumentCache full:https://registry.npmjs.org/is-docker cache-miss
2766 silly fetch manifest send@~0.19.1
2767 silly packumentCache full:https://registry.npmjs.org/send cache-miss
2768 http cache https://registry.npmjs.org/send 2ms (cache hit)
2769 silly packumentCache full:https://registry.npmjs.org/send set size:152810 disposed:false
2770 silly fetch manifest encodeurl@~2.0.0
2771 silly packumentCache full:https://registry.npmjs.org/encodeurl cache-miss
2772 http cache https://registry.npmjs.org/encodeurl 0ms (cache hit)
2773 silly packumentCache full:https://registry.npmjs.org/encodeurl set size:12296 disposed:false
2774 http fetch GET 200 https://registry.npmjs.org/is-wsl 72ms (cache miss)
2775 silly packumentCache full:https://registry.npmjs.org/is-wsl set size:undefined disposed:false
2776 http fetch GET 200 https://registry.npmjs.org/is-docker 72ms (cache miss)
2777 silly packumentCache full:https://registry.npmjs.org/is-docker set size:undefined disposed:false
2778 http fetch GET 200 https://registry.npmjs.org/lighthouse-logger 73ms (cache miss)
2779 silly packumentCache full:https://registry.npmjs.org/lighthouse-logger set size:undefined disposed:false
2780 http fetch GET 200 https://registry.npmjs.org/mkdirp 73ms (cache miss)
2781 silly packumentCache full:https://registry.npmjs.org/mkdirp set size:undefined disposed:false
2782 http fetch GET 200 https://registry.npmjs.org/is-wsl 88ms (cache miss)
2783 silly packumentCache full:https://registry.npmjs.org/is-wsl set size:undefined disposed:false
2784 http fetch GET 200 https://registry.npmjs.org/is-wsl 88ms (cache miss)
2785 silly packumentCache full:https://registry.npmjs.org/is-wsl set size:undefined disposed:false
2786 http fetch GET 200 https://registry.npmjs.org/lighthouse-logger 88ms (cache miss)
2787 silly packumentCache full:https://registry.npmjs.org/lighthouse-logger set size:undefined disposed:false
2788 http fetch GET 200 https://registry.npmjs.org/fb-dotslash 254ms (cache miss)
2789 silly packumentCache full:https://registry.npmjs.org/fb-dotslash set size:undefined disposed:false
2790 silly placeDep ROOT fb-dotslash@0.5.8 OK for: @react-native/debugger-shell@0.86.2 want: 0.5.8
2791 silly placeDep ROOT event-target-shim@5.0.1 OK for: abort-controller@3.0.0 want: ^5.0.0
2792 silly placeDep ROOT is-wsl@2.2.0 OK for: chrome-launcher@0.15.2 want: ^2.2.0
2793 silly placeDep ROOT lighthouse-logger@1.4.2 OK for: chrome-launcher@0.15.2 want: ^1.0.0
2794 silly fetch manifest debug@^2.6.9
2795 silly packumentCache full:https://registry.npmjs.org/debug cache-hit
2796 silly fetch manifest marky@^1.2.2
2797 silly packumentCache full:https://registry.npmjs.org/marky cache-miss
2798 http fetch GET 200 https://registry.npmjs.org/marky 67ms (cache miss)
2799 silly packumentCache full:https://registry.npmjs.org/marky set size:undefined disposed:false
2800 silly placeDep ROOT mkdirp@1.0.4 OK for: chromium-edge-launcher@0.3.0 want: ^1.0.4
2801 silly placeDep ROOT is-docker@2.2.1 OK for: is-wsl@2.2.0 want: ^2.0.0
2802 silly placeDep node_modules/lighthouse-logger debug@2.6.9 OK for: lighthouse-logger@1.4.2 want: ^2.6.9
2803 silly placeDep ROOT marky@1.3.0 OK for: lighthouse-logger@1.4.2 want: ^1.2.2
2804 silly placeDep ROOT asap@2.0.6 OK for: promise@8.3.0 want: ~2.0.6
2805 silly placeDep ROOT shell-quote@1.10.0 OK for: react-devtools-core@6.1.5 want: ^1.6.1
2806 silly fetch manifest react@>= 18.2.0
2807 silly packumentCache full:https://registry.npmjs.org/react cache-miss
2808 http cache https://registry.npmjs.org/react 8ms (cache hit)
2809 silly packumentCache full:https://registry.npmjs.org/react set size:6844555 disposed:false
2810 silly placeDep ROOT use-latest-callback@0.2.6 OK for: react-native-drawer-layout@4.2.9 want: ^0.2.4
2811 silly placeDep ROOT @types/react-test-renderer@19.1.0 OK for: react-native-gesture-handler@3.1.0 want: ^19.1.0
2812 silly fetch manifest react-native@0.83 - 0.86
2813 silly packumentCache full:https://registry.npmjs.org/react-native cache-miss
2814 http cache https://registry.npmjs.org/react-native 16ms (cache hit)
2815 silly packumentCache full:https://registry.npmjs.org/react-native set size:15588295 disposed:false
2816 silly placeDep ROOT react-native-is-edge-to-edge@1.3.1 OK for: react-native-reanimated@4.5.1 want: ^1.3.1
2817 silly placeDep ROOT react-freeze@1.0.4 OK for: react-native-screens@4.26.2 want: ^1.0.0
2818 silly placeDep ROOT warn-once@0.1.1 OK for: react-native-screens@4.26.2 want: ^0.1.0
2819 silly placeDep node_modules/react-native-web @react-native/normalize-colors@0.74.89 OK for: react-native-web@0.21.2 want: ^0.74.1
2820 silly placeDep ROOT fbjs@3.0.5 OK for: react-native-web@0.21.2 want: ^3.0.4
2821 silly placeDep ROOT inline-style-prefixer@7.0.1 OK for: react-native-web@0.21.2 want: ^7.0.1
2822 silly placeDep node_modules/react-native-web memoize-one@6.0.0 OK for: react-native-web@0.21.2 want: ^6.0.0
2823 silly placeDep ROOT postcss-value-parser@4.2.0 OK for: react-native-web@0.21.2 want: ^4.2.0
2824 silly placeDep ROOT styleq@0.1.3 OK for: react-native-web@0.21.2 want: ^0.1.3
2825 silly fetch manifest promise@^7.1.1
2826 silly packumentCache full:https://registry.npmjs.org/promise cache-miss
2827 silly fetch manifest cross-fetch@^3.1.5
2828 silly packumentCache full:https://registry.npmjs.org/cross-fetch cache-miss
2829 silly fetch manifest setimmediate@^1.0.5
2830 silly packumentCache full:https://registry.npmjs.org/setimmediate cache-miss
2831 silly fetch manifest ua-parser-js@^1.0.35
2832 silly packumentCache full:https://registry.npmjs.org/ua-parser-js cache-miss
2833 silly fetch manifest fbjs-css-vars@^1.0.0
2834 silly packumentCache full:https://registry.npmjs.org/fbjs-css-vars cache-miss
2835 silly fetch manifest object-assign@^4.1.0
2836 silly packumentCache full:https://registry.npmjs.org/object-assign cache-miss
2837 silly fetch manifest css-in-js-utils@^3.1.0
2838 silly packumentCache full:https://registry.npmjs.org/css-in-js-utils cache-miss
2839 http cache https://registry.npmjs.org/promise 8ms (cache hit)
2840 silly packumentCache full:https://registry.npmjs.org/promise set size:112704 disposed:false
2841 http fetch GET 200 https://registry.npmjs.org/setimmediate 77ms (cache miss)
2842 silly packumentCache full:https://registry.npmjs.org/setimmediate set size:undefined disposed:false
2843 http fetch GET 200 https://registry.npmjs.org/object-assign 83ms (cache miss)
2844 silly packumentCache full:https://registry.npmjs.org/object-assign set size:undefined disposed:false
2845 http fetch GET 200 https://registry.npmjs.org/css-in-js-utils 89ms (cache miss)
2846 silly packumentCache full:https://registry.npmjs.org/css-in-js-utils set size:undefined disposed:false
2847 http fetch GET 200 https://registry.npmjs.org/fbjs-css-vars 250ms (cache miss)
2848 silly packumentCache full:https://registry.npmjs.org/fbjs-css-vars set size:undefined disposed:false
2849 http fetch GET 200 https://registry.npmjs.org/cross-fetch 282ms (cache miss)
2850 silly packumentCache full:https://registry.npmjs.org/cross-fetch set size:undefined disposed:false
2851 http fetch GET 200 https://registry.npmjs.org/ua-parser-js 284ms (cache miss)
2852 silly packumentCache full:https://registry.npmjs.org/ua-parser-js set size:undefined disposed:false
2853 silly placeDep ROOT cross-fetch@3.2.0 OK for: fbjs@3.0.5 want: ^3.1.5
2854 silly placeDep ROOT fbjs-css-vars@1.0.2 OK for: fbjs@3.0.5 want: ^1.0.0
2855 silly placeDep ROOT object-assign@4.1.1 OK for: fbjs@3.0.5 want: ^4.1.0
2856 silly placeDep node_modules/fbjs promise@7.3.1 OK for: fbjs@3.0.5 want: ^7.1.1
2857 silly placeDep ROOT setimmediate@1.0.5 OK for: fbjs@3.0.5 want: ^1.0.5
2858 silly placeDep ROOT ua-parser-js@1.0.41 OK for: fbjs@3.0.5 want: ^1.0.35
2859 silly fetch manifest node-fetch@^2.7.0
2860 silly packumentCache full:https://registry.npmjs.org/node-fetch cache-miss
2861 http fetch GET 200 https://registry.npmjs.org/node-fetch 145ms (cache miss)
2862 silly packumentCache full:https://registry.npmjs.org/node-fetch set size:undefined disposed:false
2863 silly fetch manifest encoding@^0.1.0
2864 silly packumentCache full:https://registry.npmjs.org/encoding cache-miss
2865 http fetch GET 200 https://registry.npmjs.org/encoding 69ms (cache miss)
2866 silly packumentCache full:https://registry.npmjs.org/encoding set size:undefined disposed:false
2867 silly placeDep ROOT node-fetch@2.7.0 OK for: cross-fetch@3.2.0 want: ^2.7.0
2868 silly fetch manifest whatwg-url@^5.0.0
2869 silly packumentCache full:https://registry.npmjs.org/whatwg-url cache-miss
2870 http fetch GET 200 https://registry.npmjs.org/whatwg-url 79ms (cache miss)
2871 silly packumentCache full:https://registry.npmjs.org/whatwg-url set size:undefined disposed:false
2872 silly placeDep ROOT css-in-js-utils@3.1.0 OK for: inline-style-prefixer@7.0.1 want: ^3.1.0
2873 silly fetch manifest hyphenate-style-name@^1.0.3
2874 silly packumentCache full:https://registry.npmjs.org/hyphenate-style-name cache-miss
2875 http fetch GET 200 https://registry.npmjs.org/hyphenate-style-name 75ms (cache miss)
2876 silly packumentCache full:https://registry.npmjs.org/hyphenate-style-name set size:undefined disposed:false
2877 silly placeDep ROOT hyphenate-style-name@1.1.0 OK for: css-in-js-utils@3.1.0 want: ^1.0.3
2878 silly placeDep ROOT whatwg-url@5.0.0 OK for: node-fetch@2.7.0 want: ^5.0.0
2879 silly fetch manifest tr46@~0.0.3
2880 silly packumentCache full:https://registry.npmjs.org/tr46 cache-miss
2881 silly fetch manifest webidl-conversions@^3.0.0
2882 silly packumentCache full:https://registry.npmjs.org/webidl-conversions cache-miss
2883 http fetch GET 200 https://registry.npmjs.org/webidl-conversions 86ms (cache miss)
2884 silly packumentCache full:https://registry.npmjs.org/webidl-conversions set size:undefined disposed:false
2885 http fetch GET 200 https://registry.npmjs.org/tr46 87ms (cache miss)
2886 silly packumentCache full:https://registry.npmjs.org/tr46 set size:undefined disposed:false
2887 silly placeDep ROOT @babel/plugin-transform-arrow-functions@7.29.7 OK for: react-native-worklets@0.10.1 want: ^7.27.1
2888 silly placeDep ROOT @babel/plugin-transform-shorthand-properties@7.29.7 OK for: react-native-worklets@0.10.1 want: ^7.27.1
2889 silly placeDep ROOT @babel/plugin-transform-template-literals@7.29.7 OK for: react-native-worklets@0.10.1 want: ^7.27.1
2890 silly placeDep ROOT indent-string@4.0.0 OK for: redent@3.0.0 want: ^4.0.0
2891 silly placeDep ROOT strip-indent@3.0.0 OK for: redent@3.0.0 want: ^3.0.0
2892 silly fetch manifest min-indent@^1.0.0
2893 silly packumentCache full:https://registry.npmjs.org/min-indent cache-miss
2894 http fetch GET 200 https://registry.npmjs.org/min-indent 69ms (cache miss)
2895 silly packumentCache full:https://registry.npmjs.org/min-indent set size:undefined disposed:false
2896 silly placeDep ROOT regenerate@1.4.2 OK for: regexpu-core@6.4.0 want: ^1.4.2
2897 silly placeDep ROOT regenerate-unicode-properties@10.2.2 OK for: regexpu-core@6.4.0 want: ^10.2.2
2898 silly placeDep ROOT regjsgen@0.8.0 OK for: regexpu-core@6.4.0 want: ^0.8.0
2899 silly placeDep ROOT regjsparser@0.13.2 OK for: regexpu-core@6.4.0 want: ^0.13.0
2900 silly placeDep ROOT unicode-match-property-ecmascript@2.0.0 OK for: regexpu-core@6.4.0 want: ^2.0.0
2901 silly placeDep ROOT unicode-match-property-value-ecmascript@2.2.1 OK for: regexpu-core@6.4.0 want: ^2.2.1
2902 silly fetch manifest unicode-canonical-property-names-ecmascript@^2.0.0
2903 silly packumentCache full:https://registry.npmjs.org/unicode-canonical-property-names-ecmascript cache-miss
2904 silly fetch manifest unicode-property-aliases-ecmascript@^2.0.0
2905 silly packumentCache full:https://registry.npmjs.org/unicode-property-aliases-ecmascript cache-miss
2906 http fetch GET 200 https://registry.npmjs.org/unicode-canonical-property-names-ecmascript 65ms (cache miss)
2907 silly packumentCache full:https://registry.npmjs.org/unicode-canonical-property-names-ecmascript set size:undefined disposed:false
2908 http fetch GET 200 https://registry.npmjs.org/unicode-property-aliases-ecmascript 68ms (cache miss)
2909 silly packumentCache full:https://registry.npmjs.org/unicode-property-aliases-ecmascript set size:undefined disposed:false
2910 silly placeDep ROOT es-errors@1.3.0 OK for: resolve@1.22.12 want: ^1.3.0
2911 silly placeDep ROOT is-core-module@2.16.2 OK for: resolve@1.22.12 want: ^2.16.1
2912 silly placeDep ROOT path-parse@1.0.7 OK for: resolve@1.22.12 want: ^1.0.7
2913 silly placeDep ROOT supports-preserve-symlinks-flag@1.0.0 OK for: resolve@1.22.12 want: ^1.0.0
2914 silly fetch manifest hasown@^2.0.3
2915 silly packumentCache full:https://registry.npmjs.org/hasown cache-miss
2916 http fetch GET 200 https://registry.npmjs.org/hasown 81ms (cache miss)
2917 silly packumentCache full:https://registry.npmjs.org/hasown set size:undefined disposed:false
2918 silly placeDep ROOT hasown@2.0.4 OK for: is-core-module@2.16.2 want: ^2.0.3
2919 silly fetch manifest function-bind@^1.1.2
2920 silly packumentCache full:https://registry.npmjs.org/function-bind cache-miss
2921 http fetch GET 200 https://registry.npmjs.org/function-bind 68ms (cache miss)
2922 silly packumentCache full:https://registry.npmjs.org/function-bind set size:undefined disposed:false
2923 silly placeDep ROOT function-bind@1.1.2 OK for: hasown@2.0.4 want: ^1.1.2
2924 silly placeDep node_modules/serve-static encodeurl@2.0.0 OK for: serve-static@1.16.3 want: ~2.0.0
2925 silly placeDep ROOT send@0.19.2 OK for: serve-static@1.16.3 want: ~0.19.1
2926 silly fetch manifest depd@2.0.0
2927 silly packumentCache full:https://registry.npmjs.org/depd cache-miss
2928 silly fetch manifest etag@~1.8.1
2929 silly packumentCache full:https://registry.npmjs.org/etag cache-miss
2930 silly fetch manifest mime@1.6.0
2931 silly packumentCache full:https://registry.npmjs.org/mime cache-miss
2932 silly fetch manifest fresh@~0.5.2
2933 silly packumentCache full:https://registry.npmjs.org/fresh cache-miss
2934 silly fetch manifest destroy@1.2.0
2935 silly packumentCache full:https://registry.npmjs.org/destroy cache-miss
2936 silly fetch manifest statuses@~2.0.2
2937 silly packumentCache full:https://registry.npmjs.org/statuses cache-miss
2938 silly fetch manifest http-errors@~2.0.1
2939 silly packumentCache full:https://registry.npmjs.org/http-errors cache-miss
2940 silly fetch manifest on-finished@~2.4.1
2941 silly packumentCache full:https://registry.npmjs.org/on-finished cache-miss
2942 silly fetch manifest range-parser@~1.2.1
2943 silly packumentCache full:https://registry.npmjs.org/range-parser cache-miss
2944 http cache https://registry.npmjs.org/statuses 3ms (cache hit)
2945 silly packumentCache full:https://registry.npmjs.org/statuses set size:37117 disposed:false
2946 http cache https://registry.npmjs.org/on-finished 4ms (cache hit)
2947 silly packumentCache full:https://registry.npmjs.org/on-finished set size:23212 disposed:false
2948 http fetch GET 200 https://registry.npmjs.org/etag 70ms (cache miss)
2949 silly packumentCache full:https://registry.npmjs.org/etag set size:undefined disposed:false
2950 http fetch GET 200 https://registry.npmjs.org/depd 71ms (cache miss)
2951 silly packumentCache full:https://registry.npmjs.org/depd set size:undefined disposed:false
2952 http fetch GET 200 https://registry.npmjs.org/range-parser 71ms (cache miss)
2953 silly packumentCache full:https://registry.npmjs.org/range-parser set size:undefined disposed:false
2954 http fetch GET 200 https://registry.npmjs.org/destroy 72ms (cache miss)
2955 silly packumentCache full:https://registry.npmjs.org/destroy set size:undefined disposed:false
2956 http fetch GET 200 https://registry.npmjs.org/http-errors 73ms (cache miss)
2957 silly packumentCache full:https://registry.npmjs.org/http-errors set size:undefined disposed:false
2958 http fetch GET 200 https://registry.npmjs.org/fresh 83ms (cache miss)
2959 silly packumentCache full:https://registry.npmjs.org/fresh set size:undefined disposed:false
2960 http fetch GET 200 https://registry.npmjs.org/mime 84ms (cache miss)
2961 silly packumentCache full:https://registry.npmjs.org/mime set size:undefined disposed:false
2962 silly placeDep node_modules/send debug@2.6.9 OK for: send@0.19.2 want: 2.6.9
2963 silly placeDep ROOT depd@2.0.0 OK for: send@0.19.2 want: 2.0.0
2964 silly placeDep ROOT destroy@1.2.0 OK for: send@0.19.2 want: 1.2.0
2965 silly placeDep node_modules/send encodeurl@2.0.0 OK for: send@0.19.2 want: ~2.0.0
2966 silly placeDep ROOT etag@1.8.1 OK for: send@0.19.2 want: ~1.8.1
2967 silly placeDep ROOT fresh@0.5.2 OK for: send@0.19.2 want: ~0.5.2
2968 silly placeDep ROOT http-errors@2.0.1 OK for: send@0.19.2 want: ~2.0.1
2969 silly placeDep ROOT mime@1.6.0 OK for: send@0.19.2 want: 1.6.0
2970 silly placeDep node_modules/send on-finished@2.4.1 OK for: send@0.19.2 want: ~2.4.1
2971 silly placeDep ROOT range-parser@1.2.1 OK for: send@0.19.2 want: ~1.2.1
2972 silly placeDep node_modules/send statuses@2.0.2 OK for: send@0.19.2 want: ~2.0.2
2973 silly fetch manifest setprototypeof@~1.2.0
2974 silly packumentCache full:https://registry.npmjs.org/setprototypeof cache-miss
2975 silly fetch manifest toidentifier@~1.0.1
2976 silly packumentCache full:https://registry.npmjs.org/toidentifier cache-miss
2977 http fetch GET 200 https://registry.npmjs.org/toidentifier 69ms (cache miss)
2978 silly packumentCache full:https://registry.npmjs.org/toidentifier set size:undefined disposed:false
2979 http fetch GET 200 https://registry.npmjs.org/setprototypeof 84ms (cache miss)
2980 silly packumentCache full:https://registry.npmjs.org/setprototypeof set size:undefined disposed:false
2981 silly placeDep ROOT setprototypeof@1.2.0 OK for: http-errors@2.0.1 want: ~1.2.0
2982 silly placeDep node_modules/http-errors statuses@2.0.2 OK for: http-errors@2.0.1 want: ~2.0.2
2983 silly placeDep ROOT toidentifier@1.0.1 OK for: http-errors@2.0.1 want: ~1.0.1
2984 silly placeDep ROOT shebang-regex@3.0.0 OK for: shebang-command@2.0.0 want: ^3.0.0
2985 silly placeDep ROOT is-arrayish@0.3.4 OK for: simple-swizzle@0.2.4 want: ^0.3.1
2986 silly placeDep ROOT type-fest@0.7.1 OK for: stacktrace-parser@0.1.11 want: ^0.7.1
2987 silly placeDep ROOT min-indent@1.0.1 OK for: strip-indent@3.0.0 want: ^1.0.0
2988 silly placeDep ROOT has-flag@4.0.0 OK for: supports-color@7.2.0 want: ^4.0.0
2989 silly placeDep ROOT @jridgewell/source-map@0.3.11 OK for: terser@5.49.0 want: ^0.3.3
2990 silly placeDep ROOT acorn@8.18.0 OK for: terser@5.49.0 want: ^8.15.0
2991 silly placeDep node_modules/terser commander@2.20.3 OK for: terser@5.49.0 want: ^2.20.0
2992 silly placeDep ROOT source-map-support@0.5.21 OK for: terser@5.49.0 want: ~0.5.20
2993 silly fetch manifest buffer-from@^1.0.0
2994 silly packumentCache full:https://registry.npmjs.org/buffer-from cache-miss
2995 silly fetch manifest source-map@^0.6.0
2996 silly packumentCache full:https://registry.npmjs.org/source-map cache-miss
2997 http cache https://registry.npmjs.org/source-map 2ms (cache hit)
2998 silly packumentCache full:https://registry.npmjs.org/source-map set size:231637 disposed:false
2999 http fetch GET 200 https://registry.npmjs.org/buffer-from 65ms (cache miss)
3000 silly packumentCache full:https://registry.npmjs.org/buffer-from set size:undefined disposed:false
3001 silly placeDep ROOT buffer-from@1.1.2 OK for: source-map-support@0.5.21 want: ^1.0.0
3002 silly placeDep node_modules/source-map-support source-map@0.6.1 OK for: source-map-support@0.5.21 want: ^0.6.0
3003 silly placeDep ROOT fdir@6.5.0 OK for: tinyglobby@0.2.17 want: ^6.5.0
3004 silly placeDep ROOT is-number@7.0.0 OK for: to-regex-range@5.0.1 want: ^7.0.0
3005 silly placeDep ROOT unicode-canonical-property-names-ecmascript@2.0.1 OK for: unicode-match-property-ecmascript@2.0.0 want: ^2.0.0
3006 silly placeDep ROOT unicode-property-aliases-ecmascript@2.2.0 OK for: unicode-match-property-ecmascript@2.0.0 want: ^2.0.0
3007 silly placeDep ROOT escalade@3.2.0 OK for: update-browserslist-db@1.2.3 want: ^3.2.0
3008 silly fetch manifest react@^16.8 || ^17.0 || ^18.0 || ^19.0.0 || ^19.0.0-rc
3009 silly packumentCache full:https://registry.npmjs.org/react cache-miss
3010 http cache https://registry.npmjs.org/react 7ms (cache hit)
3011 silly packumentCache full:https://registry.npmjs.org/react set size:6844555 disposed:false
3012 silly fetch manifest react-dom@^16.8 || ^17.0 || ^18.0 || ^19.0.0 || ^19.0.0-rc
3013 silly packumentCache full:https://registry.npmjs.org/react-dom cache-miss
3014 http cache https://registry.npmjs.org/react-dom 7ms (cache hit)
3015 silly packumentCache full:https://registry.npmjs.org/react-dom set size:9183359 disposed:false
3016 silly placeDep ROOT @radix-ui/react-dialog@1.1.23 OK for: vaul@1.1.2 want: ^1.1.1
3017 silly fetch manifest aria-hidden@^1.2.4
3018 silly packumentCache full:https://registry.npmjs.org/aria-hidden cache-miss
3019 silly fetch manifest react-remove-scroll@^2.7.2
3020 silly packumentCache full:https://registry.npmjs.org/react-remove-scroll cache-miss
3021 silly fetch manifest @radix-ui/react-portal@1.1.17
3022 silly packumentCache full:https://registry.npmjs.org/@radix-ui%2freact-portal cache-miss
3023 silly fetch manifest @radix-ui/react-focus-scope@1.1.16
3024 silly packumentCache full:https://registry.npmjs.org/@radix-ui%2freact-focus-scope cache-miss
3025 silly fetch manifest @radix-ui/react-focus-guards@1.1.6
3026 silly packumentCache full:https://registry.npmjs.org/@radix-ui%2freact-focus-guards cache-miss
3027 silly fetch manifest @radix-ui/react-dismissable-layer@1.1.19
3028 silly packumentCache full:https://registry.npmjs.org/@radix-ui%2freact-dismissable-layer cache-miss
3029 http fetch GET 200 https://registry.npmjs.org/aria-hidden 74ms (cache miss)
3030 silly packumentCache full:https://registry.npmjs.org/aria-hidden set size:undefined disposed:false
3031 http fetch GET 200 https://registry.npmjs.org/@radix-ui%2freact-portal 93ms (cache miss)
3032 silly packumentCache full:https://registry.npmjs.org/@radix-ui%2freact-portal set size:undefined disposed:false
3033 http fetch GET 200 https://registry.npmjs.org/@radix-ui%2freact-focus-guards 109ms (cache miss)
3034 silly packumentCache full:https://registry.npmjs.org/@radix-ui%2freact-focus-guards set size:undefined disposed:false
3035 http fetch GET 200 https://registry.npmjs.org/@radix-ui%2freact-dismissable-layer 167ms (cache miss)
3036 silly packumentCache full:https://registry.npmjs.org/@radix-ui%2freact-dismissable-layer set size:undefined disposed:false
3037 http fetch GET 200 https://registry.npmjs.org/react-remove-scroll 231ms (cache miss)
3038 silly packumentCache full:https://registry.npmjs.org/react-remove-scroll set size:undefined disposed:false
3039 http fetch GET 200 https://registry.npmjs.org/@radix-ui%2freact-focus-scope 269ms (cache miss)
3040 silly packumentCache full:https://registry.npmjs.org/@radix-ui%2freact-focus-scope set size:undefined disposed:false
3041 silly placeDep ROOT @radix-ui/react-dismissable-layer@1.1.19 OK for: @radix-ui/react-dialog@1.1.23 want: 1.1.19
3042 silly placeDep ROOT @radix-ui/react-focus-guards@1.1.6 OK for: @radix-ui/react-dialog@1.1.23 want: 1.1.6
3043 silly placeDep ROOT @radix-ui/react-focus-scope@1.1.16 OK for: @radix-ui/react-dialog@1.1.23 want: 1.1.16
3044 silly placeDep ROOT @radix-ui/react-portal@1.1.17 OK for: @radix-ui/react-dialog@1.1.23 want: 1.1.17
3045 silly placeDep ROOT aria-hidden@1.2.6 OK for: @radix-ui/react-dialog@1.1.23 want: ^1.2.4
3046 silly placeDep ROOT react-remove-scroll@2.7.2 OK for: @radix-ui/react-dialog@1.1.23 want: ^2.7.2
3047 silly fetch manifest tslib@^2.0.0
3048 silly packumentCache full:https://registry.npmjs.org/tslib cache-miss
3049 silly fetch manifest react-remove-scroll-bar@^2.3.7
3050 silly packumentCache full:https://registry.npmjs.org/react-remove-scroll-bar cache-miss
3051 silly fetch manifest react-style-singleton@^2.2.3
3052 silly packumentCache full:https://registry.npmjs.org/react-style-singleton cache-miss
3053 silly fetch manifest tslib@^2.1.0
3054 silly packumentCache full:https://registry.npmjs.org/tslib cache-miss
3055 silly fetch manifest use-callback-ref@^1.3.3
3056 silly packumentCache full:https://registry.npmjs.org/use-callback-ref cache-miss
3057 silly fetch manifest use-sidecar@^1.1.3
3058 silly packumentCache full:https://registry.npmjs.org/use-sidecar cache-miss
3059 http fetch GET 200 https://registry.npmjs.org/react-style-singleton 76ms (cache miss)
3060 silly packumentCache full:https://registry.npmjs.org/react-style-singleton set size:undefined disposed:false
3061 http fetch GET 200 https://registry.npmjs.org/use-callback-ref 76ms (cache miss)
3062 silly packumentCache full:https://registry.npmjs.org/use-callback-ref set size:undefined disposed:false
3063 http fetch GET 200 https://registry.npmjs.org/tslib 76ms (cache miss)
3064 silly packumentCache full:https://registry.npmjs.org/tslib set size:undefined disposed:false
3065 http fetch GET 200 https://registry.npmjs.org/tslib 77ms (cache miss)
3066 silly packumentCache full:https://registry.npmjs.org/tslib set size:undefined disposed:false
3067 http fetch GET 200 https://registry.npmjs.org/use-sidecar 79ms (cache miss)
3068 silly packumentCache full:https://registry.npmjs.org/use-sidecar set size:undefined disposed:false
3069 http fetch GET 200 https://registry.npmjs.org/react-remove-scroll-bar 87ms (cache miss)
3070 silly packumentCache full:https://registry.npmjs.org/react-remove-scroll-bar set size:undefined disposed:false
3071 silly placeDep ROOT tslib@2.8.1 OK for: aria-hidden@1.2.6 want: ^2.0.0
3072 silly fetch manifest react@^16.8.0 || ^17.0.0 || ^18.0.0 || ^19.0.0 || ^19.0.0-rc
3073 silly packumentCache full:https://registry.npmjs.org/react cache-miss
3074 http cache https://registry.npmjs.org/react 6ms (cache hit)
3075 silly packumentCache full:https://registry.npmjs.org/react set size:6844555 disposed:false
3076 silly placeDep ROOT react-remove-scroll-bar@2.3.8 OK for: react-remove-scroll@2.7.2 want: ^2.3.7
3077 silly placeDep ROOT react-style-singleton@2.2.3 OK for: react-remove-scroll@2.7.2 want: ^2.2.3
3078 silly placeDep ROOT use-callback-ref@1.3.3 OK for: react-remove-scroll@2.7.2 want: ^1.3.3
3079 silly placeDep ROOT use-sidecar@1.1.3 OK for: react-remove-scroll@2.7.2 want: ^1.1.3
3080 silly fetch manifest react-style-singleton@^2.2.2
3081 silly packumentCache full:https://registry.npmjs.org/react-style-singleton cache-miss
3082 silly fetch manifest get-nonce@^1.0.0
3083 silly packumentCache full:https://registry.npmjs.org/get-nonce cache-miss
3084 silly fetch manifest detect-node-es@^1.1.0
3085 silly packumentCache full:https://registry.npmjs.org/detect-node-es cache-miss
3086 http cache https://registry.npmjs.org/react-style-singleton 3ms (cache hit)
3087 silly packumentCache full:https://registry.npmjs.org/react-style-singleton set size:33682 disposed:false
3088 http fetch GET 200 https://registry.npmjs.org/detect-node-es 75ms (cache miss)
3089 silly packumentCache full:https://registry.npmjs.org/detect-node-es set size:undefined disposed:false
3090 http fetch GET 200 https://registry.npmjs.org/get-nonce 80ms (cache miss)
3091 silly packumentCache full:https://registry.npmjs.org/get-nonce set size:undefined disposed:false
3092 silly placeDep ROOT get-nonce@1.0.1 OK for: react-style-singleton@2.2.3 want: ^1.0.0
3093 silly placeDep ROOT detect-node-es@1.1.0 OK for: use-sidecar@1.1.3 want: ^1.1.0
3094 silly placeDep ROOT makeerror@1.0.12 OK for: walker@1.0.8 want: 1.0.12
3095 silly fetch manifest tmpl@1.0.5
3096 silly packumentCache full:https://registry.npmjs.org/tmpl cache-miss
3097 http fetch GET 200 https://registry.npmjs.org/tmpl 67ms (cache miss)
3098 silly packumentCache full:https://registry.npmjs.org/tmpl set size:undefined disposed:false
3099 silly placeDep ROOT tmpl@1.0.5 OK for: makeerror@1.0.12 want: 1.0.5
3100 silly placeDep ROOT tr46@0.0.3 OK for: whatwg-url@5.0.0 want: ~0.0.3
3101 silly placeDep ROOT webidl-conversions@3.0.1 OK for: whatwg-url@5.0.0 want: ^3.0.0
3102 silly placeDep ROOT isexe@2.0.0 OK for: which@2.0.2 want: ^2.0.0
3103 silly placeDep ROOT simple-plist@1.3.1 OK for: xcode@3.0.1 want: ^1.1.0
3104 silly placeDep ROOT uuid@7.0.3 OK for: xcode@3.0.1 want: ^7.0.3
3105 silly fetch manifest bplist-parser@0.3.1
3106 silly packumentCache full:https://registry.npmjs.org/bplist-parser cache-miss
3107 silly fetch manifest plist@^3.0.5
3108 silly packumentCache full:https://registry.npmjs.org/plist cache-miss
3109 http cache https://registry.npmjs.org/bplist-parser 1ms (cache hit)
3110 silly packumentCache full:https://registry.npmjs.org/bplist-parser set size:21877 disposed:false
3111 http fetch GET 200 https://registry.npmjs.org/plist 241ms (cache miss)
3112 silly packumentCache full:https://registry.npmjs.org/plist set size:undefined disposed:false
3113 silly placeDep ROOT bplist-creator@0.1.0 OK for: simple-plist@1.3.1 want: 0.1.0
3114 silly placeDep ROOT bplist-parser@0.3.1 OK for: simple-plist@1.3.1 want: 0.3.1
3115 silly placeDep ROOT plist@3.1.1 OK for: simple-plist@1.3.1 want: ^3.0.5
3116 silly fetch manifest stream-buffers@2.2.x
3117 silly packumentCache full:https://registry.npmjs.org/stream-buffers cache-miss
3118 silly fetch manifest big-integer@1.6.x
3119 silly packumentCache full:https://registry.npmjs.org/big-integer cache-miss
3120 silly fetch manifest @xmldom/xmldom@^0.9.10
3121 silly packumentCache full:https://registry.npmjs.org/@xmldom%2fxmldom cache-miss
3122 http cache https://registry.npmjs.org/@xmldom%2fxmldom 3ms (cache hit)
3123 silly packumentCache full:https://registry.npmjs.org/@xmldom%2fxmldom set size:166253 disposed:false
3124 http fetch GET 200 https://registry.npmjs.org/stream-buffers 68ms (cache miss)
3125 silly packumentCache full:https://registry.npmjs.org/stream-buffers set size:undefined disposed:false
3126 http fetch GET 200 https://registry.npmjs.org/big-integer 80ms (cache miss)
3127 silly packumentCache full:https://registry.npmjs.org/big-integer set size:undefined disposed:false
3128 silly placeDep ROOT stream-buffers@2.2.0 OK for: bplist-creator@0.1.0 want: 2.2.x
3129 silly placeDep ROOT big-integer@1.6.52 OK for: bplist-parser@0.3.1 want: 1.6.x
3130 silly placeDep node_modules/plist @xmldom/xmldom@0.9.10 OK for: plist@3.1.1 want: ^0.9.10
3131 silly placeDep ROOT sax@1.6.1 OK for: xml2js@0.6.0 want: >=0.6.0
3132 silly placeDep node_modules/xml2js xmlbuilder@11.0.1 OK for: xml2js@0.6.0 want: ~11.0.0
3133 silly placeDep ROOT cliui@8.0.1 OK for: yargs@17.7.3 want: ^8.0.1
3134 silly placeDep ROOT get-caller-file@2.0.5 OK for: yargs@17.7.3 want: ^2.0.5
3135 silly placeDep ROOT require-directory@2.1.1 OK for: yargs@17.7.3 want: ^2.1.1
3136 silly placeDep ROOT string-width@4.2.3 OK for: yargs@17.7.3 want: ^4.2.3
3137 silly placeDep ROOT y18n@5.0.8 OK for: yargs@17.7.3 want: ^5.0.5
3138 silly placeDep ROOT yargs-parser@21.1.1 OK for: yargs@17.7.3 want: ^21.1.1
3139 silly fetch manifest strip-ansi@^6.0.1
3140 silly packumentCache full:https://registry.npmjs.org/strip-ansi cache-miss
3141 silly fetch manifest string-width@^4.2.0
3142 silly packumentCache full:https://registry.npmjs.org/string-width cache-miss
3143 silly fetch manifest strip-ansi@^6.0.1
3144 silly packumentCache full:https://registry.npmjs.org/strip-ansi cache-miss
3145 silly fetch manifest emoji-regex@^8.0.0
3146 silly packumentCache full:https://registry.npmjs.org/emoji-regex cache-miss
3147 silly fetch manifest is-fullwidth-code-point@^3.0.0
3148 silly packumentCache full:https://registry.npmjs.org/is-fullwidth-code-point cache-miss
3149 http cache https://registry.npmjs.org/string-width 3ms (cache hit)
3150 silly packumentCache full:https://registry.npmjs.org/string-width set size:72458 disposed:false
3151 http fetch GET 200 https://registry.npmjs.org/strip-ansi 70ms (cache miss)
3152 silly packumentCache full:https://registry.npmjs.org/strip-ansi set size:undefined disposed:false
3153 http fetch GET 200 https://registry.npmjs.org/is-fullwidth-code-point 70ms (cache miss)
3154 silly packumentCache full:https://registry.npmjs.org/is-fullwidth-code-point set size:undefined disposed:false
3155 http fetch GET 200 https://registry.npmjs.org/strip-ansi 81ms (cache miss)
3156 silly packumentCache full:https://registry.npmjs.org/strip-ansi set size:undefined disposed:false
3157 http fetch GET 200 https://registry.npmjs.org/emoji-regex 90ms (cache miss)
3158 silly packumentCache full:https://registry.npmjs.org/emoji-regex set size:undefined disposed:false
3159 silly placeDep ROOT strip-ansi@6.0.1 OK for: cliui@8.0.1 want: ^6.0.1
3160 silly placeDep ROOT wrap-ansi@7.0.0 OK for: cliui@8.0.1 want: ^7.0.0
3161 silly placeDep ROOT emoji-regex@8.0.0 OK for: string-width@4.2.3 want: ^8.0.0
3162 silly placeDep ROOT is-fullwidth-code-point@3.0.0 OK for: string-width@4.2.3 want: ^3.0.0
3163 silly placeDep node_modules/@testing-library/dom ansi-styles@5.2.0 OK for: pretty-format@27.5.1 want: ^5.0.0
3164 silly placeDep node_modules/@testing-library/dom react-is@17.0.2 OK for: pretty-format@27.5.1 want: ^17.0.1
3165 silly placeDep node_modules/connect ms@2.0.0 OK for: debug@2.6.9 want: 2.0.0
3166 silly fetch manifest utf-8-validate@>=5.0.2
3167 silly packumentCache full:https://registry.npmjs.org/utf-8-validate cache-miss
3168 http cache https://registry.npmjs.org/utf-8-validate 0ms (cache hit)
3169 silly packumentCache full:https://registry.npmjs.org/utf-8-validate set size:77148 disposed:false
3170 silly fetch manifest @expo/metro-runtime@^57.0.7
3171 silly packumentCache full:https://registry.npmjs.org/@expo%2fmetro-runtime cache-hit
3172 silly fetch manifest expo-constants@^57.0.7
3173 silly packumentCache full:https://registry.npmjs.org/expo-constants cache-miss
3174 http cache https://registry.npmjs.org/expo-constants 2ms (cache hit)
3175 silly packumentCache full:https://registry.npmjs.org/expo-constants set size:1163894 disposed:false
3176 silly fetch manifest expo-font@^57.0.1
3177 silly packumentCache full:https://registry.npmjs.org/expo-font cache-miss
3178 http cache https://registry.npmjs.org/expo-font 2ms (cache hit)
3179 silly packumentCache full:https://registry.npmjs.org/expo-font set size:979895 disposed:false
3180 silly placeDep ROOT @expo/code-signing-certificates@0.0.6 OK for: @expo/cli@57.0.11 want: ^0.0.6
3181 silly placeDep ROOT @expo/devcert@1.2.1 OK for: @expo/cli@57.0.11 want: ^1.2.1
3182 silly placeDep ROOT @expo/inline-modules@0.1.4 OK for: @expo/cli@57.0.11 want: ^0.1.4
3183 silly placeDep ROOT @expo/metro-file-map@57.0.1 OK for: @expo/cli@57.0.11 want: ^57.0.1
3184 silly placeDep ROOT @expo/osascript@2.7.1 OK for: @expo/cli@57.0.11 want: ^2.7.1
3185 silly placeDep ROOT @expo/package-manager@1.13.1 OK for: @expo/cli@57.0.11 want: ^1.13.1
3186 silly placeDep ROOT @expo/prebuild-config@57.0.10 OK for: @expo/cli@57.0.11 want: ^57.0.10
3187 silly placeDep node_modules/expo/node_modules/@expo/cli @expo/router-server@57.0.4 CONFLICT for: @expo/cli@57.0.11 want: ^57.0.4
3188 silly placeDep node_modules/expo @expo/ws-tunnel@2.0.0 OK for: @expo/cli@57.0.11 want: ^2.0.0
3189 silly placeDep node_modules/expo ws@8.21.1 OK for: @expo/ws-tunnel@2.0.0 want: ^8.0.0
3190 silly placeDep ROOT @expo/xcpretty@4.4.4 OK for: @expo/cli@57.0.11 want: ^4.4.4
3191 silly placeDep node_modules/expo accepts@1.3.8 OK for: @expo/cli@57.0.11 want: ^1.3.8
3192 silly placeDep ROOT agent-cli-detector@0.1.4 OK for: @expo/cli@57.0.11 want: ^0.1.2
3193 silly placeDep node_modules/expo ci-info@3.9.0 OK for: @expo/cli@57.0.11 want: ^3.3.0
3194 silly placeDep ROOT compression@1.8.1 OK for: @expo/cli@57.0.11 want: ^1.7.4
3195 silly placeDep ROOT dnssd-advertise@1.1.6 OK for: @expo/cli@57.0.11 want: ^1.1.4
3196 silly placeDep ROOT fetch-nodeshim@0.4.10 OK for: @expo/cli@57.0.11 want: ^0.4.10
3197 silly placeDep ROOT lan-network@0.2.1 OK for: @expo/cli@57.0.11 want: ^0.2.1
3198 silly placeDep ROOT multitars@1.0.0 OK for: @expo/cli@57.0.11 want: ^1.0.0
3199 silly placeDep ROOT node-forge@1.4.0 OK for: @expo/cli@57.0.11 want: ^1.3.3
3200 silly placeDep ROOT npm-package-arg@11.0.3 OK for: @expo/cli@57.0.11 want: ^11.0.0
3201 silly placeDep ROOT ora@3.4.0 OK for: @expo/cli@57.0.11 want: ^3.4.0
3202 silly placeDep ROOT progress@2.0.3 OK for: @expo/cli@57.0.11 want: ^2.0.3
3203 silly placeDep ROOT prompts@2.4.2 OK for: @expo/cli@57.0.11 want: ^2.3.2
3204 silly placeDep ROOT structured-headers@0.4.1 OK for: @expo/cli@57.0.11 want: ^0.4.1
3205 silly placeDep ROOT terminal-link@2.1.1 OK for: @expo/cli@57.0.11 want: ^2.1.1
3206 silly placeDep ROOT toqr@0.1.1 OK for: @expo/cli@57.0.11 want: ^0.1.1
3207 silly placeDep ROOT zod@3.25.76 OK for: @expo/cli@57.0.11 want: ^3.25.76
3208 silly fetch manifest debug@^3.1.0
3209 silly packumentCache full:https://registry.npmjs.org/debug cache-hit
3210 silly fetch manifest @expo/sudo-prompt@^9.3.1
3211 silly packumentCache full:https://registry.npmjs.org/@expo%2fsudo-prompt cache-miss
3212 silly fetch manifest js-yaml@^4.1.0
3213 silly packumentCache full:https://registry.npmjs.org/js-yaml cache-miss
3214 silly fetch manifest mime-types@~2.1.34
3215 silly packumentCache full:https://registry.npmjs.org/mime-types cache-hit
3216 silly fetch manifest negotiator@0.6.3
3217 silly packumentCache full:https://registry.npmjs.org/negotiator cache-miss
3218 silly fetch manifest vary@~1.1.2
3219 silly packumentCache full:https://registry.npmjs.org/vary cache-miss
3220 silly fetch manifest bytes@3.1.2
3221 silly packumentCache full:https://registry.npmjs.org/bytes cache-miss
3222 silly fetch manifest negotiator@~0.6.4
3223 silly packumentCache full:https://registry.npmjs.org/negotiator cache-miss
3224 silly fetch manifest on-headers@~1.1.0
3225 silly packumentCache full:https://registry.npmjs.org/on-headers cache-miss
3226 silly fetch manifest safe-buffer@5.2.1
3227 silly packumentCache full:https://registry.npmjs.org/safe-buffer cache-miss
3228 silly fetch manifest compressible@~2.0.18
3229 silly packumentCache full:https://registry.npmjs.org/compressible cache-miss
3230 http cache https://registry.npmjs.org/negotiator 1ms (cache hit)
3231 silly packumentCache full:https://registry.npmjs.org/negotiator set size:48046 disposed:false
3232 silly fetch manifest proc-log@^4.0.0
3233 silly packumentCache full:https://registry.npmjs.org/proc-log cache-miss
3234 http cache https://registry.npmjs.org/negotiator 3ms (cache hit)
3235 silly packumentCache full:https://registry.npmjs.org/negotiator set size:48046 disposed:false
3236 silly packumentCache full:https://registry.npmjs.org/negotiator dispose
3237 silly fetch manifest hosted-git-info@^7.0.0
3238 silly packumentCache full:https://registry.npmjs.org/hosted-git-info cache-miss
3239 http fetch GET 200 https://registry.npmjs.org/vary 70ms (cache miss)
3240 silly packumentCache full:https://registry.npmjs.org/vary set size:undefined disposed:false
3241 silly fetch manifest validate-npm-package-name@^5.0.0
3242 silly packumentCache full:https://registry.npmjs.org/validate-npm-package-name cache-miss
3243 http fetch GET 200 https://registry.npmjs.org/safe-buffer 70ms (cache miss)
3244 silly packumentCache full:https://registry.npmjs.org/safe-buffer set size:undefined disposed:false
3245 silly fetch manifest chalk@^2.4.2
3246 silly packumentCache full:https://registry.npmjs.org/chalk cache-hit
3247 silly fetch manifest wcwidth@^1.0.1
3248 silly packumentCache full:https://registry.npmjs.org/wcwidth cache-miss
3249 http fetch GET 200 https://registry.npmjs.org/compressible 70ms (cache miss)
3250 silly packumentCache full:https://registry.npmjs.org/compressible set size:undefined disposed:false
3251 silly fetch manifest cli-cursor@^2.1.0
3252 silly packumentCache full:https://registry.npmjs.org/cli-cursor cache-miss
3253 http fetch GET 200 https://registry.npmjs.org/bytes 72ms (cache miss)
3254 silly packumentCache full:https://registry.npmjs.org/bytes set size:undefined disposed:false
3255 silly fetch manifest strip-ansi@^5.2.0
3256 silly packumentCache full:https://registry.npmjs.org/strip-ansi cache-miss
3257 http fetch GET 200 https://registry.npmjs.org/js-yaml 73ms (cache miss)
3258 silly packumentCache full:https://registry.npmjs.org/js-yaml set size:undefined disposed:false
3259 silly fetch manifest log-symbols@^2.2.0
3260 silly packumentCache full:https://registry.npmjs.org/log-symbols cache-miss
3261 http cache https://registry.npmjs.org/strip-ansi 3ms (cache hit)
3262 silly packumentCache full:https://registry.npmjs.org/strip-ansi set size:44998 disposed:false
3263 silly fetch manifest cli-spinners@^2.0.0
3264 silly packumentCache full:https://registry.npmjs.org/cli-spinners cache-miss
3265 http fetch GET 200 https://registry.npmjs.org/proc-log 76ms (cache miss)
3266 silly packumentCache full:https://registry.npmjs.org/proc-log set size:undefined disposed:false
3267 silly fetch manifest kleur@^3.0.3
3268 silly packumentCache full:https://registry.npmjs.org/kleur cache-miss
3269 http fetch GET 200 https://registry.npmjs.org/@expo%2fsudo-prompt 103ms (cache miss)
3270 silly packumentCache full:https://registry.npmjs.org/@expo%2fsudo-prompt set size:undefined disposed:false
3271 silly fetch manifest sisteransi@^1.0.5
3272 silly packumentCache full:https://registry.npmjs.org/sisteransi cache-miss
3273 http fetch GET 200 https://registry.npmjs.org/hosted-git-info 101ms (cache miss)
3274 silly packumentCache full:https://registry.npmjs.org/hosted-git-info set size:undefined disposed:false
3275 silly fetch manifest ansi-escapes@^4.2.1
3276 silly packumentCache full:https://registry.npmjs.org/ansi-escapes cache-miss
3277 http fetch GET 200 https://registry.npmjs.org/wcwidth 69ms (cache miss)
3278 silly packumentCache full:https://registry.npmjs.org/wcwidth set size:undefined disposed:false
3279 silly fetch manifest supports-hyperlinks@^2.0.0
3280 silly packumentCache full:https://registry.npmjs.org/supports-hyperlinks cache-miss
3281 http fetch GET 200 https://registry.npmjs.org/log-symbols 66ms (cache miss)
3282 silly packumentCache full:https://registry.npmjs.org/log-symbols set size:undefined disposed:false
3283 http fetch GET 200 https://registry.npmjs.org/cli-cursor 69ms (cache miss)
3284 silly packumentCache full:https://registry.npmjs.org/cli-cursor set size:undefined disposed:false
3285 http fetch GET 200 https://registry.npmjs.org/validate-npm-package-name 71ms (cache miss)
3286 silly packumentCache full:https://registry.npmjs.org/validate-npm-package-name set size:undefined disposed:false
3287 http fetch GET 200 https://registry.npmjs.org/cli-spinners 67ms (cache miss)
3288 silly packumentCache full:https://registry.npmjs.org/cli-spinners set size:undefined disposed:false
3289 http fetch GET 200 https://registry.npmjs.org/kleur 83ms (cache miss)
3290 silly packumentCache full:https://registry.npmjs.org/kleur set size:undefined disposed:false
3291 http fetch GET 200 https://registry.npmjs.org/sisteransi 83ms (cache miss)
3292 silly packumentCache full:https://registry.npmjs.org/sisteransi set size:undefined disposed:false
3293 http fetch GET 200 https://registry.npmjs.org/ansi-escapes 85ms (cache miss)
3294 silly packumentCache full:https://registry.npmjs.org/ansi-escapes set size:undefined disposed:false
3295 http fetch GET 200 https://registry.npmjs.org/supports-hyperlinks 67ms (cache miss)
3296 silly packumentCache full:https://registry.npmjs.org/supports-hyperlinks set size:undefined disposed:false
3297 http fetch GET 200 https://registry.npmjs.org/on-headers 235ms (cache miss)
3298 silly packumentCache full:https://registry.npmjs.org/on-headers set size:undefined disposed:false
3299 silly placeDep ROOT @expo/sudo-prompt@9.3.2 OK for: @expo/devcert@1.2.1 want: ^9.3.1
3300 silly placeDep node_modules/@expo/devcert debug@3.2.7 OK for: @expo/devcert@1.2.1 want: ^3.1.0
3301 silly placeDep ROOT js-yaml@4.3.0 OK for: @expo/xcpretty@4.4.4 want: ^4.1.0
3302 silly fetch manifest argparse@^2.0.1
3303 silly packumentCache full:https://registry.npmjs.org/argparse cache-miss
3304 http fetch GET 200 https://registry.npmjs.org/argparse 64ms (cache miss)
3305 silly packumentCache full:https://registry.npmjs.org/argparse set size:undefined disposed:false
3306 silly placeDep ROOT bytes@3.1.2 OK for: compression@1.8.1 want: 3.1.2
3307 silly placeDep ROOT compressible@2.0.18 OK for: compression@1.8.1 want: ~2.0.18
3308 silly placeDep node_modules/compression debug@2.6.9 OK for: compression@1.8.1 want: 2.6.9
3309 silly placeDep node_modules/compression negotiator@0.6.4 OK for: compression@1.8.1 want: ~0.6.4
3310 silly placeDep ROOT on-headers@1.1.0 OK for: compression@1.8.1 want: ~1.1.0
3311 silly placeDep ROOT safe-buffer@5.2.1 OK for: compression@1.8.1 want: 5.2.1
3312 silly placeDep ROOT vary@1.1.2 OK for: compression@1.8.1 want: ~1.1.2
3313 silly placeDep ROOT argparse@2.0.1 OK for: js-yaml@4.3.0 want: ^2.0.1
3314 silly placeDep ROOT hosted-git-info@7.0.2 OK for: npm-package-arg@11.0.3 want: ^7.0.0
3315 silly placeDep ROOT proc-log@4.2.0 OK for: npm-package-arg@11.0.3 want: ^4.0.0
3316 silly placeDep ROOT validate-npm-package-name@5.0.1 OK for: npm-package-arg@11.0.3 want: ^5.0.0
3317 silly fetch manifest lru-cache@^10.0.1
3318 silly packumentCache full:https://registry.npmjs.org/lru-cache cache-hit
3319 silly placeDep node_modules/hosted-git-info lru-cache@10.4.3 OK for: hosted-git-info@7.0.2 want: ^10.0.1
3320 silly placeDep node_modules/ora chalk@2.4.2 OK for: ora@3.4.0 want: ^2.4.2
3321 silly placeDep ROOT cli-cursor@2.1.0 OK for: ora@3.4.0 want: ^2.1.0
3322 silly placeDep ROOT cli-spinners@2.9.2 OK for: ora@3.4.0 want: ^2.0.0
3323 silly placeDep ROOT log-symbols@2.2.0 OK for: ora@3.4.0 want: ^2.2.0
3324 silly placeDep node_modules/ora strip-ansi@5.2.0 OK for: ora@3.4.0 want: ^5.2.0
3325 silly placeDep ROOT wcwidth@1.0.1 OK for: ora@3.4.0 want: ^1.0.1
3326 silly fetch manifest ansi-styles@^3.2.1
3327 silly packumentCache full:https://registry.npmjs.org/ansi-styles cache-hit
3328 silly fetch manifest supports-color@^5.3.0
3329 silly packumentCache full:https://registry.npmjs.org/supports-color cache-hit
3330 silly fetch manifest escape-string-regexp@^1.0.5
3331 silly packumentCache full:https://registry.npmjs.org/escape-string-regexp cache-miss
3332 silly fetch manifest restore-cursor@^2.0.0
3333 silly packumentCache full:https://registry.npmjs.org/restore-cursor cache-miss
3334 silly fetch manifest chalk@^2.0.1
3335 silly packumentCache full:https://registry.npmjs.org/chalk cache-hit
3336 silly fetch manifest ansi-regex@^4.1.0
3337 silly packumentCache full:https://registry.npmjs.org/ansi-regex cache-hit
3338 silly fetch manifest defaults@^1.0.3
3339 silly packumentCache full:https://registry.npmjs.org/defaults cache-miss
3340 http cache https://registry.npmjs.org/escape-string-regexp 2ms (cache hit)
3341 silly packumentCache full:https://registry.npmjs.org/escape-string-regexp set size:22244 disposed:false
3342 http fetch GET 200 https://registry.npmjs.org/restore-cursor 67ms (cache miss)
3343 silly packumentCache full:https://registry.npmjs.org/restore-cursor set size:undefined disposed:false
3344 http fetch GET 200 https://registry.npmjs.org/defaults 68ms (cache miss)
3345 silly packumentCache full:https://registry.npmjs.org/defaults set size:undefined disposed:false
3346 silly placeDep ROOT restore-cursor@2.0.0 OK for: cli-cursor@2.1.0 want: ^2.0.0
3347 silly fetch manifest onetime@^2.0.0
3348 silly packumentCache full:https://registry.npmjs.org/onetime cache-miss
3349 silly fetch manifest signal-exit@^3.0.2
3350 silly packumentCache full:https://registry.npmjs.org/signal-exit cache-miss
3351 http fetch GET 200 https://registry.npmjs.org/onetime 69ms (cache miss)
3352 silly packumentCache full:https://registry.npmjs.org/onetime set size:undefined disposed:false
3353 http fetch GET 200 https://registry.npmjs.org/signal-exit 81ms (cache miss)
3354 silly packumentCache full:https://registry.npmjs.org/signal-exit set size:undefined disposed:false
3355 silly placeDep node_modules/log-symbols chalk@2.4.2 OK for: log-symbols@2.2.0 want: ^2.0.1
3356 silly placeDep ROOT kleur@3.0.3 OK for: prompts@2.4.2 want: ^3.0.3
3357 silly placeDep ROOT sisteransi@1.0.5 OK for: prompts@2.4.2 want: ^1.0.5
3358 silly placeDep ROOT onetime@2.0.1 OK for: restore-cursor@2.0.0 want: ^2.0.0
3359 silly placeDep ROOT signal-exit@3.0.7 OK for: restore-cursor@2.0.0 want: ^3.0.2
3360 silly fetch manifest mimic-fn@^1.0.0
3361 silly packumentCache full:https://registry.npmjs.org/mimic-fn cache-miss
3362 http fetch GET 200 https://registry.npmjs.org/mimic-fn 101ms (cache miss)
3363 silly packumentCache full:https://registry.npmjs.org/mimic-fn set size:undefined disposed:false
3364 silly placeDep ROOT mimic-fn@1.2.0 OK for: onetime@2.0.1 want: ^1.0.0
3365 silly placeDep ROOT ansi-escapes@4.3.2 OK for: terminal-link@2.1.1 want: ^4.2.1
3366 silly placeDep ROOT supports-hyperlinks@2.3.0 OK for: terminal-link@2.1.1 want: ^2.0.0
3367 silly fetch manifest type-fest@^0.21.3
3368 silly packumentCache full:https://registry.npmjs.org/type-fest cache-miss
3369 http cache https://registry.npmjs.org/type-fest 2ms (cache hit)
3370 silly packumentCache full:https://registry.npmjs.org/type-fest set size:566201 disposed:false
3371 silly placeDep node_modules/ansi-escapes type-fest@0.21.3 OK for: ansi-escapes@4.3.2 want: ^0.21.3
3372 silly placeDep ROOT defaults@1.0.4 OK for: wcwidth@1.0.1 want: ^1.0.3
3373 silly fetch manifest clone@^1.0.2
3374 silly packumentCache full:https://registry.npmjs.org/clone cache-miss
3375 http fetch GET 200 https://registry.npmjs.org/clone 84ms (cache miss)
3376 silly packumentCache full:https://registry.npmjs.org/clone set size:undefined disposed:false
3377 silly placeDep ROOT clone@1.0.4 OK for: defaults@1.0.4 want: ^1.0.2
3378 silly placeDep node_modules/compression ms@2.0.0 OK for: debug@2.6.9 want: 2.0.0
3379 silly placeDep node_modules/expo mime-types@2.1.35 OK for: accepts@1.3.8 want: ~2.1.34
3380 silly placeDep node_modules/expo negotiator@0.6.3 OK for: accepts@1.3.8 want: 0.6.3
3381 silly fetch manifest mime-db@1.52.0
3382 silly packumentCache full:https://registry.npmjs.org/mime-db cache-miss
3383 http cache https://registry.npmjs.org/mime-db 2ms (cache hit)
3384 silly packumentCache full:https://registry.npmjs.org/mime-db set size:164953 disposed:false
3385 silly placeDep node_modules/expo mime-db@1.52.0 OK for: mime-types@2.1.35 want: 1.52.0
3386 silly placeDep node_modules/finalhandler ms@2.0.0 OK for: debug@2.6.9 want: 2.0.0
3387 silly placeDep node_modules/lighthouse-logger ms@2.0.0 OK for: debug@2.6.9 want: 2.0.0
3388 silly placeDep node_modules/log-symbols ansi-styles@3.2.1 OK for: chalk@2.4.2 want: ^3.2.1
3389 silly placeDep node_modules/log-symbols escape-string-regexp@1.0.5 OK for: chalk@2.4.2 want: ^1.0.5
3390 silly placeDep node_modules/log-symbols supports-color@5.5.0 OK for: chalk@2.4.2 want: ^5.3.0
3391 silly fetch manifest color-convert@^1.9.0
3392 silly packumentCache full:https://registry.npmjs.org/color-convert cache-miss
3393 silly fetch manifest has-flag@^3.0.0
3394 silly packumentCache full:https://registry.npmjs.org/has-flag cache-miss
3395 http cache https://registry.npmjs.org/has-flag 2ms (cache hit)
3396 silly packumentCache full:https://registry.npmjs.org/has-flag set size:15180 disposed:false
3397 http cache https://registry.npmjs.org/color-convert 2ms (cache hit)
3398 silly packumentCache full:https://registry.npmjs.org/color-convert set size:72663 disposed:false
3399 silly placeDep node_modules/log-symbols color-convert@1.9.3 OK for: ansi-styles@3.2.1 want: ^1.9.0
3400 silly fetch manifest color-name@1.1.3
3401 silly packumentCache full:https://registry.npmjs.org/color-name cache-miss
3402 http cache https://registry.npmjs.org/color-name 8ms (cache hit)
3403 silly packumentCache full:https://registry.npmjs.org/color-name set size:20968 disposed:false
3404 silly placeDep node_modules/log-symbols color-name@1.1.3 OK for: color-convert@1.9.3 want: 1.1.3
3405 silly placeDep node_modules/log-symbols has-flag@3.0.0 OK for: supports-color@5.5.0 want: ^3.0.0
3406 silly placeDep node_modules/metro-babel-transformer hermes-estree@0.35.0 OK for: hermes-parser@0.35.0 want: 0.35.0
3407 silly placeDep node_modules/metro hermes-estree@0.35.0 OK for: hermes-parser@0.35.0 want: 0.35.0
3408 silly placeDep node_modules/ora ansi-styles@3.2.1 OK for: chalk@2.4.2 want: ^3.2.1
3409 silly placeDep node_modules/ora escape-string-regexp@1.0.5 OK for: chalk@2.4.2 want: ^1.0.5
3410 silly placeDep node_modules/ora supports-color@5.5.0 OK for: chalk@2.4.2 want: ^5.3.0
3411 silly placeDep node_modules/ora color-convert@1.9.3 OK for: ansi-styles@3.2.1 want: ^1.9.0
3412 silly placeDep node_modules/ora color-name@1.1.3 OK for: color-convert@1.9.3 want: 1.1.3
3413 silly placeDep node_modules/ora ansi-regex@4.1.1 OK for: strip-ansi@5.2.0 want: ^4.1.0
3414 silly placeDep node_modules/ora has-flag@3.0.0 OK for: supports-color@5.5.0 want: ^3.0.0
3415 silly placeDep node_modules/send/node_modules/debug ms@2.0.0 OK for: debug@2.6.9 want: 2.0.0
3416 silly reify moves {}
3417 silly audit bulk request {
3417 silly audit   '@types/react': [ '19.2.17' ],
3417 silly audit   expo: [ '57.0.9' ],
3417 silly audit   react: [ '19.2.3' ],
3417 silly audit   'react-native': [ '0.86.2' ],
3417 silly audit   'expo-constants': [ '57.0.8' ],
3417 silly audit   'expo-font': [ '57.0.1' ],
3417 silly audit   'expo-linking': [ '57.0.4' ],
3417 silly audit   'expo-router': [ '57.0.9' ],
3417 silly audit   'react-native-safe-area-context': [ '5.7.0' ],
3417 silly audit   'expo-splash-screen': [ '57.0.5' ],
3417 silly audit   'expo-status-bar': [ '57.0.1' ],
3417 silly audit   'expo-symbols': [ '57.0.1' ],
3417 silly audit   'expo-web-browser': [ '57.0.2' ],
3417 silly audit   'react-dom': [ '19.2.3' ],
3417 silly audit   'react-native-reanimated': [ '4.5.1' ],
3417 silly audit   'react-native-worklets': [ '0.10.1' ],
3417 silly audit   '@babel/core': [ '7.29.7' ],
3417 silly audit   '@react-native/metro-config': [ '0.86.2' ],
3417 silly audit   'react-native-screens': [ '4.26.2' ],
3417 silly audit   'react-native-web': [ '0.21.2' ],
3417 silly audit   typescript: [ '6.0.3' ],
3417 silly audit   'convert-source-map': [ '2.0.0' ],
3417 silly audit   gensync: [ '1.0.0-beta.2' ],
3417 silly audit   json5: [ '2.2.3' ],
3417 silly audit   semver: [ '7.8.5', '6.3.1' ],
3417 silly audit   '@react-native/js-polyfills': [ '0.86.2' ],
3417 silly audit   '@react-native/metro-babel-transformer': [ '0.86.2' ],
3417 silly audit   'metro-config': [ '0.84.4' ],
3417 silly audit   'metro-runtime': [ '0.84.4' ],
3417 silly audit   '@react-native/babel-preset': [ '0.86.2' ],
3417 silly audit   'hermes-parser': [ '0.36.0', '0.35.0' ],
3417 silly audit   nullthrows: [ '1.1.1' ],
3417 silly audit   '@babel/plugin-proposal-export-default-from': [ '7.29.7' ],
3417 silly audit   '@babel/plugin-syntax-dynamic-import': [ '7.8.3' ],
3417 silly audit   '@babel/plugin-syntax-export-default-from': [ '7.29.7' ],
3417 silly audit   '@babel/plugin-syntax-nullish-coalescing-operator': [ '7.8.3' ],
3417 silly audit   '@babel/plugin-syntax-optional-chaining': [ '7.8.3' ],
3417 silly audit   '@babel/plugin-transform-async-generator-functions': [ '7.29.7' ],
3417 silly audit   '@babel/plugin-transform-async-to-generator': [ '7.29.7' ],
3417 silly audit   '@babel/plugin-transform-block-scoping': [ '7.29.7' ],
3417 silly audit   '@babel/plugin-transform-class-properties': [ '7.29.7' ],
3417 silly audit   '@babel/plugin-transform-classes': [ '7.29.7' ],
3417 silly audit   '@babel/plugin-transform-destructuring': [ '7.29.7' ],
3417 silly audit   '@babel/plugin-transform-flow-strip-types': [ '7.29.7' ],
3417 silly audit   '@babel/plugin-transform-for-of': [ '7.29.7' ],
3417 silly audit   '@babel/plugin-transform-modules-commonjs': [ '7.29.7' ],
3417 silly audit   '@babel/plugin-transform-named-capturing-groups-regex': [ '7.29.7' ],
3417 silly audit   '@babel/plugin-transform-nullish-coalescing-operator': [ '7.29.7' ],
3417 silly audit   '@babel/plugin-transform-optional-catch-binding': [ '7.29.7' ],
3417 silly audit   '@babel/plugin-transform-optional-chaining': [ '7.29.7' ],
3417 silly audit   '@babel/plugin-transform-private-methods': [ '7.29.7' ],
3417 silly audit   '@babel/plugin-transform-private-property-in-object': [ '7.29.7' ],
3417 silly audit   '@babel/plugin-transform-react-display-name': [ '7.29.7' ],
3417 silly audit   '@babel/plugin-transform-react-jsx': [ '7.29.7' ],
3417 silly audit   '@babel/plugin-transform-react-jsx-self': [ '7.29.7' ],
3417 silly audit   '@babel/plugin-transform-react-jsx-source': [ '7.29.7' ],
3417 silly audit   '@babel/plugin-transform-regenerator': [ '7.29.7' ],
3417 silly audit   '@babel/plugin-transform-runtime': [ '7.29.7' ],
3417 silly audit   '@babel/plugin-transform-typescript': [ '7.29.7' ],
3417 silly audit   '@babel/plugin-transform-unicode-regex': [ '7.29.7' ],
3417 silly audit   '@react-native/babel-plugin-codegen': [ '0.86.2' ],
3417 silly audit   'babel-plugin-syntax-hermes-parser': [ '0.36.0' ],
3417 silly audit   'babel-plugin-transform-flow-enums': [ '0.0.2' ],
3417 silly audit   'react-refresh': [ '0.14.2' ],
3417 silly audit   '@babel/code-frame': [ '7.29.7' ],
3417 silly audit   '@babel/generator': [ '7.29.7' ],
3417 silly audit   '@babel/helper-compilation-targets': [ '7.29.7' ],
3417 silly audit   '@babel/helper-module-transforms': [ '7.29.7' ],
3417 silly audit   '@babel/helpers': [ '7.29.7' ],
3417 silly audit   '@babel/parser': [ '7.29.7' ],
3417 silly audit   '@babel/template': [ '7.29.7' ],
3417 silly audit   '@babel/traverse': [ '7.29.7' ],
3417 silly audit   '@babel/types': [ '7.29.7' ],
3417 silly audit   '@jridgewell/remapping': [ '2.3.5' ],
3417 silly audit   debug: [ '4.4.3', '2.6.9', '3.2.7' ],
3417 silly audit   '@babel/helper-validator-identifier': [ '7.29.7' ],
3417 silly audit   'js-tokens': [ '4.0.0' ],
3417 silly audit   picocolors: [ '1.1.1' ],
3417 silly audit   '@jridgewell/gen-mapping': [ '0.3.13' ],
3417 silly audit   '@jridgewell/trace-mapping': [ '0.3.31' ],
3417 silly audit   jsesc: [ '3.1.0' ],
3417 silly audit   '@babel/compat-data': [ '7.29.7' ],
3417 silly audit   '@babel/helper-validator-option': [ '7.29.7' ],
3417 silly audit   browserslist: [ '4.28.7' ],
3417 silly audit   'lru-cache': [ '5.1.1', '11.5.2', '10.4.3' ],
3417 silly audit   '@babel/helper-module-imports': [ '7.29.7' ],
3417 silly audit   '@babel/helper-plugin-utils': [ '7.29.7' ],
3417 silly audit   '@babel/helper-remap-async-to-generator': [ '7.29.7' ],
3417 silly audit   '@babel/helper-annotate-as-pure': [ '7.29.7' ],
3417 silly audit   '@babel/helper-wrap-function': [ '7.29.7' ],
3417 silly audit   '@babel/helper-create-class-features-plugin': [ '7.29.7' ],
3417 silly audit   '@babel/helper-member-expression-to-functions': [ '7.29.7' ],
3417 silly audit   '@babel/helper-optimise-call-expression': [ '7.29.7' ],
3417 silly audit   '@babel/helper-replace-supers': [ '7.29.7' ],
3417 silly audit   '@babel/helper-skip-transparent-expression-wrappers': [ '7.29.7' ],
3417 silly audit   '@babel/helper-globals': [ '7.29.7' ],
3417 silly audit   '@babel/plugin-syntax-flow': [ '7.29.7' ],
3417 silly audit   '@babel/helper-create-regexp-features-plugin': [ '7.29.7' ],
3417 silly audit   'regexpu-core': [ '6.4.0' ],
3417 silly audit   '@babel/plugin-syntax-jsx': [ '7.29.7' ],
3417 silly audit   'babel-plugin-polyfill-corejs2': [ '0.4.17' ],
3417 silly audit   'babel-plugin-polyfill-corejs3': [ '0.13.0' ],
3417 silly audit   'babel-plugin-polyfill-regenerator': [ '0.6.8' ],
3417 silly audit   '@babel/plugin-syntax-typescript': [ '7.29.7' ],
3417 silly audit   '@babel/helper-string-parser': [ '7.29.7' ],
3417 silly audit   '@jridgewell/sourcemap-codec': [ '1.5.5' ],
3417 silly audit   '@jridgewell/resolve-uri': [ '3.1.2' ],
3417 silly audit   '@react-native/codegen': [ '0.86.2' ],
3417 silly audit   invariant: [ '2.2.4' ],
3417 silly audit   tinyglobby: [ '0.2.17' ],
3417 silly audit   yargs: [ '17.7.3' ],
3417 silly audit   csstype: [ '3.2.3' ],
3417 silly audit   '@babel/helper-define-polyfill-provider': [ '0.6.8' ],
3417 silly audit   'lodash.debounce': [ '4.0.8' ],
3417 silly audit   resolve: [ '1.22.12' ],
3417 silly audit   'core-js-compat': [ '3.49.0' ],
3417 silly audit   'baseline-browser-mapping': [ '2.11.7' ],
3417 silly audit   'caniuse-lite': [ '1.0.30001806' ],
3417 silly audit   'electron-to-chromium': [ '1.5.398' ],
3417 silly audit   'node-releases': [ '2.0.51' ],
3417 silly audit   'update-browserslist-db': [ '1.2.3' ],
3417 silly audit   ms: [ '2.1.3', '2.0.0' ],
3417 silly audit   '@babel/runtime': [ '7.29.7' ],
3417 silly audit   '@expo/cli': [ '57.0.11' ],
3417 silly audit   '@expo/config': [ '57.0.6' ],
3417 silly audit   '@expo/config-plugins': [ '57.0.6' ],
3417 silly audit   '@expo/devtools': [ '57.0.1' ],
3417 silly audit   '@expo/dom-webview': [ '57.0.1' ],
3417 silly audit   '@expo/fingerprint': [ '0.20.6' ],
3417 silly audit   '@expo/local-build-cache-provider': [ '57.0.5' ],
3417 silly audit   '@expo/log-box': [ '57.0.2' ],
3417 silly audit   '@expo/metro': [ '56.0.0' ],
3417 silly audit   '@expo/metro-config': [ '57.0.7' ],
3417 silly audit   '@ungap/structured-clone': [ '1.3.3' ],
3417 silly audit   'babel-preset-expo': [ '57.0.5' ],
3417 silly audit   'expo-asset': [ '57.0.8' ],
3417 silly audit   'expo-file-system': [ '57.0.1' ],
3417 silly audit   'expo-keep-awake': [ '57.0.1' ],
3417 silly audit   'expo-modules-autolinking': [ '57.0.9' ],
3417 silly audit   'expo-modules-core': [ '57.0.8' ],
3417 silly audit   'pretty-format': [ '29.7.0', '27.5.1' ],
3417 silly audit   'whatwg-url-minimum': [ '0.1.2' ],
3417 silly audit   '@expo/config-types': [ '57.0.2' ],
3417 silly audit   '@expo/json-file': [ '11.0.1' ],
3417 silly audit   '@expo/require-utils': [ '57.0.4' ],
3417 silly audit   deepmerge: [ '4.3.1' ],
3417 silly audit   getenv: [ '2.0.0' ],
3417 silly audit   glob: [ '13.0.6' ],
3417 silly audit   'resolve-workspace-root': [ '2.0.1' ],
3417 silly audit   slugify: [ '1.6.9' ],
3417 silly audit   '@expo/plist': [ '0.8.1' ],
3417 silly audit   '@expo/sdk-runtime-versions': [ '1.0.0' ],
3417 silly audit   chalk: [ '4.1.2', '2.4.2' ],
3417 silly audit   xcode: [ '3.0.1' ],
3417 silly audit   xml2js: [ '0.6.0' ],
3417 silly audit   '@expo/env': [ '2.4.2' ],
3417 silly audit   '@expo/spawn-async': [ '1.8.0' ],
3417 silly audit   arg: [ '5.0.2' ],
3417 silly audit   ignore: [ '5.3.2' ],
3417 silly audit   minimatch: [ '10.2.6' ],
3417 silly audit   'resolve-from': [ '5.0.0' ],
3417 silly audit   anser: [ '1.4.10' ],
3417 silly audit   'stacktrace-parser': [ '0.1.11' ],
3417 silly audit   metro: [ '0.84.4' ],
3417 silly audit   'metro-babel-transformer': [ '0.84.4' ],
3417 silly audit   'metro-cache': [ '0.84.4' ],
3417 silly audit   'metro-cache-key': [ '0.84.4' ],
3417 silly audit   'metro-core': [ '0.84.4' ],
3417 silly audit   'metro-file-map': [ '0.84.4' ],
3417 silly audit   'metro-minify-terser': [ '0.84.4' ],
3417 silly audit   'metro-resolver': [ '0.84.4' ],
3417 silly audit   'metro-source-map': [ '0.84.4' ],
3417 silly audit   'metro-symbolicate': [ '0.84.4' ],
3417 silly audit   'metro-transform-plugins': [ '0.84.4' ],
3417 silly audit   'metro-transform-worker': [ '0.84.4' ],
3417 silly audit   'jsc-safe-url': [ '0.2.4' ],
3417 silly audit   lightningcss: [ '1.33.0' ],
3417 silly audit   picomatch: [ '4.0.5', '2.3.2' ],
3417 silly audit   postcss: [ '8.5.25' ],
3417 silly audit   '@xmldom/xmldom': [ '0.8.13', '0.9.10' ],
3417 silly audit   'base64-js': [ '1.5.1' ],
3417 silly audit   xmlbuilder: [ '15.1.1', '11.0.1' ],
3417 silly audit   'cross-spawn': [ '7.0.6' ],
3417 silly audit   '@babel/plugin-proposal-decorators': [ '7.29.7' ],
3417 silly audit   '@babel/plugin-transform-class-static-block': [ '7.29.7' ],
3417 silly audit   '@babel/plugin-transform-export-namespace-from': [ '7.29.7' ],
3417 silly audit   '@babel/plugin-transform-logical-assignment-operators': [ '7.29.7' ],
3417 silly audit   '@babel/plugin-transform-object-rest-spread': [ '7.29.7' ],
3417 silly audit   '@babel/plugin-transform-parameters': [ '7.29.7' ],
3417 silly audit   '@babel/plugin-transform-react-jsx-development': [ '7.29.7' ],
3417 silly audit   '@babel/plugin-transform-react-pure-annotations': [ '7.29.7' ],
3417 silly audit   '@babel/preset-typescript': [ '7.29.7' ],
3417 silly audit   'babel-plugin-react-compiler': [ '1.0.0' ],
3417 silly audit   'babel-plugin-react-native-web': [ '0.21.2' ],
3417 silly audit   '@babel/plugin-syntax-decorators': [ '7.29.7' ],
3417 silly audit   'ansi-styles': [ '4.3.0', '5.2.0', '3.2.1' ],
3417 silly audit   'supports-color': [ '7.2.0', '8.1.1', '5.5.0' ],
3417 silly audit   'color-convert': [ '2.0.1', '1.9.3' ],
3417 silly audit   'color-name': [ '1.1.4', '1.1.3' ],
3417 silly audit   'path-key': [ '3.1.1' ],
3417 silly audit   'shebang-command': [ '2.0.0' ],
3417 silly audit   which: [ '2.0.2' ],
3417 silly audit   '@expo/image-utils': [ '0.11.4' ],
3417 silly audit   'jimp-compact': [ '0.16.1' ],
3417 silly audit   'parse-png': [ '2.1.0' ],
3417 silly audit   fontfaceobserver: [ '2.3.0' ],
3417 silly audit   commander: [ '7.2.0', '12.1.0', '2.20.3' ],
3417 silly audit   '@expo/expo-modules-macros-plugin': [ '0.6.1' ],
3417 silly audit   'expo-modules-jsi': [ '57.0.4' ],
3417 silly audit   '@expo/metro-runtime': [ '57.0.8' ],
3417 silly audit   '@expo/schema-utils': [ '57.0.2' ],
3417 silly audit   '@expo/ui': [ '57.0.8' ],
3417 silly audit   '@radix-ui/react-slot': [ '1.3.3' ],
3417 silly audit   '@radix-ui/react-tabs': [ '1.1.21' ],
3417 silly audit   '@react-native-masked-view/masked-view': [ '0.3.2' ],
3417 silly audit   '@testing-library/jest-dom': [ '6.9.1' ],
3417 silly audit   '@testing-library/user-event': [ '14.6.1' ],
3417 silly audit   '@testing-library/dom': [ '10.4.1' ],
3417 silly audit   'client-only': [ '0.0.1' ],
3417 silly audit   color: [ '4.2.3' ],
3417 silly audit   'escape-string-regexp': [ '4.0.0', '1.0.5' ],
3417 silly audit   'expo-glass-effect': [ '57.0.1' ],
3417 silly audit   'expo-server': [ '57.0.1' ],
3417 silly audit   'fast-deep-equal': [ '3.1.3' ],
3417 silly audit   nanoid: [ '3.3.16' ],
3417 silly audit   'query-string': [ '7.1.3' ],
3417 silly audit   'react-fast-compare': [ '3.2.2' ],
3417 silly audit   'react-is': [ '19.2.8', '18.3.1', '17.0.2' ],
3417 silly audit   'react-native-drawer-layout': [ '4.2.9' ],
3417 silly audit   'react-native-gesture-handler': [ '3.1.0' ],
3417 silly audit   'server-only': [ '0.0.1' ],
3417 silly audit   'sf-symbols-typescript': [ '2.2.0' ],
3417 silly audit   shallowequal: [ '1.1.0' ],
3417 silly audit   'standard-navigation': [ '0.0.5' ],
3417 silly audit   vaul: [ '1.1.2' ],
3417 silly audit   'whatwg-fetch': [ '3.6.20' ],
3417 silly audit   '@radix-ui/react-compose-refs': [ '1.1.5' ],
3417 silly audit   '@radix-ui/primitive': [ '1.1.7' ],
3417 silly audit   '@radix-ui/react-context': [ '1.2.2' ],
3417 silly audit   '@radix-ui/react-direction': [ '1.1.4' ],
3417 silly audit   '@radix-ui/react-id': [ '1.1.4' ],
3417 silly audit   '@radix-ui/react-presence': [ '1.1.10' ],
3417 silly audit   '@radix-ui/react-primitive': [ '2.1.10' ],
3417 silly audit   '@radix-ui/react-roving-focus': [ '1.1.19' ],
3417 silly audit   '@radix-ui/react-use-controllable-state': [ '1.2.6' ],
3417 silly audit   '@radix-ui/react-use-layout-effect': [ '1.1.4' ],
3417 silly audit   '@radix-ui/react-collection': [ '1.1.15' ],
3417 silly audit   '@radix-ui/react-use-callback-ref': [ '1.1.4' ],
3417 silly audit   '@radix-ui/react-use-is-hydrated': [ '0.1.3' ],
3417 silly audit   '@radix-ui/react-use-effect-event': [ '0.0.5' ],
3417 silly audit   '@types/aria-query': [ '5.0.4' ],
3417 silly audit   'aria-query': [ '5.3.0' ],
3417 silly audit   'dom-accessibility-api': [ '0.5.16', '0.6.3' ],
3417 silly audit   'lz-string': [ '1.5.0' ],
3417 silly audit   '@adobe/css-tools': [ '4.5.0' ],
3417 silly audit   'css.escape': [ '1.5.1' ],
3417 silly audit   redent: [ '3.0.0' ],
3417 silly audit   dequal: [ '2.0.3' ],
3417 silly audit   'color-string': [ '1.9.1' ],
3417 silly audit   'simple-swizzle': [ '0.2.4' ],
3417 silly audit   '@expo-google-fonts/material-symbols': [ '0.4.42' ],
3417 silly audit   minipass: [ '7.1.3' ],
3417 silly audit   'path-scurry': [ '2.0.2' ],
3417 silly audit   'hermes-estree': [ '0.36.0', '0.35.0' ],
3417 silly audit   'loose-envify': [ '1.4.0' ],
3417 silly audit   'detect-libc': [ '2.1.2' ],
3417 silly audit   'lightningcss-android-arm64': [ '1.33.0' ],
3417 silly audit   'lightningcss-darwin-arm64': [ '1.33.0' ],
3417 silly audit   'lightningcss-darwin-x64': [ '1.33.0' ],
3417 silly audit   'lightningcss-freebsd-x64': [ '1.33.0' ],
3417 silly audit   'lightningcss-linux-arm-gnueabihf': [ '1.33.0' ],
3417 silly audit   'lightningcss-linux-arm64-gnu': [ '1.33.0' ],
3417 silly audit   'lightningcss-linux-arm64-musl': [ '1.33.0' ],
3417 silly audit   'lightningcss-linux-x64-gnu': [ '1.33.0' ],
3417 silly audit   'lightningcss-linux-x64-musl': [ '1.33.0' ],
3417 silly audit   'lightningcss-win32-arm64-msvc': [ '1.33.0' ],
3417 silly audit   'lightningcss-win32-x64-msvc': [ '1.33.0' ],
3417 silly audit   yallist: [ '3.1.1' ],
3417 silly audit   accepts: [ '2.0.0', '1.3.8' ],
3417 silly audit   'ci-info': [ '2.0.0', '3.9.0' ],
3417 silly audit   connect: [ '3.7.0' ],
3417 silly audit   'error-stack-parser': [ '2.1.4' ],
3417 silly audit   'flow-enums-runtime': [ '0.0.6' ],
3417 silly audit   'graceful-fs': [ '4.2.11' ],
3417 silly audit   'image-size': [ '1.2.1' ],
3417 silly audit   'jest-worker': [ '29.7.0' ],
3417 silly audit   'lodash.throttle': [ '4.1.1' ],
3417 silly audit   'mime-types': [ '3.0.2', '2.1.35' ],
3417 silly audit   'serialize-error': [ '2.1.0' ],
3417 silly audit   'source-map': [ '0.5.7', '0.6.1' ],
3417 silly audit   throat: [ '5.0.0' ],
3417 silly audit   ws: [ '7.5.13', '8.21.1' ],
3417 silly audit   negotiator: [ '1.0.0', '0.6.4', '0.6.3' ],
3417 silly audit   finalhandler: [ '1.1.2' ],
3417 silly audit   parseurl: [ '1.3.3' ],
3417 silly audit   'utils-merge': [ '1.0.1' ],
3417 silly audit   stackframe: [ '1.3.4' ],
3417 silly audit   encodeurl: [ '1.0.2', '2.0.0' ],
3417 silly audit   'escape-html': [ '1.0.3' ],
3417 silly audit   'on-finished': [ '2.3.0', '2.4.1' ],
3417 silly audit   statuses: [ '1.5.0', '2.0.2' ],
3417 silly audit   unpipe: [ '1.0.0' ],
3417 silly audit   queue: [ '6.0.2' ],
3417 silly audit   '@types/node': [ '26.1.2' ],
3417 silly audit   'jest-util': [ '29.7.0' ],
3417 silly audit   'merge-stream': [ '2.0.0' ],
3417 silly audit   'undici-types': [ '8.3.0' ],
3417 silly audit   '@jest/types': [ '29.6.3' ],
3417 silly audit   '@jest/schemas': [ '29.6.3' ],
3417 silly audit   '@types/istanbul-lib-coverage': [ '2.0.6' ],
3417 silly audit   '@types/istanbul-reports': [ '3.0.4' ],
3417 silly audit   '@types/yargs': [ '17.0.35' ],
3417 silly audit   '@sinclair/typebox': [ '0.27.12' ],
3417 silly audit   '@types/istanbul-lib-report': [ '3.0.3' ],
3417 silly audit   '@types/yargs-parser': [ '21.0.3' ],
3417 silly audit   'exponential-backoff': [ '3.1.3' ],
3417 silly audit   'https-proxy-agent': [ '7.0.6' ],
3417 silly audit   'agent-base': [ '7.1.4' ],
3417 silly audit   'jest-validate': [ '29.7.0' ],
3417 silly audit   yaml: [ '2.9.0' ],
3417 silly audit   camelcase: [ '6.3.0' ],
3417 silly audit   'jest-get-type': [ '29.6.3' ],
3417 silly audit   leven: [ '3.1.0' ],
3417 silly audit   'fb-watchman': [ '2.0.2' ],
3417 silly audit   micromatch: [ '4.0.8' ],
3417 silly audit   walker: [ '1.0.8' ],
3417 silly audit   bser: [ '2.1.1' ],
3417 silly audit   'node-int64': [ '0.4.0' ],
3417 silly audit   terser: [ '5.49.0' ],
3417 silly audit   ob1: [ '0.84.4' ],
3417 silly audit   vlq: [ '1.0.1' ],
3417 silly audit   braces: [ '3.0.3' ],
3417 silly audit   'fill-range': [ '7.1.1' ],
3417 silly audit   'to-regex-range': [ '5.0.1' ],
3417 silly audit   'mime-db': [ '1.54.0', '1.52.0' ],
3417 silly audit   'brace-expansion': [ '5.0.8' ],
3417 silly audit   'balanced-match': [ '4.0.4' ],
3417 silly audit   'ee-first': [ '1.1.1' ],
3417 silly audit   pngjs: [ '3.4.0' ],
3417 silly audit   'source-map-js': [ '1.2.1' ],
3417 silly audit   'decode-uri-component': [ '0.2.2' ],
3417 silly audit   'filter-obj': [ '1.1.0' ],
3417 silly audit   'split-on-first': [ '1.1.0' ],
3417 silly audit   'strict-uri-encode': [ '2.0.0' ],
3417 silly audit   inherits: [ '2.0.4' ],
3417 silly audit   scheduler: [ '0.27.0' ],
3417 silly audit   '@react-native/assets-registry': [ '0.86.2' ],
3417 silly audit   '@react-native/community-cli-plugin': [ '0.86.2' ],
3417 silly audit   '@react-native/gradle-plugin': [ '0.86.2' ],
3417 silly audit   '@react-native/normalize-colors': [ '0.86.2', '0.74.89' ],
3417 silly audit   '@react-native/virtualized-lists': [ '0.86.2' ],
3417 silly audit   'abort-controller': [ '3.0.0' ],
3417 silly audit   'ansi-regex': [ '5.0.1', '4.1.1' ],
3417 silly audit   'hermes-compiler': [ '250829098.0.16' ],
3417 silly audit   'memoize-one': [ '5.2.1', '6.0.0' ],
3417 silly audit   promise: [ '8.3.0', '7.3.1' ],
3417 silly audit   'react-devtools-core': [ '6.1.5' ],
3417 silly audit   'regenerator-runtime': [ '0.13.11' ],
3417 silly audit   '@react-native/dev-middleware': [ '0.86.2' ],
3417 silly audit   '@isaacs/ttlcache': [ '1.4.1' ],
3417 silly audit   '@react-native/debugger-frontend': [ '0.86.2' ],
3417 silly audit   '@react-native/debugger-shell': [ '0.86.2' ],
3417 silly audit   'chrome-launcher': [ '0.15.2' ],
3417 silly audit   'chromium-edge-launcher': [ '0.3.0' ],
3417 silly audit   open: [ '7.4.2' ],
3417 silly audit   'serve-static': [ '1.16.3' ],
3417 silly audit   'fb-dotslash': [ '0.5.8' ],
3417 silly audit   'event-target-shim': [ '5.0.1' ],
3417 silly audit   'is-wsl': [ '2.2.0' ],
3417 silly audit   'lighthouse-logger': [ '1.4.2' ],
3417 silly audit   mkdirp: [ '1.0.4' ],
3417 silly audit   'is-docker': [ '2.2.1' ],
3417 silly audit   marky: [ '1.3.0' ],
3417 silly audit   asap: [ '2.0.6' ],
3417 silly audit   'shell-quote': [ '1.10.0' ],
3417 silly audit   'use-latest-callback': [ '0.2.6' ],
3417 silly audit   '@types/react-test-renderer': [ '19.1.0' ],
3417 silly audit   'react-native-is-edge-to-edge': [ '1.3.1' ],
3417 silly audit   'react-freeze': [ '1.0.4' ],
3417 silly audit   'warn-once': [ '0.1.1' ],
3417 silly audit   fbjs: [ '3.0.5' ],
3417 silly audit   'inline-style-prefixer': [ '7.0.1' ],
3417 silly audit   'postcss-value-parser': [ '4.2.0' ],
3417 silly audit   styleq: [ '0.1.3' ],
3417 silly audit   'cross-fetch': [ '3.2.0' ],
3417 silly audit   'fbjs-css-vars': [ '1.0.2' ],
3417 silly audit   'object-assign': [ '4.1.1' ],
3417 silly audit   setimmediate: [ '1.0.5' ],
3417 silly audit   'ua-parser-js': [ '1.0.41' ],
3417 silly audit   'node-fetch': [ '2.7.0' ],
3417 silly audit   'css-in-js-utils': [ '3.1.0' ],
3417 silly audit   'hyphenate-style-name': [ '1.1.0' ],
3417 silly audit   'whatwg-url': [ '5.0.0' ],
3417 silly audit   '@babel/plugin-transform-arrow-functions': [ '7.29.7' ],
3417 silly audit   '@babel/plugin-transform-shorthand-properties': [ '7.29.7' ],
3417 silly audit   '@babel/plugin-transform-template-literals': [ '7.29.7' ],
3417 silly audit   'indent-string': [ '4.0.0' ],
3417 silly audit   'strip-indent': [ '3.0.0' ],
3417 silly audit   regenerate: [ '1.4.2' ],
3417 silly audit   'regenerate-unicode-properties': [ '10.2.2' ],
3417 silly audit   regjsgen: [ '0.8.0' ],
3417 silly audit   regjsparser: [ '0.13.2' ],
3417 silly audit   'unicode-match-property-ecmascript': [ '2.0.0' ],
3417 silly audit   'unicode-match-property-value-ecmascript': [ '2.2.1' ],
3417 silly audit   'es-errors': [ '1.3.0' ],
3417 silly audit   'is-core-module': [ '2.16.2' ],
3417 silly audit   'path-parse': [ '1.0.7' ],
3417 silly audit   'supports-preserve-symlinks-flag': [ '1.0.0' ],
3417 silly audit   hasown: [ '2.0.4' ],
3417 silly audit   'function-bind': [ '1.1.2' ],
3417 silly audit   send: [ '0.19.2' ],
3417 silly audit   depd: [ '2.0.0' ],
3417 silly audit   destroy: [ '1.2.0' ],
3417 silly audit   etag: [ '1.8.1' ],
3417 silly audit   fresh: [ '0.5.2' ],
3417 silly audit   'http-errors': [ '2.0.1' ],
3417 silly audit   mime: [ '1.6.0' ],
3417 silly audit   'range-parser': [ '1.2.1' ],
3417 silly audit   setprototypeof: [ '1.2.0' ],
3417 silly audit   toidentifier: [ '1.0.1' ],
3417 silly audit   'shebang-regex': [ '3.0.0' ],
3417 silly audit   'is-arrayish': [ '0.3.4' ],
3417 silly audit   'type-fest': [ '0.7.1', '0.21.3' ],
3417 silly audit   'min-indent': [ '1.0.1' ],
3417 silly audit   'has-flag': [ '4.0.0', '3.0.0' ],
3417 silly audit   '@jridgewell/source-map': [ '0.3.11' ],
3417 silly audit   acorn: [ '8.18.0' ],
3417 silly audit   'source-map-support': [ '0.5.21' ],
3417 silly audit   'buffer-from': [ '1.1.2' ],
3417 silly audit   fdir: [ '6.5.0' ],
3417 silly audit   'is-number': [ '7.0.0' ],
3417 silly audit   'unicode-canonical-property-names-ecmascript': [ '2.0.1' ],
3417 silly audit   'unicode-property-aliases-ecmascript': [ '2.2.0' ],
3417 silly audit   escalade: [ '3.2.0' ],
3417 silly audit   '@radix-ui/react-dialog': [ '1.1.23' ],
3417 silly audit   '@radix-ui/react-dismissable-layer': [ '1.1.19' ],
3417 silly audit   '@radix-ui/react-focus-guards': [ '1.1.6' ],
3417 silly audit   '@radix-ui/react-focus-scope': [ '1.1.16' ],
3417 silly audit   '@radix-ui/react-portal': [ '1.1.17' ],
3417 silly audit   'aria-hidden': [ '1.2.6' ],
3417 silly audit   'react-remove-scroll': [ '2.7.2' ],
3417 silly audit   tslib: [ '2.8.1' ],
3417 silly audit   'react-remove-scroll-bar': [ '2.3.8' ],
3417 silly audit   'react-style-singleton': [ '2.2.3' ],
3417 silly audit   'use-callback-ref': [ '1.3.3' ],
3417 silly audit   'use-sidecar': [ '1.1.3' ],
3417 silly audit   'get-nonce': [ '1.0.1' ],
3417 silly audit   'detect-node-es': [ '1.1.0' ],
3417 silly audit   makeerror: [ '1.0.12' ],
3417 silly audit   tmpl: [ '1.0.5' ],
3417 silly audit   tr46: [ '0.0.3' ],
3417 silly audit   'webidl-conversions': [ '3.0.1' ],
3417 silly audit   isexe: [ '2.0.0' ],
3417 silly audit   'simple-plist': [ '1.3.1' ],
3417 silly audit   uuid: [ '7.0.3' ],
3417 silly audit   'bplist-creator': [ '0.1.0' ],
3417 silly audit   'bplist-parser': [ '0.3.1' ],
3417 silly audit   plist: [ '3.1.1' ],
3417 silly audit   'stream-buffers': [ '2.2.0' ],
3417 silly audit   'big-integer': [ '1.6.52' ],
3417 silly audit   sax: [ '1.6.1' ],
3417 silly audit   cliui: [ '8.0.1' ],
3417 silly audit   'get-caller-file': [ '2.0.5' ],
3417 silly audit   'require-directory': [ '2.1.1' ],
3417 silly audit   'string-width': [ '4.2.3' ],
3417 silly audit   y18n: [ '5.0.8' ],
3417 silly audit   'yargs-parser': [ '21.1.1' ],
3417 silly audit   'strip-ansi': [ '6.0.1', '5.2.0' ],
3417 silly audit   'wrap-ansi': [ '7.0.0' ],
3417 silly audit   'emoji-regex': [ '8.0.0' ],
3417 silly audit   'is-fullwidth-code-point': [ '3.0.0' ],
3417 silly audit   '@expo/code-signing-certificates': [ '0.0.6' ],
3417 silly audit   '@expo/devcert': [ '1.2.1' ],
3417 silly audit   '@expo/inline-modules': [ '0.1.4' ],
3417 silly audit   '@expo/metro-file-map': [ '57.0.1' ],
3417 silly audit   '@expo/osascript': [ '2.7.1' ],
3417 silly audit   '@expo/package-manager': [ '1.13.1' ],
3417 silly audit   '@expo/prebuild-config': [ '57.0.10' ],
3417 silly audit   '@expo/router-server': [ '57.0.4' ],
3417 silly audit   '@expo/ws-tunnel': [ '2.0.0' ],
3417 silly audit   '@expo/xcpretty': [ '4.4.4' ],
3417 silly audit   'agent-cli-detector': [ '0.1.4' ],
3417 silly audit   compression: [ '1.8.1' ],
3417 silly audit   'dnssd-advertise': [ '1.1.6' ],
3417 silly audit   'fetch-nodeshim': [ '0.4.10' ],
3417 silly audit   'lan-network': [ '0.2.1' ],
3417 silly audit   multitars: [ '1.0.0' ],
3417 silly audit   'node-forge': [ '1.4.0' ],
3417 silly audit   'npm-package-arg': [ '11.0.3' ],
3417 silly audit   ora: [ '3.4.0' ],
3417 silly audit   progress: [ '2.0.3' ],
3417 silly audit   prompts: [ '2.4.2' ],
3417 silly audit   'structured-headers': [ '0.4.1' ],
3417 silly audit   'terminal-link': [ '2.1.1' ],
3417 silly audit   toqr: [ '0.1.1' ],
3417 silly audit   zod: [ '3.25.76' ],
3417 silly audit   '@expo/sudo-prompt': [ '9.3.2' ],
3417 silly audit   'js-yaml': [ '4.3.0' ],
3417 silly audit   bytes: [ '3.1.2' ],
3417 silly audit   compressible: [ '2.0.18' ],
3417 silly audit   'on-headers': [ '1.1.0' ],
3417 silly audit   'safe-buffer': [ '5.2.1' ],
3417 silly audit   vary: [ '1.1.2' ],
3417 silly audit   argparse: [ '2.0.1' ],
3417 silly audit   'hosted-git-info': [ '7.0.2' ],
3417 silly audit   'proc-log': [ '4.2.0' ],
3417 silly audit   'validate-npm-package-name': [ '5.0.1' ],
3417 silly audit   'cli-cursor': [ '2.1.0' ],
3417 silly audit   'cli-spinners': [ '2.9.2' ],
3417 silly audit   'log-symbols': [ '2.2.0' ],
3417 silly audit   wcwidth: [ '1.0.1' ],
3417 silly audit   'restore-cursor': [ '2.0.0' ],
3417 silly audit   kleur: [ '3.0.3' ],
3417 silly audit   sisteransi: [ '1.0.5' ],
3417 silly audit   onetime: [ '2.0.1' ],
3417 silly audit   'signal-exit': [ '3.0.7' ],
3417 silly audit   'mimic-fn': [ '1.2.0' ],
3417 silly audit   'ansi-escapes': [ '4.3.2' ],
3417 silly audit   'supports-hyperlinks': [ '2.3.0' ],
3417 silly audit   defaults: [ '1.0.4' ],
3417 silly audit   clone: [ '1.0.4' ]
3417 silly audit }
3418 http cache defaults@https://registry.npmjs.org/defaults/-/defaults-1.0.4.tgz 0ms (cache hit)
3419 http cache ansi-escapes@https://registry.npmjs.org/ansi-escapes/-/ansi-escapes-4.3.2.tgz 0ms (cache hit)
3420 http cache clone@https://registry.npmjs.org/clone/-/clone-1.0.4.tgz 0ms (cache hit)
3421 http cache mimic-fn@https://registry.npmjs.org/mimic-fn/-/mimic-fn-1.2.0.tgz 0ms (cache hit)
3422 http cache signal-exit@https://registry.npmjs.org/signal-exit/-/signal-exit-3.0.7.tgz 0ms (cache hit)
3423 http cache sisteransi@https://registry.npmjs.org/sisteransi/-/sisteransi-1.0.5.tgz 0ms (cache hit)
3424 http cache supports-hyperlinks@https://registry.npmjs.org/supports-hyperlinks/-/supports-hyperlinks-2.3.0.tgz 0ms (cache hit)
3425 http cache restore-cursor@https://registry.npmjs.org/restore-cursor/-/restore-cursor-2.0.0.tgz 0ms (cache hit)
3426 http cache onetime@https://registry.npmjs.org/onetime/-/onetime-2.0.1.tgz 0ms (cache hit)
3427 http cache cli-spinners@https://registry.npmjs.org/cli-spinners/-/cli-spinners-2.9.2.tgz 0ms (cache hit)
3428 http cache wcwidth@https://registry.npmjs.org/wcwidth/-/wcwidth-1.0.1.tgz 0ms (cache hit)
3429 http cache kleur@https://registry.npmjs.org/kleur/-/kleur-3.0.3.tgz 0ms (cache hit)
3430 http cache validate-npm-package-name@https://registry.npmjs.org/validate-npm-package-name/-/validate-npm-package-name-5.0.1.tgz 0ms (cache hit)
3431 http cache hosted-git-info@https://registry.npmjs.org/hosted-git-info/-/hosted-git-info-7.0.2.tgz 0ms (cache hit)
3432 http cache proc-log@https://registry.npmjs.org/proc-log/-/proc-log-4.2.0.tgz 0ms (cache hit)
3433 http cache log-symbols@https://registry.npmjs.org/log-symbols/-/log-symbols-2.2.0.tgz 0ms (cache hit)
3434 http cache safe-buffer@https://registry.npmjs.org/safe-buffer/-/safe-buffer-5.2.1.tgz 0ms (cache hit)
3435 http cache argparse@https://registry.npmjs.org/argparse/-/argparse-2.0.1.tgz 0ms (cache hit)
3436 http cache cli-cursor@https://registry.npmjs.org/cli-cursor/-/cli-cursor-2.1.0.tgz 0ms (cache hit)
3437 http cache vary@https://registry.npmjs.org/vary/-/vary-1.1.2.tgz 0ms (cache hit)
3438 http cache on-headers@https://registry.npmjs.org/on-headers/-/on-headers-1.1.0.tgz 0ms (cache hit)
3439 http cache js-yaml@https://registry.npmjs.org/js-yaml/-/js-yaml-4.3.0.tgz 0ms (cache hit)
3440 http cache zod@https://registry.npmjs.org/zod/-/zod-3.25.76.tgz 0ms (cache hit)
3441 http cache bytes@https://registry.npmjs.org/bytes/-/bytes-3.1.2.tgz 0ms (cache hit)
3442 http cache compressible@https://registry.npmjs.org/compressible/-/compressible-2.0.18.tgz 0ms (cache hit)
3443 http cache @expo/sudo-prompt@https://registry.npmjs.org/@expo/sudo-prompt/-/sudo-prompt-9.3.2.tgz 0ms (cache hit)
3444 http cache structured-headers@https://registry.npmjs.org/structured-headers/-/structured-headers-0.4.1.tgz 0ms (cache hit)
3445 http cache toqr@https://registry.npmjs.org/toqr/-/toqr-0.1.1.tgz 0ms (cache hit)
3446 http cache npm-package-arg@https://registry.npmjs.org/npm-package-arg/-/npm-package-arg-11.0.3.tgz 0ms (cache hit)
3447 http cache ora@https://registry.npmjs.org/ora/-/ora-3.4.0.tgz 0ms (cache hit)
3448 http cache terminal-link@https://registry.npmjs.org/terminal-link/-/terminal-link-2.1.1.tgz 0ms (cache hit)
3449 http cache lan-network@https://registry.npmjs.org/lan-network/-/lan-network-0.2.1.tgz 0ms (cache hit)
3450 http cache dnssd-advertise@https://registry.npmjs.org/dnssd-advertise/-/dnssd-advertise-1.1.6.tgz 0ms (cache hit)
3451 http cache progress@https://registry.npmjs.org/progress/-/progress-2.0.3.tgz 0ms (cache hit)
3452 http cache multitars@https://registry.npmjs.org/multitars/-/multitars-1.0.0.tgz 0ms (cache hit)
3453 http cache agent-cli-detector@https://registry.npmjs.org/agent-cli-detector/-/agent-cli-detector-0.1.4.tgz 0ms (cache hit)
3454 http cache compression@https://registry.npmjs.org/compression/-/compression-1.8.1.tgz 0ms (cache hit)
3455 http cache fetch-nodeshim@https://registry.npmjs.org/fetch-nodeshim/-/fetch-nodeshim-0.4.10.tgz 0ms (cache hit)
3456 http cache @expo/xcpretty@https://registry.npmjs.org/@expo/xcpretty/-/xcpretty-4.4.4.tgz 0ms (cache hit)
3457 http cache prompts@https://registry.npmjs.org/prompts/-/prompts-2.4.2.tgz 0ms (cache hit)
3458 http cache @expo/osascript@https://registry.npmjs.org/@expo/osascript/-/osascript-2.7.1.tgz 0ms (cache hit)
3459 http cache @expo/metro-file-map@https://registry.npmjs.org/@expo/metro-file-map/-/metro-file-map-57.0.1.tgz 0ms (cache hit)
3460 http cache @expo/package-manager@https://registry.npmjs.org/@expo/package-manager/-/package-manager-1.13.1.tgz 0ms (cache hit)
3461 http cache node-forge@https://registry.npmjs.org/node-forge/-/node-forge-1.4.0.tgz 0ms (cache hit)
3462 http cache @expo/inline-modules@https://registry.npmjs.org/@expo/inline-modules/-/inline-modules-0.1.4.tgz 0ms (cache hit)
3463 http cache @expo/code-signing-certificates@https://registry.npmjs.org/@expo/code-signing-certificates/-/code-signing-certificates-0.0.6.tgz 0ms (cache hit)
3464 http cache @expo/devcert@https://registry.npmjs.org/@expo/devcert/-/devcert-1.2.1.tgz 0ms (cache hit)
3465 http cache @expo/prebuild-config@https://registry.npmjs.org/@expo/prebuild-config/-/prebuild-config-57.0.10.tgz 0ms (cache hit)
3466 http cache is-fullwidth-code-point@https://registry.npmjs.org/is-fullwidth-code-point/-/is-fullwidth-code-point-3.0.0.tgz 0ms (cache hit)
3467 http cache y18n@https://registry.npmjs.org/y18n/-/y18n-5.0.8.tgz 0ms (cache hit)
3468 http cache wrap-ansi@https://registry.npmjs.org/wrap-ansi/-/wrap-ansi-7.0.0.tgz 0ms (cache hit)
3469 http cache strip-ansi@https://registry.npmjs.org/strip-ansi/-/strip-ansi-6.0.1.tgz 0ms (cache hit)
3470 http cache string-width@https://registry.npmjs.org/string-width/-/string-width-4.2.3.tgz 0ms (cache hit)
3471 http cache yargs-parser@https://registry.npmjs.org/yargs-parser/-/yargs-parser-21.1.1.tgz 0ms (cache hit)
3472 http cache cliui@https://registry.npmjs.org/cliui/-/cliui-8.0.1.tgz 0ms (cache hit)
3473 http cache require-directory@https://registry.npmjs.org/require-directory/-/require-directory-2.1.1.tgz 0ms (cache hit)
3474 http cache get-caller-file@https://registry.npmjs.org/get-caller-file/-/get-caller-file-2.0.5.tgz 0ms (cache hit)
3475 http cache bplist-parser@https://registry.npmjs.org/bplist-parser/-/bplist-parser-0.3.1.tgz 0ms (cache hit)
3476 http cache big-integer@https://registry.npmjs.org/big-integer/-/big-integer-1.6.52.tgz 0ms (cache hit)
3477 http cache stream-buffers@https://registry.npmjs.org/stream-buffers/-/stream-buffers-2.2.0.tgz 0ms (cache hit)
3478 http cache uuid@https://registry.npmjs.org/uuid/-/uuid-7.0.3.tgz 0ms (cache hit)
3479 http cache bplist-creator@https://registry.npmjs.org/bplist-creator/-/bplist-creator-0.1.0.tgz 0ms (cache hit)
3480 http cache plist@https://registry.npmjs.org/plist/-/plist-3.1.1.tgz 0ms (cache hit)
3481 http cache simple-plist@https://registry.npmjs.org/simple-plist/-/simple-plist-1.3.1.tgz 0ms (cache hit)
3482 http cache emoji-regex@https://registry.npmjs.org/emoji-regex/-/emoji-regex-8.0.0.tgz 0ms (cache hit)
3483 http cache isexe@https://registry.npmjs.org/isexe/-/isexe-2.0.0.tgz 0ms (cache hit)
3484 http cache detect-node-es@https://registry.npmjs.org/detect-node-es/-/detect-node-es-1.1.0.tgz 0ms (cache hit)
3485 http cache makeerror@https://registry.npmjs.org/makeerror/-/makeerror-1.0.12.tgz 0ms (cache hit)
3486 http cache webidl-conversions@https://registry.npmjs.org/webidl-conversions/-/webidl-conversions-3.0.1.tgz 0ms (cache hit)
3487 http cache tmpl@https://registry.npmjs.org/tmpl/-/tmpl-1.0.5.tgz 0ms (cache hit)
3488 http cache tr46@https://registry.npmjs.org/tr46/-/tr46-0.0.3.tgz 0ms (cache hit)
3489 http cache use-sidecar@https://registry.npmjs.org/use-sidecar/-/use-sidecar-1.1.3.tgz 0ms (cache hit)
3490 http cache react-style-singleton@https://registry.npmjs.org/react-style-singleton/-/react-style-singleton-2.2.3.tgz 0ms (cache hit)
3491 http cache tslib@https://registry.npmjs.org/tslib/-/tslib-2.8.1.tgz 0ms (cache hit)
3492 http cache react-remove-scroll@https://registry.npmjs.org/react-remove-scroll/-/react-remove-scroll-2.7.2.tgz 0ms (cache hit)
3493 http cache use-callback-ref@https://registry.npmjs.org/use-callback-ref/-/use-callback-ref-1.3.3.tgz 0ms (cache hit)
3494 http cache sax@https://registry.npmjs.org/sax/-/sax-1.6.1.tgz 0ms (cache hit)
3495 http cache react-remove-scroll-bar@https://registry.npmjs.org/react-remove-scroll-bar/-/react-remove-scroll-bar-2.3.8.tgz 0ms (cache hit)
3496 http cache get-nonce@https://registry.npmjs.org/get-nonce/-/get-nonce-1.0.1.tgz 0ms (cache hit)
3497 http cache @radix-ui/react-dismissable-layer@https://registry.npmjs.org/@radix-ui/react-dismissable-layer/-/react-dismissable-layer-1.1.19.tgz 0ms (cache hit)
3498 http cache aria-hidden@https://registry.npmjs.org/aria-hidden/-/aria-hidden-1.2.6.tgz 0ms (cache hit)
3499 http cache @radix-ui/react-dialog@https://registry.npmjs.org/@radix-ui/react-dialog/-/react-dialog-1.1.23.tgz 0ms (cache hit)
3500 http cache escalade@https://registry.npmjs.org/escalade/-/escalade-3.2.0.tgz 0ms (cache hit)
3501 http cache @radix-ui/react-focus-scope@https://registry.npmjs.org/@radix-ui/react-focus-scope/-/react-focus-scope-1.1.16.tgz 0ms (cache hit)
3502 http cache @radix-ui/react-portal@https://registry.npmjs.org/@radix-ui/react-portal/-/react-portal-1.1.17.tgz 0ms (cache hit)
3503 http cache @radix-ui/react-focus-guards@https://registry.npmjs.org/@radix-ui/react-focus-guards/-/react-focus-guards-1.1.6.tgz 0ms (cache hit)
3504 http cache is-number@https://registry.npmjs.org/is-number/-/is-number-7.0.0.tgz 0ms (cache hit)
3505 http cache unicode-property-aliases-ecmascript@https://registry.npmjs.org/unicode-property-aliases-ecmascript/-/unicode-property-aliases-ecmascript-2.2.0.tgz 0ms (cache hit)
3506 http cache fdir@https://registry.npmjs.org/fdir/-/fdir-6.5.0.tgz 0ms (cache hit)
3507 http cache source-map-support@https://registry.npmjs.org/source-map-support/-/source-map-support-0.5.21.tgz 0ms (cache hit)
3508 http cache @jridgewell/source-map@https://registry.npmjs.org/@jridgewell/source-map/-/source-map-0.3.11.tgz 0ms (cache hit)
3509 http cache min-indent@https://registry.npmjs.org/min-indent/-/min-indent-1.0.1.tgz 0ms (cache hit)
3510 http cache buffer-from@https://registry.npmjs.org/buffer-from/-/buffer-from-1.1.2.tgz 0ms (cache hit)
3511 http cache type-fest@https://registry.npmjs.org/type-fest/-/type-fest-0.7.1.tgz 0ms (cache hit)
3512 http cache acorn@https://registry.npmjs.org/acorn/-/acorn-8.18.0.tgz 0ms (cache hit)
3513 http cache unicode-canonical-property-names-ecmascript@https://registry.npmjs.org/unicode-canonical-property-names-ecmascript/-/unicode-canonical-property-names-ecmascript-2.0.1.tgz 0ms (cache hit)
3514 http cache shebang-regex@https://registry.npmjs.org/shebang-regex/-/shebang-regex-3.0.0.tgz 0ms (cache hit)
3515 http cache setprototypeof@https://registry.npmjs.org/setprototypeof/-/setprototypeof-1.2.0.tgz 0ms (cache hit)
3516 http cache mime@https://registry.npmjs.org/mime/-/mime-1.6.0.tgz 0ms (cache hit)
3517 http cache is-arrayish@https://registry.npmjs.org/is-arrayish/-/is-arrayish-0.3.4.tgz 0ms (cache hit)
3518 http cache http-errors@https://registry.npmjs.org/http-errors/-/http-errors-2.0.1.tgz 0ms (cache hit)
3519 http cache etag@https://registry.npmjs.org/etag/-/etag-1.8.1.tgz 0ms (cache hit)
3520 http cache toidentifier@https://registry.npmjs.org/toidentifier/-/toidentifier-1.0.1.tgz 0ms (cache hit)
3521 http cache range-parser@https://registry.npmjs.org/range-parser/-/range-parser-1.2.1.tgz 0ms (cache hit)
3522 http cache destroy@https://registry.npmjs.org/destroy/-/destroy-1.2.0.tgz 0ms (cache hit)
3523 http cache fresh@https://registry.npmjs.org/fresh/-/fresh-0.5.2.tgz 0ms (cache hit)
3524 http cache has-flag@https://registry.npmjs.org/has-flag/-/has-flag-4.0.0.tgz 0ms (cache hit)
3525 http cache function-bind@https://registry.npmjs.org/function-bind/-/function-bind-1.1.2.tgz 0ms (cache hit)
3526 http cache send@https://registry.npmjs.org/send/-/send-0.19.2.tgz 0ms (cache hit)
3527 http cache path-parse@https://registry.npmjs.org/path-parse/-/path-parse-1.0.7.tgz 0ms (cache hit)
3528 http cache is-core-module@https://registry.npmjs.org/is-core-module/-/is-core-module-2.16.2.tgz 0ms (cache hit)
3529 http cache supports-preserve-symlinks-flag@https://registry.npmjs.org/supports-preserve-symlinks-flag/-/supports-preserve-symlinks-flag-1.0.0.tgz 0ms (cache hit)
3530 http cache depd@https://registry.npmjs.org/depd/-/depd-2.0.0.tgz 0ms (cache hit)
3531 http cache unicode-match-property-value-ecmascript@https://registry.npmjs.org/unicode-match-property-value-ecmascript/-/unicode-match-property-value-ecmascript-2.2.1.tgz 0ms (cache hit)
3532 http cache es-errors@https://registry.npmjs.org/es-errors/-/es-errors-1.3.0.tgz 0ms (cache hit)
3533 http cache unicode-match-property-ecmascript@https://registry.npmjs.org/unicode-match-property-ecmascript/-/unicode-match-property-ecmascript-2.0.0.tgz 0ms (cache hit)
3534 http cache hasown@https://registry.npmjs.org/hasown/-/hasown-2.0.4.tgz 0ms (cache hit)
3535 http cache regenerate-unicode-properties@https://registry.npmjs.org/regenerate-unicode-properties/-/regenerate-unicode-properties-10.2.2.tgz 0ms (cache hit)
3536 http cache regjsparser@https://registry.npmjs.org/regjsparser/-/regjsparser-0.13.2.tgz 0ms (cache hit)
3537 http cache regenerate@https://registry.npmjs.org/regenerate/-/regenerate-1.4.2.tgz 0ms (cache hit)
3538 http cache regjsgen@https://registry.npmjs.org/regjsgen/-/regjsgen-0.8.0.tgz 0ms (cache hit)
3539 http cache indent-string@https://registry.npmjs.org/indent-string/-/indent-string-4.0.0.tgz 0ms (cache hit)
3540 http cache @babel/plugin-transform-shorthand-properties@https://registry.npmjs.org/@babel/plugin-transform-shorthand-properties/-/plugin-transform-shorthand-properties-7.29.7.tgz 0ms (cache hit)
3541 http cache whatwg-url@https://registry.npmjs.org/whatwg-url/-/whatwg-url-5.0.0.tgz 0ms (cache hit)
3542 http cache strip-indent@https://registry.npmjs.org/strip-indent/-/strip-indent-3.0.0.tgz 0ms (cache hit)
3543 http cache @babel/plugin-transform-template-literals@https://registry.npmjs.org/@babel/plugin-transform-template-literals/-/plugin-transform-template-literals-7.29.7.tgz 0ms (cache hit)
3544 http cache @babel/plugin-transform-arrow-functions@https://registry.npmjs.org/@babel/plugin-transform-arrow-functions/-/plugin-transform-arrow-functions-7.29.7.tgz 0ms (cache hit)
3545 http cache node-fetch@https://registry.npmjs.org/node-fetch/-/node-fetch-2.7.0.tgz 0ms (cache hit)
3546 http cache setimmediate@https://registry.npmjs.org/setimmediate/-/setimmediate-1.0.5.tgz 0ms (cache hit)
3547 http cache ua-parser-js@https://registry.npmjs.org/ua-parser-js/-/ua-parser-js-1.0.41.tgz 0ms (cache hit)
3548 http cache css-in-js-utils@https://registry.npmjs.org/css-in-js-utils/-/css-in-js-utils-3.1.0.tgz 0ms (cache hit)
3549 http cache fbjs-css-vars@https://registry.npmjs.org/fbjs-css-vars/-/fbjs-css-vars-1.0.2.tgz 0ms (cache hit)
3550 http cache hyphenate-style-name@https://registry.npmjs.org/hyphenate-style-name/-/hyphenate-style-name-1.1.0.tgz 0ms (cache hit)
3551 http cache object-assign@https://registry.npmjs.org/object-assign/-/object-assign-4.1.1.tgz 0ms (cache hit)
3552 http cache styleq@https://registry.npmjs.org/styleq/-/styleq-0.1.3.tgz 0ms (cache hit)
3553 http cache postcss-value-parser@https://registry.npmjs.org/postcss-value-parser/-/postcss-value-parser-4.2.0.tgz 0ms (cache hit)
3554 http cache inline-style-prefixer@https://registry.npmjs.org/inline-style-prefixer/-/inline-style-prefixer-7.0.1.tgz 0ms (cache hit)
3555 http cache cross-fetch@https://registry.npmjs.org/cross-fetch/-/cross-fetch-3.2.0.tgz 0ms (cache hit)
3556 http cache fbjs@https://registry.npmjs.org/fbjs/-/fbjs-3.0.5.tgz 0ms (cache hit)
3557 http cache react-native-is-edge-to-edge@https://registry.npmjs.org/react-native-is-edge-to-edge/-/react-native-is-edge-to-edge-1.3.1.tgz 0ms (cache hit)
3558 http cache @types/react-test-renderer@https://registry.npmjs.org/@types/react-test-renderer/-/react-test-renderer-19.1.0.tgz 0ms (cache hit)
3559 http cache use-latest-callback@https://registry.npmjs.org/use-latest-callback/-/use-latest-callback-0.2.6.tgz 0ms (cache hit)
3560 http cache shell-quote@https://registry.npmjs.org/shell-quote/-/shell-quote-1.10.0.tgz 0ms (cache hit)
3561 http cache is-docker@https://registry.npmjs.org/is-docker/-/is-docker-2.2.1.tgz 0ms (cache hit)
3562 http cache warn-once@https://registry.npmjs.org/warn-once/-/warn-once-0.1.1.tgz 0ms (cache hit)
3563 http cache marky@https://registry.npmjs.org/marky/-/marky-1.3.0.tgz 0ms (cache hit)
3564 http cache mkdirp@https://registry.npmjs.org/mkdirp/-/mkdirp-1.0.4.tgz 0ms (cache hit)
3565 http cache react-freeze@https://registry.npmjs.org/react-freeze/-/react-freeze-1.0.4.tgz 0ms (cache hit)
3566 http cache lighthouse-logger@https://registry.npmjs.org/lighthouse-logger/-/lighthouse-logger-1.4.2.tgz 0ms (cache hit)
3567 http cache asap@https://registry.npmjs.org/asap/-/asap-2.0.6.tgz 0ms (cache hit)
3568 http cache is-wsl@https://registry.npmjs.org/is-wsl/-/is-wsl-2.2.0.tgz 0ms (cache hit)
3569 http cache fb-dotslash@https://registry.npmjs.org/fb-dotslash/-/fb-dotslash-0.5.8.tgz 0ms (cache hit)
3570 http cache serve-static@https://registry.npmjs.org/serve-static/-/serve-static-1.16.3.tgz 0ms (cache hit)
3571 http cache event-target-shim@https://registry.npmjs.org/event-target-shim/-/event-target-shim-5.0.1.tgz 0ms (cache hit)
3572 http cache open@https://registry.npmjs.org/open/-/open-7.4.2.tgz 0ms (cache hit)
3573 http cache @react-native/debugger-shell@https://registry.npmjs.org/@react-native/debugger-shell/-/debugger-shell-0.86.2.tgz 0ms (cache hit)
3574 http cache chromium-edge-launcher@https://registry.npmjs.org/chromium-edge-launcher/-/chromium-edge-launcher-0.3.0.tgz 0ms (cache hit)
3575 http cache chrome-launcher@https://registry.npmjs.org/chrome-launcher/-/chrome-launcher-0.15.2.tgz 0ms (cache hit)
3576 http cache @isaacs/ttlcache@https://registry.npmjs.org/@isaacs/ttlcache/-/ttlcache-1.4.1.tgz 0ms (cache hit)
3577 http cache @react-native/dev-middleware@https://registry.npmjs.org/@react-native/dev-middleware/-/dev-middleware-0.86.2.tgz 0ms (cache hit)
3578 http cache @react-native/debugger-frontend@https://registry.npmjs.org/@react-native/debugger-frontend/-/debugger-frontend-0.86.2.tgz 0ms (cache hit)
3579 http cache memoize-one@https://registry.npmjs.org/memoize-one/-/memoize-one-5.2.1.tgz 0ms (cache hit)
3580 http cache promise@https://registry.npmjs.org/promise/-/promise-8.3.0.tgz 0ms (cache hit)
3581 http cache regenerator-runtime@https://registry.npmjs.org/regenerator-runtime/-/regenerator-runtime-0.13.11.tgz 0ms (cache hit)
3582 http cache react-devtools-core@https://registry.npmjs.org/react-devtools-core/-/react-devtools-core-6.1.5.tgz 0ms (cache hit)
3583 http cache ansi-regex@https://registry.npmjs.org/ansi-regex/-/ansi-regex-5.0.1.tgz 0ms (cache hit)
3584 http cache abort-controller@https://registry.npmjs.org/abort-controller/-/abort-controller-3.0.0.tgz 0ms (cache hit)
3585 http cache @react-native/normalize-colors@https://registry.npmjs.org/@react-native/normalize-colors/-/normalize-colors-0.86.2.tgz 0ms (cache hit)
3586 http cache @react-native/virtualized-lists@https://registry.npmjs.org/@react-native/virtualized-lists/-/virtualized-lists-0.86.2.tgz 0ms (cache hit)
3587 http cache @react-native/gradle-plugin@https://registry.npmjs.org/@react-native/gradle-plugin/-/gradle-plugin-0.86.2.tgz 0ms (cache hit)
3588 http cache @react-native/community-cli-plugin@https://registry.npmjs.org/@react-native/community-cli-plugin/-/community-cli-plugin-0.86.2.tgz 0ms (cache hit)
3589 http cache hermes-compiler@https://registry.npmjs.org/hermes-compiler/-/hermes-compiler-250829098.0.16.tgz 0ms (cache hit)
3590 http cache @react-native/assets-registry@https://registry.npmjs.org/@react-native/assets-registry/-/assets-registry-0.86.2.tgz 0ms (cache hit)
3591 http cache scheduler@https://registry.npmjs.org/scheduler/-/scheduler-0.27.0.tgz 0ms (cache hit)
3592 http cache inherits@https://registry.npmjs.org/inherits/-/inherits-2.0.4.tgz 0ms (cache hit)
3593 http cache strict-uri-encode@https://registry.npmjs.org/strict-uri-encode/-/strict-uri-encode-2.0.0.tgz 0ms (cache hit)
3594 http cache split-on-first@https://registry.npmjs.org/split-on-first/-/split-on-first-1.1.0.tgz 0ms (cache hit)
3595 http cache filter-obj@https://registry.npmjs.org/filter-obj/-/filter-obj-1.1.0.tgz 0ms (cache hit)
3596 http cache pngjs@https://registry.npmjs.org/pngjs/-/pngjs-3.4.0.tgz 0ms (cache hit)
3597 http cache decode-uri-component@https://registry.npmjs.org/decode-uri-component/-/decode-uri-component-0.2.2.tgz 0ms (cache hit)
3598 http cache ee-first@https://registry.npmjs.org/ee-first/-/ee-first-1.1.1.tgz 0ms (cache hit)
3599 http cache source-map-js@https://registry.npmjs.org/source-map-js/-/source-map-js-1.2.1.tgz 0ms (cache hit)
3600 http cache brace-expansion@https://registry.npmjs.org/brace-expansion/-/brace-expansion-5.0.8.tgz 0ms (cache hit)
3601 http cache to-regex-range@https://registry.npmjs.org/to-regex-range/-/to-regex-range-5.0.1.tgz 0ms (cache hit)
3602 http cache braces@https://registry.npmjs.org/braces/-/braces-3.0.3.tgz 0ms (cache hit)
3603 http cache mime-db@https://registry.npmjs.org/mime-db/-/mime-db-1.54.0.tgz 0ms (cache hit)
3604 http cache fill-range@https://registry.npmjs.org/fill-range/-/fill-range-7.1.1.tgz 0ms (cache hit)
3605 http cache ob1@https://registry.npmjs.org/ob1/-/ob1-0.84.4.tgz 0ms (cache hit)
3606 http cache balanced-match@https://registry.npmjs.org/balanced-match/-/balanced-match-4.0.4.tgz 0ms (cache hit)
3607 http cache vlq@https://registry.npmjs.org/vlq/-/vlq-1.0.1.tgz 0ms (cache hit)
3608 http cache node-int64@https://registry.npmjs.org/node-int64/-/node-int64-0.4.0.tgz 0ms (cache hit)
3609 http cache terser@https://registry.npmjs.org/terser/-/terser-5.49.0.tgz 0ms (cache hit)
3610 http cache leven@https://registry.npmjs.org/leven/-/leven-3.1.0.tgz 0ms (cache hit)
3611 http cache walker@https://registry.npmjs.org/walker/-/walker-1.0.8.tgz 0ms (cache hit)
3612 http cache bser@https://registry.npmjs.org/bser/-/bser-2.1.1.tgz 0ms (cache hit)
3613 http cache fb-watchman@https://registry.npmjs.org/fb-watchman/-/fb-watchman-2.0.2.tgz 0ms (cache hit)
3614 http cache jest-get-type@https://registry.npmjs.org/jest-get-type/-/jest-get-type-29.6.3.tgz 0ms (cache hit)
3615 http cache agent-base@https://registry.npmjs.org/agent-base/-/agent-base-7.1.4.tgz 0ms (cache hit)
3616 http cache camelcase@https://registry.npmjs.org/camelcase/-/camelcase-6.3.0.tgz 0ms (cache hit)
3617 http cache https-proxy-agent@https://registry.npmjs.org/https-proxy-agent/-/https-proxy-agent-7.0.6.tgz 0ms (cache hit)
3618 http cache jest-validate@https://registry.npmjs.org/jest-validate/-/jest-validate-29.7.0.tgz 0ms (cache hit)
3619 http cache micromatch@https://registry.npmjs.org/micromatch/-/micromatch-4.0.8.tgz 0ms (cache hit)
3620 http cache @types/istanbul-lib-report@https://registry.npmjs.org/@types/istanbul-lib-report/-/istanbul-lib-report-3.0.3.tgz 0ms (cache hit)
3621 http cache @types/yargs-parser@https://registry.npmjs.org/@types/yargs-parser/-/yargs-parser-21.0.3.tgz 0ms (cache hit)
3622 http cache @sinclair/typebox@https://registry.npmjs.org/@sinclair/typebox/-/typebox-0.27.12.tgz 0ms (cache hit)
3623 http cache exponential-backoff@https://registry.npmjs.org/exponential-backoff/-/exponential-backoff-3.1.3.tgz 0ms (cache hit)
3624 http cache @types/yargs@https://registry.npmjs.org/@types/yargs/-/yargs-17.0.35.tgz 0ms (cache hit)
3625 http cache yaml@https://registry.npmjs.org/yaml/-/yaml-2.9.0.tgz 0ms (cache hit)
3626 http cache undici-types@https://registry.npmjs.org/undici-types/-/undici-types-8.3.0.tgz 0ms (cache hit)
3627 http cache @types/istanbul-reports@https://registry.npmjs.org/@types/istanbul-reports/-/istanbul-reports-3.0.4.tgz 0ms (cache hit)
3628 http cache @jest/schemas@https://registry.npmjs.org/@jest/schemas/-/schemas-29.6.3.tgz 0ms (cache hit)
3629 http cache @types/istanbul-lib-coverage@https://registry.npmjs.org/@types/istanbul-lib-coverage/-/istanbul-lib-coverage-2.0.6.tgz 0ms (cache hit)
3630 http cache @jest/types@https://registry.npmjs.org/@jest/types/-/types-29.6.3.tgz 0ms (cache hit)
3631 http cache @types/node@https://registry.npmjs.org/@types/node/-/node-26.1.2.tgz 0ms (cache hit)
3632 http cache queue@https://registry.npmjs.org/queue/-/queue-6.0.2.tgz 0ms (cache hit)
3633 http cache merge-stream@https://registry.npmjs.org/merge-stream/-/merge-stream-2.0.0.tgz 0ms (cache hit)
3634 http cache unpipe@https://registry.npmjs.org/unpipe/-/unpipe-1.0.0.tgz 0ms (cache hit)
3635 http cache jest-util@https://registry.npmjs.org/jest-util/-/jest-util-29.7.0.tgz 0ms (cache hit)
3636 http cache statuses@https://registry.npmjs.org/statuses/-/statuses-1.5.0.tgz 0ms (cache hit)
3637 http cache on-finished@https://registry.npmjs.org/on-finished/-/on-finished-2.3.0.tgz 0ms (cache hit)
3638 http cache escape-html@https://registry.npmjs.org/escape-html/-/escape-html-1.0.3.tgz 0ms (cache hit)
3639 http cache utils-merge@https://registry.npmjs.org/utils-merge/-/utils-merge-1.0.1.tgz 0ms (cache hit)
3640 http cache finalhandler@https://registry.npmjs.org/finalhandler/-/finalhandler-1.1.2.tgz 0ms (cache hit)
3641 http cache ws@https://registry.npmjs.org/ws/-/ws-7.5.13.tgz 0ms (cache hit)
3642 http cache encodeurl@https://registry.npmjs.org/encodeurl/-/encodeurl-1.0.2.tgz 0ms (cache hit)
3643 http cache parseurl@https://registry.npmjs.org/parseurl/-/parseurl-1.3.3.tgz 0ms (cache hit)
3644 http cache throat@https://registry.npmjs.org/throat/-/throat-5.0.0.tgz 0ms (cache hit)
3645 http cache negotiator@https://registry.npmjs.org/negotiator/-/negotiator-1.0.0.tgz 0ms (cache hit)
3646 http cache source-map@https://registry.npmjs.org/source-map/-/source-map-0.5.7.tgz 0ms (cache hit)
3647 http cache lodash.throttle@https://registry.npmjs.org/lodash.throttle/-/lodash.throttle-4.1.1.tgz 0ms (cache hit)
3648 http cache serialize-error@https://registry.npmjs.org/serialize-error/-/serialize-error-2.1.0.tgz 0ms (cache hit)
3649 http cache jest-worker@https://registry.npmjs.org/jest-worker/-/jest-worker-29.7.0.tgz 0ms (cache hit)
3650 http cache image-size@https://registry.npmjs.org/image-size/-/image-size-1.2.1.tgz 0ms (cache hit)
3651 http cache mime-types@https://registry.npmjs.org/mime-types/-/mime-types-3.0.2.tgz 0ms (cache hit)
3652 http cache graceful-fs@https://registry.npmjs.org/graceful-fs/-/graceful-fs-4.2.11.tgz 0ms (cache hit)
3653 http cache flow-enums-runtime@https://registry.npmjs.org/flow-enums-runtime/-/flow-enums-runtime-0.0.6.tgz 0ms (cache hit)
3654 http cache error-stack-parser@https://registry.npmjs.org/error-stack-parser/-/error-stack-parser-2.1.4.tgz 0ms (cache hit)
3655 http cache stackframe@https://registry.npmjs.org/stackframe/-/stackframe-1.3.4.tgz 0ms (cache hit)
3656 http cache ci-info@https://registry.npmjs.org/ci-info/-/ci-info-2.0.0.tgz 0ms (cache hit)
3657 http cache connect@https://registry.npmjs.org/connect/-/connect-3.7.0.tgz 0ms (cache hit)
3658 http cache lightningcss-darwin-arm64@https://registry.npmjs.org/lightningcss-darwin-arm64/-/lightningcss-darwin-arm64-1.33.0.tgz 0ms (cache hit)
3659 http cache detect-libc@https://registry.npmjs.org/detect-libc/-/detect-libc-2.1.2.tgz 0ms (cache hit)
3660 http cache loose-envify@https://registry.npmjs.org/loose-envify/-/loose-envify-1.4.0.tgz 0ms (cache hit)
3661 http cache accepts@https://registry.npmjs.org/accepts/-/accepts-2.0.0.tgz 0ms (cache hit)
3662 http cache yallist@https://registry.npmjs.org/yallist/-/yallist-3.1.1.tgz 0ms (cache hit)
3663 http cache hermes-estree@https://registry.npmjs.org/hermes-estree/-/hermes-estree-0.36.0.tgz 0ms (cache hit)
3664 http cache minipass@https://registry.npmjs.org/minipass/-/minipass-7.1.3.tgz 0ms (cache hit)
3665 http cache path-scurry@https://registry.npmjs.org/path-scurry/-/path-scurry-2.0.2.tgz 0ms (cache hit)
3666 http cache redent@https://registry.npmjs.org/redent/-/redent-3.0.0.tgz 0ms (cache hit)
3667 http cache color-string@https://registry.npmjs.org/color-string/-/color-string-1.9.1.tgz 0ms (cache hit)
3668 http cache simple-swizzle@https://registry.npmjs.org/simple-swizzle/-/simple-swizzle-0.2.4.tgz 0ms (cache hit)
3669 http cache css.escape@https://registry.npmjs.org/css.escape/-/css.escape-1.5.1.tgz 0ms (cache hit)
3670 http cache @expo-google-fonts/material-symbols@https://registry.npmjs.org/@expo-google-fonts/material-symbols/-/material-symbols-0.4.42.tgz 0ms (cache hit)
3671 http cache dom-accessibility-api@https://registry.npmjs.org/dom-accessibility-api/-/dom-accessibility-api-0.5.16.tgz 0ms (cache hit)
3672 http cache @adobe/css-tools@https://registry.npmjs.org/@adobe/css-tools/-/css-tools-4.5.0.tgz 0ms (cache hit)
3673 http cache @types/aria-query@https://registry.npmjs.org/@types/aria-query/-/aria-query-5.0.4.tgz 0ms (cache hit)
3674 http cache lz-string@https://registry.npmjs.org/lz-string/-/lz-string-1.5.0.tgz 0ms (cache hit)
3675 http cache @radix-ui/react-use-is-hydrated@https://registry.npmjs.org/@radix-ui/react-use-is-hydrated/-/react-use-is-hydrated-0.1.3.tgz 0ms (cache hit)
3676 http cache dequal@https://registry.npmjs.org/dequal/-/dequal-2.0.3.tgz 0ms (cache hit)
3677 http cache aria-query@https://registry.npmjs.org/aria-query/-/aria-query-5.3.0.tgz 0ms (cache hit)
3678 http cache @radix-ui/react-use-effect-event@https://registry.npmjs.org/@radix-ui/react-use-effect-event/-/react-use-effect-event-0.0.5.tgz 0ms (cache hit)
3679 http cache @radix-ui/react-collection@https://registry.npmjs.org/@radix-ui/react-collection/-/react-collection-1.1.15.tgz 0ms (cache hit)
3680 http cache @radix-ui/react-use-layout-effect@https://registry.npmjs.org/@radix-ui/react-use-layout-effect/-/react-use-layout-effect-1.1.4.tgz 0ms (cache hit)
3681 http cache @radix-ui/react-use-controllable-state@https://registry.npmjs.org/@radix-ui/react-use-controllable-state/-/react-use-controllable-state-1.2.6.tgz 0ms (cache hit)
3682 http cache @radix-ui/react-primitive@https://registry.npmjs.org/@radix-ui/react-primitive/-/react-primitive-2.1.10.tgz 0ms (cache hit)
3683 http cache @radix-ui/react-roving-focus@https://registry.npmjs.org/@radix-ui/react-roving-focus/-/react-roving-focus-1.1.19.tgz 0ms (cache hit)
3684 http cache @radix-ui/react-use-callback-ref@https://registry.npmjs.org/@radix-ui/react-use-callback-ref/-/react-use-callback-ref-1.1.4.tgz 0ms (cache hit)
3685 http cache @radix-ui/react-id@https://registry.npmjs.org/@radix-ui/react-id/-/react-id-1.1.4.tgz 0ms (cache hit)
3686 http cache @radix-ui/react-context@https://registry.npmjs.org/@radix-ui/react-context/-/react-context-1.2.2.tgz 0ms (cache hit)
3687 http cache whatwg-fetch@https://registry.npmjs.org/whatwg-fetch/-/whatwg-fetch-3.6.20.tgz 0ms (cache hit)
3688 http cache @radix-ui/react-presence@https://registry.npmjs.org/@radix-ui/react-presence/-/react-presence-1.1.10.tgz 0ms (cache hit)
3689 http cache vaul@https://registry.npmjs.org/vaul/-/vaul-1.1.2.tgz 0ms (cache hit)
3690 http cache @radix-ui/primitive@https://registry.npmjs.org/@radix-ui/primitive/-/primitive-1.1.7.tgz 0ms (cache hit)
3691 http cache @radix-ui/react-compose-refs@https://registry.npmjs.org/@radix-ui/react-compose-refs/-/react-compose-refs-1.1.5.tgz 0ms (cache hit)
3692 http cache @radix-ui/react-direction@https://registry.npmjs.org/@radix-ui/react-direction/-/react-direction-1.1.4.tgz 0ms (cache hit)
3693 http cache shallowequal@https://registry.npmjs.org/shallowequal/-/shallowequal-1.1.0.tgz 0ms (cache hit)
3694 http cache react-native-drawer-layout@https://registry.npmjs.org/react-native-drawer-layout/-/react-native-drawer-layout-4.2.9.tgz 0ms (cache hit)
3695 http cache standard-navigation@https://registry.npmjs.org/standard-navigation/-/standard-navigation-0.0.5.tgz 0ms (cache hit)
3696 http cache sf-symbols-typescript@https://registry.npmjs.org/sf-symbols-typescript/-/sf-symbols-typescript-2.2.0.tgz 0ms (cache hit)
3697 http cache react-native-gesture-handler@https://registry.npmjs.org/react-native-gesture-handler/-/react-native-gesture-handler-3.1.0.tgz 0ms (cache hit)
3698 http cache server-only@https://registry.npmjs.org/server-only/-/server-only-0.0.1.tgz 0ms (cache hit)
3699 http cache query-string@https://registry.npmjs.org/query-string/-/query-string-7.1.3.tgz 0ms (cache hit)
3700 http cache react-fast-compare@https://registry.npmjs.org/react-fast-compare/-/react-fast-compare-3.2.2.tgz 0ms (cache hit)
3701 http cache nanoid@https://registry.npmjs.org/nanoid/-/nanoid-3.3.16.tgz 0ms (cache hit)
3702 http cache expo-server@https://registry.npmjs.org/expo-server/-/expo-server-57.0.1.tgz 0ms (cache hit)
3703 http cache fast-deep-equal@https://registry.npmjs.org/fast-deep-equal/-/fast-deep-equal-3.1.3.tgz 0ms (cache hit)
3704 http cache color@https://registry.npmjs.org/color/-/color-4.2.3.tgz 0ms (cache hit)
3705 http cache client-only@https://registry.npmjs.org/client-only/-/client-only-0.0.1.tgz 0ms (cache hit)
3706 http cache react-is@https://registry.npmjs.org/react-is/-/react-is-19.2.8.tgz 0ms (cache hit)
3707 http cache expo-glass-effect@https://registry.npmjs.org/expo-glass-effect/-/expo-glass-effect-57.0.1.tgz 0ms (cache hit)
3708 http cache @testing-library/dom@https://registry.npmjs.org/@testing-library/dom/-/dom-10.4.1.tgz 0ms (cache hit)
3709 http cache escape-string-regexp@https://registry.npmjs.org/escape-string-regexp/-/escape-string-regexp-4.0.0.tgz 0ms (cache hit)
3710 http cache @react-native-masked-view/masked-view@https://registry.npmjs.org/@react-native-masked-view/masked-view/-/masked-view-0.3.2.tgz 0ms (cache hit)
3711 http cache @testing-library/jest-dom@https://registry.npmjs.org/@testing-library/jest-dom/-/jest-dom-6.9.1.tgz 0ms (cache hit)
3712 http cache @radix-ui/react-slot@https://registry.npmjs.org/@radix-ui/react-slot/-/react-slot-1.3.3.tgz 0ms (cache hit)
3713 http cache @testing-library/user-event@https://registry.npmjs.org/@testing-library/user-event/-/user-event-14.6.1.tgz 0ms (cache hit)
3714 http cache @expo/schema-utils@https://registry.npmjs.org/@expo/schema-utils/-/schema-utils-57.0.2.tgz 0ms (cache hit)
3715 http cache @radix-ui/react-tabs@https://registry.npmjs.org/@radix-ui/react-tabs/-/react-tabs-1.1.21.tgz 0ms (cache hit)
3716 http cache @expo/metro-runtime@https://registry.npmjs.org/@expo/metro-runtime/-/metro-runtime-57.0.8.tgz 0ms (cache hit)
3717 http cache fontfaceobserver@https://registry.npmjs.org/fontfaceobserver/-/fontfaceobserver-2.3.0.tgz 0ms (cache hit)
3718 http cache parse-png@https://registry.npmjs.org/parse-png/-/parse-png-2.1.0.tgz 0ms (cache hit)
3719 http cache expo-modules-jsi@https://registry.npmjs.org/expo-modules-jsi/-/expo-modules-jsi-57.0.4.tgz 0ms (cache hit)
3720 http cache jimp-compact@https://registry.npmjs.org/jimp-compact/-/jimp-compact-0.16.1.tgz 0ms (cache hit)
3721 http cache @expo/ui@https://registry.npmjs.org/@expo/ui/-/ui-57.0.8.tgz 0ms (cache hit)
3722 http cache @expo/expo-modules-macros-plugin@https://registry.npmjs.org/@expo/expo-modules-macros-plugin/-/expo-modules-macros-plugin-0.6.1.tgz 0ms (cache hit)
3723 http cache which@https://registry.npmjs.org/which/-/which-2.0.2.tgz 0ms (cache hit)
3724 http cache @expo/image-utils@https://registry.npmjs.org/@expo/image-utils/-/image-utils-0.11.4.tgz 0ms (cache hit)
3725 http cache path-key@https://registry.npmjs.org/path-key/-/path-key-3.1.1.tgz 0ms (cache hit)
3726 http cache supports-color@https://registry.npmjs.org/supports-color/-/supports-color-7.2.0.tgz 0ms (cache hit)
3727 http cache commander@https://registry.npmjs.org/commander/-/commander-7.2.0.tgz 0ms (cache hit)
3728 http cache shebang-command@https://registry.npmjs.org/shebang-command/-/shebang-command-2.0.0.tgz 0ms (cache hit)
3729 http cache ansi-styles@https://registry.npmjs.org/ansi-styles/-/ansi-styles-4.3.0.tgz 0ms (cache hit)
3730 http cache @babel/plugin-syntax-decorators@https://registry.npmjs.org/@babel/plugin-syntax-decorators/-/plugin-syntax-decorators-7.29.7.tgz 0ms (cache hit)
3731 http cache babel-plugin-react-native-web@https://registry.npmjs.org/babel-plugin-react-native-web/-/babel-plugin-react-native-web-0.21.2.tgz 0ms (cache hit)
3732 http cache @babel/preset-typescript@https://registry.npmjs.org/@babel/preset-typescript/-/preset-typescript-7.29.7.tgz 0ms (cache hit)
3733 http cache babel-plugin-react-compiler@https://registry.npmjs.org/babel-plugin-react-compiler/-/babel-plugin-react-compiler-1.0.0.tgz 0ms (cache hit)
3734 http cache @babel/plugin-transform-react-pure-annotations@https://registry.npmjs.org/@babel/plugin-transform-react-pure-annotations/-/plugin-transform-react-pure-annotations-7.29.7.tgz 0ms (cache hit)
3735 http cache color-name@https://registry.npmjs.org/color-name/-/color-name-1.1.4.tgz 0ms (cache hit)
3736 http cache color-convert@https://registry.npmjs.org/color-convert/-/color-convert-2.0.1.tgz 0ms (cache hit)
3737 http cache @babel/plugin-transform-react-jsx-development@https://registry.npmjs.org/@babel/plugin-transform-react-jsx-development/-/plugin-transform-react-jsx-development-7.29.7.tgz 0ms (cache hit)
3738 http cache @babel/plugin-transform-parameters@https://registry.npmjs.org/@babel/plugin-transform-parameters/-/plugin-transform-parameters-7.29.7.tgz 0ms (cache hit)
3739 http cache @babel/plugin-transform-logical-assignment-operators@https://registry.npmjs.org/@babel/plugin-transform-logical-assignment-operators/-/plugin-transform-logical-assignment-operators-7.29.7.tgz 0ms (cache hit)
3740 http cache @babel/plugin-proposal-decorators@https://registry.npmjs.org/@babel/plugin-proposal-decorators/-/plugin-proposal-decorators-7.29.7.tgz 0ms (cache hit)
3741 http cache @babel/plugin-transform-object-rest-spread@https://registry.npmjs.org/@babel/plugin-transform-object-rest-spread/-/plugin-transform-object-rest-spread-7.29.7.tgz 0ms (cache hit)
3742 http cache xmlbuilder@https://registry.npmjs.org/xmlbuilder/-/xmlbuilder-15.1.1.tgz 0ms (cache hit)
3743 http cache @babel/plugin-transform-class-static-block@https://registry.npmjs.org/@babel/plugin-transform-class-static-block/-/plugin-transform-class-static-block-7.29.7.tgz 0ms (cache hit)
3744 http cache cross-spawn@https://registry.npmjs.org/cross-spawn/-/cross-spawn-7.0.6.tgz 0ms (cache hit)
3745 http cache @babel/plugin-transform-export-namespace-from@https://registry.npmjs.org/@babel/plugin-transform-export-namespace-from/-/plugin-transform-export-namespace-from-7.29.7.tgz 0ms (cache hit)
3746 http cache base64-js@https://registry.npmjs.org/base64-js/-/base64-js-1.5.1.tgz 0ms (cache hit)
3747 http cache picomatch@https://registry.npmjs.org/picomatch/-/picomatch-4.0.5.tgz 0ms (cache hit)
3748 http cache postcss@https://registry.npmjs.org/postcss/-/postcss-8.5.25.tgz 0ms (cache hit)
3749 http cache metro-transform-plugins@https://registry.npmjs.org/metro-transform-plugins/-/metro-transform-plugins-0.84.4.tgz 0ms (cache hit)
3750 http cache metro-transform-worker@https://registry.npmjs.org/metro-transform-worker/-/metro-transform-worker-0.84.4.tgz 0ms (cache hit)
3751 http cache lightningcss@https://registry.npmjs.org/lightningcss/-/lightningcss-1.33.0.tgz 0ms (cache hit)
3752 http cache jsc-safe-url@https://registry.npmjs.org/jsc-safe-url/-/jsc-safe-url-0.2.4.tgz 0ms (cache hit)
3753 http cache metro-symbolicate@https://registry.npmjs.org/metro-symbolicate/-/metro-symbolicate-0.84.4.tgz 0ms (cache hit)
3754 http cache metro-source-map@https://registry.npmjs.org/metro-source-map/-/metro-source-map-0.84.4.tgz 0ms (cache hit)
3755 http cache metro-resolver@https://registry.npmjs.org/metro-resolver/-/metro-resolver-0.84.4.tgz 0ms (cache hit)
3756 http cache metro-file-map@https://registry.npmjs.org/metro-file-map/-/metro-file-map-0.84.4.tgz 0ms (cache hit)
3757 http cache metro-cache-key@https://registry.npmjs.org/metro-cache-key/-/metro-cache-key-0.84.4.tgz 0ms (cache hit)
3758 http cache metro-core@https://registry.npmjs.org/metro-core/-/metro-core-0.84.4.tgz 0ms (cache hit)
3759 http cache @xmldom/xmldom@https://registry.npmjs.org/@xmldom/xmldom/-/xmldom-0.8.13.tgz 0ms (cache hit)
3760 http cache metro-babel-transformer@https://registry.npmjs.org/metro-babel-transformer/-/metro-babel-transformer-0.84.4.tgz 0ms (cache hit)
3761 http cache metro@https://registry.npmjs.org/metro/-/metro-0.84.4.tgz 0ms (cache hit)
3762 http cache metro-minify-terser@https://registry.npmjs.org/metro-minify-terser/-/metro-minify-terser-0.84.4.tgz 0ms (cache hit)
3763 http cache resolve-from@https://registry.npmjs.org/resolve-from/-/resolve-from-5.0.0.tgz 0ms (cache hit)
3764 http cache metro-cache@https://registry.npmjs.org/metro-cache/-/metro-cache-0.84.4.tgz 0ms (cache hit)
3765 http cache anser@https://registry.npmjs.org/anser/-/anser-1.4.10.tgz 0ms (cache hit)
3766 http cache minimatch@https://registry.npmjs.org/minimatch/-/minimatch-10.2.6.tgz 0ms (cache hit)
3767 http cache stacktrace-parser@https://registry.npmjs.org/stacktrace-parser/-/stacktrace-parser-0.1.11.tgz 0ms (cache hit)
3768 http cache @expo/spawn-async@https://registry.npmjs.org/@expo/spawn-async/-/spawn-async-1.8.0.tgz 0ms (cache hit)
3769 http cache ignore@https://registry.npmjs.org/ignore/-/ignore-5.3.2.tgz 0ms (cache hit)
3770 http cache xml2js@https://registry.npmjs.org/xml2js/-/xml2js-0.6.0.tgz 0ms (cache hit)
3771 http cache chalk@https://registry.npmjs.org/chalk/-/chalk-4.1.2.tgz 0ms (cache hit)
3772 http cache @expo/plist@https://registry.npmjs.org/@expo/plist/-/plist-0.8.1.tgz 0ms (cache hit)
3773 http cache @expo/sdk-runtime-versions@https://registry.npmjs.org/@expo/sdk-runtime-versions/-/sdk-runtime-versions-1.0.0.tgz 0ms (cache hit)
3774 http cache slugify@https://registry.npmjs.org/slugify/-/slugify-1.6.9.tgz 0ms (cache hit)
3775 http cache xcode@https://registry.npmjs.org/xcode/-/xcode-3.0.1.tgz 0ms (cache hit)
3776 http cache getenv@https://registry.npmjs.org/getenv/-/getenv-2.0.0.tgz 0ms (cache hit)
3777 http cache glob@https://registry.npmjs.org/glob/-/glob-13.0.6.tgz 0ms (cache hit)
3778 http cache resolve-workspace-root@https://registry.npmjs.org/resolve-workspace-root/-/resolve-workspace-root-2.0.1.tgz 0ms (cache hit)
3779 http cache deepmerge@https://registry.npmjs.org/deepmerge/-/deepmerge-4.3.1.tgz 0ms (cache hit)
3780 http cache @expo/json-file@https://registry.npmjs.org/@expo/json-file/-/json-file-11.0.1.tgz 0ms (cache hit)
3781 http cache @expo/config-types@https://registry.npmjs.org/@expo/config-types/-/config-types-57.0.2.tgz 0ms (cache hit)
3782 http cache arg@https://registry.npmjs.org/arg/-/arg-5.0.2.tgz 0ms (cache hit)
3783 http cache @expo/require-utils@https://registry.npmjs.org/@expo/require-utils/-/require-utils-57.0.4.tgz 0ms (cache hit)
3784 http cache whatwg-url-minimum@https://registry.npmjs.org/whatwg-url-minimum/-/whatwg-url-minimum-0.1.2.tgz 0ms (cache hit)
3785 http cache expo-modules-autolinking@https://registry.npmjs.org/expo-modules-autolinking/-/expo-modules-autolinking-57.0.9.tgz 0ms (cache hit)
3786 http cache expo-modules-core@https://registry.npmjs.org/expo-modules-core/-/expo-modules-core-57.0.8.tgz 0ms (cache hit)
3787 http cache pretty-format@https://registry.npmjs.org/pretty-format/-/pretty-format-29.7.0.tgz 0ms (cache hit)
3788 http cache @expo/env@https://registry.npmjs.org/@expo/env/-/env-2.4.2.tgz 0ms (cache hit)
3789 http cache expo-keep-awake@https://registry.npmjs.org/expo-keep-awake/-/expo-keep-awake-57.0.1.tgz 0ms (cache hit)
3790 http cache expo-asset@https://registry.npmjs.org/expo-asset/-/expo-asset-57.0.8.tgz 0ms (cache hit)
3791 http cache expo-file-system@https://registry.npmjs.org/expo-file-system/-/expo-file-system-57.0.1.tgz 0ms (cache hit)
3792 http cache @expo/metro-config@https://registry.npmjs.org/@expo/metro-config/-/metro-config-57.0.7.tgz 0ms (cache hit)
3793 http cache @ungap/structured-clone@https://registry.npmjs.org/@ungap/structured-clone/-/structured-clone-1.3.3.tgz 0ms (cache hit)
3794 http cache @expo/metro@https://registry.npmjs.org/@expo/metro/-/metro-56.0.0.tgz 0ms (cache hit)
3795 http cache @expo/local-build-cache-provider@https://registry.npmjs.org/@expo/local-build-cache-provider/-/local-build-cache-provider-57.0.5.tgz 0ms (cache hit)
3796 http cache @expo/log-box@https://registry.npmjs.org/@expo/log-box/-/log-box-57.0.2.tgz 0ms (cache hit)
3797 http cache @expo/devtools@https://registry.npmjs.org/@expo/devtools/-/devtools-57.0.1.tgz 0ms (cache hit)
3798 http cache babel-preset-expo@https://registry.npmjs.org/babel-preset-expo/-/babel-preset-expo-57.0.5.tgz 0ms (cache hit)
3799 http cache @expo/fingerprint@https://registry.npmjs.org/@expo/fingerprint/-/fingerprint-0.20.6.tgz 0ms (cache hit)
3800 http cache @expo/config-plugins@https://registry.npmjs.org/@expo/config-plugins/-/config-plugins-57.0.6.tgz 0ms (cache hit)
3801 http cache @expo/config@https://registry.npmjs.org/@expo/config/-/config-57.0.6.tgz 0ms (cache hit)
3802 http cache update-browserslist-db@https://registry.npmjs.org/update-browserslist-db/-/update-browserslist-db-1.2.3.tgz 0ms (cache hit)
3803 http cache ms@https://registry.npmjs.org/ms/-/ms-2.1.3.tgz 0ms (cache hit)
3804 http cache node-releases@https://registry.npmjs.org/node-releases/-/node-releases-2.0.51.tgz 0ms (cache hit)
3805 http cache @babel/runtime@https://registry.npmjs.org/@babel/runtime/-/runtime-7.29.7.tgz 0ms (cache hit)
3806 http cache @expo/dom-webview@https://registry.npmjs.org/@expo/dom-webview/-/dom-webview-57.0.1.tgz 0ms (cache hit)
3807 http cache caniuse-lite@https://registry.npmjs.org/caniuse-lite/-/caniuse-lite-1.0.30001806.tgz 0ms (cache hit)
3808 http cache core-js-compat@https://registry.npmjs.org/core-js-compat/-/core-js-compat-3.49.0.tgz 0ms (cache hit)
3809 http cache baseline-browser-mapping@https://registry.npmjs.org/baseline-browser-mapping/-/baseline-browser-mapping-2.11.7.tgz 0ms (cache hit)
3810 http cache @babel/helper-define-polyfill-provider@https://registry.npmjs.org/@babel/helper-define-polyfill-provider/-/helper-define-polyfill-provider-0.6.8.tgz 0ms (cache hit)
3811 http cache electron-to-chromium@https://registry.npmjs.org/electron-to-chromium/-/electron-to-chromium-1.5.398.tgz 0ms (cache hit)
3812 http cache csstype@https://registry.npmjs.org/csstype/-/csstype-3.2.3.tgz 0ms (cache hit)
3813 http cache yargs@https://registry.npmjs.org/yargs/-/yargs-17.7.3.tgz 0ms (cache hit)
3814 http cache lodash.debounce@https://registry.npmjs.org/lodash.debounce/-/lodash.debounce-4.0.8.tgz 0ms (cache hit)
3815 http cache invariant@https://registry.npmjs.org/invariant/-/invariant-2.2.4.tgz 0ms (cache hit)
3816 http cache @jridgewell/sourcemap-codec@https://registry.npmjs.org/@jridgewell/sourcemap-codec/-/sourcemap-codec-1.5.5.tgz 0ms (cache hit)
3817 http cache @babel/helper-string-parser@https://registry.npmjs.org/@babel/helper-string-parser/-/helper-string-parser-7.29.7.tgz 0ms (cache hit)
3818 http cache tinyglobby@https://registry.npmjs.org/tinyglobby/-/tinyglobby-0.2.17.tgz 0ms (cache hit)
3819 http cache @babel/plugin-syntax-typescript@https://registry.npmjs.org/@babel/plugin-syntax-typescript/-/plugin-syntax-typescript-7.29.7.tgz 0ms (cache hit)
3820 http cache resolve@https://registry.npmjs.org/resolve/-/resolve-1.22.12.tgz 0ms (cache hit)
3821 http cache @jridgewell/resolve-uri@https://registry.npmjs.org/@jridgewell/resolve-uri/-/resolve-uri-3.1.2.tgz 0ms (cache hit)
3822 http cache babel-plugin-polyfill-regenerator@https://registry.npmjs.org/babel-plugin-polyfill-regenerator/-/babel-plugin-polyfill-regenerator-0.6.8.tgz 0ms (cache hit)
3823 http cache babel-plugin-polyfill-corejs3@https://registry.npmjs.org/babel-plugin-polyfill-corejs3/-/babel-plugin-polyfill-corejs3-0.13.0.tgz 0ms (cache hit)
3824 http cache regexpu-core@https://registry.npmjs.org/regexpu-core/-/regexpu-core-6.4.0.tgz 0ms (cache hit)
3825 http cache @react-native/codegen@https://registry.npmjs.org/@react-native/codegen/-/codegen-0.86.2.tgz 0ms (cache hit)
3826 http cache @babel/plugin-syntax-jsx@https://registry.npmjs.org/@babel/plugin-syntax-jsx/-/plugin-syntax-jsx-7.29.7.tgz 0ms (cache hit)
3827 http cache babel-plugin-polyfill-corejs2@https://registry.npmjs.org/babel-plugin-polyfill-corejs2/-/babel-plugin-polyfill-corejs2-0.4.17.tgz 0ms (cache hit)
3828 http cache @babel/helper-globals@https://registry.npmjs.org/@babel/helper-globals/-/helper-globals-7.29.7.tgz 0ms (cache hit)
3829 http cache @babel/helper-create-regexp-features-plugin@https://registry.npmjs.org/@babel/helper-create-regexp-features-plugin/-/helper-create-regexp-features-plugin-7.29.7.tgz 0ms (cache hit)
3830 http cache @babel/helper-replace-supers@https://registry.npmjs.org/@babel/helper-replace-supers/-/helper-replace-supers-7.29.7.tgz 0ms (cache hit)
3831 http cache @babel/helper-skip-transparent-expression-wrappers@https://registry.npmjs.org/@babel/helper-skip-transparent-expression-wrappers/-/helper-skip-transparent-expression-wrappers-7.29.7.tgz 0ms (cache hit)
3832 http cache @babel/helper-member-expression-to-functions@https://registry.npmjs.org/@babel/helper-member-expression-to-functions/-/helper-member-expression-to-functions-7.29.7.tgz 0ms (cache hit)
3833 http cache @babel/helper-optimise-call-expression@https://registry.npmjs.org/@babel/helper-optimise-call-expression/-/helper-optimise-call-expression-7.29.7.tgz 0ms (cache hit)
3834 http cache @babel/plugin-syntax-flow@https://registry.npmjs.org/@babel/plugin-syntax-flow/-/plugin-syntax-flow-7.29.7.tgz 0ms (cache hit)
3835 http cache @babel/helper-wrap-function@https://registry.npmjs.org/@babel/helper-wrap-function/-/helper-wrap-function-7.29.7.tgz 0ms (cache hit)
3836 http cache @babel/helper-annotate-as-pure@https://registry.npmjs.org/@babel/helper-annotate-as-pure/-/helper-annotate-as-pure-7.29.7.tgz 0ms (cache hit)
3837 http cache @babel/helper-create-class-features-plugin@https://registry.npmjs.org/@babel/helper-create-class-features-plugin/-/helper-create-class-features-plugin-7.29.7.tgz 0ms (cache hit)
3838 http cache @babel/helper-plugin-utils@https://registry.npmjs.org/@babel/helper-plugin-utils/-/helper-plugin-utils-7.29.7.tgz 0ms (cache hit)
3839 http cache @babel/helper-remap-async-to-generator@https://registry.npmjs.org/@babel/helper-remap-async-to-generator/-/helper-remap-async-to-generator-7.29.7.tgz 0ms (cache hit)
3840 http cache browserslist@https://registry.npmjs.org/browserslist/-/browserslist-4.28.7.tgz 0ms (cache hit)
3841 http cache @babel/helper-validator-option@https://registry.npmjs.org/@babel/helper-validator-option/-/helper-validator-option-7.29.7.tgz 0ms (cache hit)
3842 http cache @babel/compat-data@https://registry.npmjs.org/@babel/compat-data/-/compat-data-7.29.7.tgz 0ms (cache hit)
3843 http cache lru-cache@https://registry.npmjs.org/lru-cache/-/lru-cache-5.1.1.tgz 0ms (cache hit)
3844 http cache @jridgewell/gen-mapping@https://registry.npmjs.org/@jridgewell/gen-mapping/-/gen-mapping-0.3.13.tgz 0ms (cache hit)
3845 http cache @babel/helper-module-imports@https://registry.npmjs.org/@babel/helper-module-imports/-/helper-module-imports-7.29.7.tgz 0ms (cache hit)
3846 http cache picocolors@https://registry.npmjs.org/picocolors/-/picocolors-1.1.1.tgz 0ms (cache hit)
3847 http cache @babel/helper-validator-identifier@https://registry.npmjs.org/@babel/helper-validator-identifier/-/helper-validator-identifier-7.29.7.tgz 0ms (cache hit)
3848 http cache @babel/types@https://registry.npmjs.org/@babel/types/-/types-7.29.7.tgz 0ms (cache hit)
3849 http cache debug@https://registry.npmjs.org/debug/-/debug-4.4.3.tgz 0ms (cache hit)
3850 http cache @jridgewell/remapping@https://registry.npmjs.org/@jridgewell/remapping/-/remapping-2.3.5.tgz 0ms (cache hit)
3851 http cache js-tokens@https://registry.npmjs.org/js-tokens/-/js-tokens-4.0.0.tgz 0ms (cache hit)
3852 http cache @babel/parser@https://registry.npmjs.org/@babel/parser/-/parser-7.29.7.tgz 0ms (cache hit)
3853 http cache @babel/traverse@https://registry.npmjs.org/@babel/traverse/-/traverse-7.29.7.tgz 0ms (cache hit)
3854 http cache @jridgewell/trace-mapping@https://registry.npmjs.org/@jridgewell/trace-mapping/-/trace-mapping-0.3.31.tgz 0ms (cache hit)
3855 http cache @babel/template@https://registry.npmjs.org/@babel/template/-/template-7.29.7.tgz 0ms (cache hit)
3856 http cache @babel/helper-compilation-targets@https://registry.npmjs.org/@babel/helper-compilation-targets/-/helper-compilation-targets-7.29.7.tgz 0ms (cache hit)
3857 http cache @babel/helpers@https://registry.npmjs.org/@babel/helpers/-/helpers-7.29.7.tgz 0ms (cache hit)
3858 http cache jsesc@https://registry.npmjs.org/jsesc/-/jsesc-3.1.0.tgz 0ms (cache hit)
3859 http cache @babel/generator@https://registry.npmjs.org/@babel/generator/-/generator-7.29.7.tgz 0ms (cache hit)
3860 http cache @babel/helper-module-transforms@https://registry.npmjs.org/@babel/helper-module-transforms/-/helper-module-transforms-7.29.7.tgz 0ms (cache hit)
3861 http cache babel-plugin-syntax-hermes-parser@https://registry.npmjs.org/babel-plugin-syntax-hermes-parser/-/babel-plugin-syntax-hermes-parser-0.36.0.tgz 0ms (cache hit)
3862 http cache @babel/code-frame@https://registry.npmjs.org/@babel/code-frame/-/code-frame-7.29.7.tgz 0ms (cache hit)
3863 http cache @babel/plugin-transform-regenerator@https://registry.npmjs.org/@babel/plugin-transform-regenerator/-/plugin-transform-regenerator-7.29.7.tgz 0ms (cache hit)
3864 http cache react-refresh@https://registry.npmjs.org/react-refresh/-/react-refresh-0.14.2.tgz 0ms (cache hit)
3865 http cache @react-native/babel-plugin-codegen@https://registry.npmjs.org/@react-native/babel-plugin-codegen/-/babel-plugin-codegen-0.86.2.tgz 0ms (cache hit)
3866 http cache @babel/plugin-transform-react-jsx-source@https://registry.npmjs.org/@babel/plugin-transform-react-jsx-source/-/plugin-transform-react-jsx-source-7.29.7.tgz 0ms (cache hit)
3867 http cache @babel/plugin-transform-react-jsx-self@https://registry.npmjs.org/@babel/plugin-transform-react-jsx-self/-/plugin-transform-react-jsx-self-7.29.7.tgz 0ms (cache hit)
3868 http cache babel-plugin-transform-flow-enums@https://registry.npmjs.org/babel-plugin-transform-flow-enums/-/babel-plugin-transform-flow-enums-0.0.2.tgz 0ms (cache hit)
3869 http cache @babel/plugin-transform-unicode-regex@https://registry.npmjs.org/@babel/plugin-transform-unicode-regex/-/plugin-transform-unicode-regex-7.29.7.tgz 0ms (cache hit)
3870 http cache @babel/plugin-transform-typescript@https://registry.npmjs.org/@babel/plugin-transform-typescript/-/plugin-transform-typescript-7.29.7.tgz 0ms (cache hit)
3871 http cache @babel/plugin-transform-react-jsx@https://registry.npmjs.org/@babel/plugin-transform-react-jsx/-/plugin-transform-react-jsx-7.29.7.tgz 0ms (cache hit)
3872 http cache @babel/plugin-transform-react-display-name@https://registry.npmjs.org/@babel/plugin-transform-react-display-name/-/plugin-transform-react-display-name-7.29.7.tgz 0ms (cache hit)
3873 http cache @babel/plugin-transform-private-property-in-object@https://registry.npmjs.org/@babel/plugin-transform-private-property-in-object/-/plugin-transform-private-property-in-object-7.29.7.tgz 0ms (cache hit)
3874 http cache @babel/plugin-transform-runtime@https://registry.npmjs.org/@babel/plugin-transform-runtime/-/plugin-transform-runtime-7.29.7.tgz 0ms (cache hit)
3875 http cache @babel/plugin-transform-optional-chaining@https://registry.npmjs.org/@babel/plugin-transform-optional-chaining/-/plugin-transform-optional-chaining-7.29.7.tgz 0ms (cache hit)
3876 http cache @babel/plugin-transform-private-methods@https://registry.npmjs.org/@babel/plugin-transform-private-methods/-/plugin-transform-private-methods-7.29.7.tgz 0ms (cache hit)
3877 http cache @babel/plugin-transform-named-capturing-groups-regex@https://registry.npmjs.org/@babel/plugin-transform-named-capturing-groups-regex/-/plugin-transform-named-capturing-groups-regex-7.29.7.tgz 0ms (cache hit)
3878 http cache @babel/plugin-transform-nullish-coalescing-operator@https://registry.npmjs.org/@babel/plugin-transform-nullish-coalescing-operator/-/plugin-transform-nullish-coalescing-operator-7.29.7.tgz 0ms (cache hit)
3879 http cache @babel/plugin-transform-for-of@https://registry.npmjs.org/@babel/plugin-transform-for-of/-/plugin-transform-for-of-7.29.7.tgz 0ms (cache hit)
3880 http cache @babel/plugin-transform-flow-strip-types@https://registry.npmjs.org/@babel/plugin-transform-flow-strip-types/-/plugin-transform-flow-strip-types-7.29.7.tgz 0ms (cache hit)
3881 http cache @babel/plugin-transform-classes@https://registry.npmjs.org/@babel/plugin-transform-classes/-/plugin-transform-classes-7.29.7.tgz 0ms (cache hit)
3882 http cache @babel/plugin-transform-optional-catch-binding@https://registry.npmjs.org/@babel/plugin-transform-optional-catch-binding/-/plugin-transform-optional-catch-binding-7.29.7.tgz 0ms (cache hit)
3883 http cache @babel/plugin-transform-modules-commonjs@https://registry.npmjs.org/@babel/plugin-transform-modules-commonjs/-/plugin-transform-modules-commonjs-7.29.7.tgz 0ms (cache hit)
3884 http cache @babel/plugin-transform-destructuring@https://registry.npmjs.org/@babel/plugin-transform-destructuring/-/plugin-transform-destructuring-7.29.7.tgz 0ms (cache hit)
3885 http cache @babel/plugin-transform-class-properties@https://registry.npmjs.org/@babel/plugin-transform-class-properties/-/plugin-transform-class-properties-7.29.7.tgz 0ms (cache hit)
3886 http cache @babel/plugin-syntax-optional-chaining@https://registry.npmjs.org/@babel/plugin-syntax-optional-chaining/-/plugin-syntax-optional-chaining-7.8.3.tgz 0ms (cache hit)
3887 http cache @babel/plugin-transform-block-scoping@https://registry.npmjs.org/@babel/plugin-transform-block-scoping/-/plugin-transform-block-scoping-7.29.7.tgz 0ms (cache hit)
3888 http cache @babel/plugin-syntax-nullish-coalescing-operator@https://registry.npmjs.org/@babel/plugin-syntax-nullish-coalescing-operator/-/plugin-syntax-nullish-coalescing-operator-7.8.3.tgz 0ms (cache hit)
3889 http cache @babel/plugin-transform-async-generator-functions@https://registry.npmjs.org/@babel/plugin-transform-async-generator-functions/-/plugin-transform-async-generator-functions-7.29.7.tgz 0ms (cache hit)
3890 http cache @babel/plugin-transform-async-to-generator@https://registry.npmjs.org/@babel/plugin-transform-async-to-generator/-/plugin-transform-async-to-generator-7.29.7.tgz 0ms (cache hit)
3891 http cache @babel/plugin-syntax-export-default-from@https://registry.npmjs.org/@babel/plugin-syntax-export-default-from/-/plugin-syntax-export-default-from-7.29.7.tgz 0ms (cache hit)
3892 http cache @babel/plugin-syntax-dynamic-import@https://registry.npmjs.org/@babel/plugin-syntax-dynamic-import/-/plugin-syntax-dynamic-import-7.8.3.tgz 0ms (cache hit)
3893 http cache @babel/core@https://registry.npmjs.org/@babel/core/-/core-7.29.7.tgz 0ms (cache hit)
3894 http cache nullthrows@https://registry.npmjs.org/nullthrows/-/nullthrows-1.1.1.tgz 0ms (cache hit)
3895 http cache @babel/plugin-proposal-export-default-from@https://registry.npmjs.org/@babel/plugin-proposal-export-default-from/-/plugin-proposal-export-default-from-7.29.7.tgz 0ms (cache hit)
3896 http cache metro-runtime@https://registry.npmjs.org/metro-runtime/-/metro-runtime-0.84.4.tgz 0ms (cache hit)
3897 http cache hermes-parser@https://registry.npmjs.org/hermes-parser/-/hermes-parser-0.36.0.tgz 0ms (cache hit)
3898 http cache @react-native/babel-preset@https://registry.npmjs.org/@react-native/babel-preset/-/babel-preset-0.86.2.tgz 0ms (cache hit)
3899 http cache @react-native/metro-babel-transformer@https://registry.npmjs.org/@react-native/metro-babel-transformer/-/metro-babel-transformer-0.86.2.tgz 0ms (cache hit)
3900 http cache gensync@https://registry.npmjs.org/gensync/-/gensync-1.0.0-beta.2.tgz 0ms (cache hit)
3901 http cache convert-source-map@https://registry.npmjs.org/convert-source-map/-/convert-source-map-2.0.0.tgz 0ms (cache hit)
3902 http cache typescript@https://registry.npmjs.org/typescript/-/typescript-6.0.3.tgz 0ms (cache hit)
3903 http cache react-native-screens@https://registry.npmjs.org/react-native-screens/-/react-native-screens-4.26.2.tgz 0ms (cache hit)
3904 http cache metro-config@https://registry.npmjs.org/metro-config/-/metro-config-0.84.4.tgz 0ms (cache hit)
3905 http cache react-native-worklets@https://registry.npmjs.org/react-native-worklets/-/react-native-worklets-0.10.1.tgz 0ms (cache hit)
3906 http cache @react-native/metro-config@https://registry.npmjs.org/@react-native/metro-config/-/metro-config-0.86.2.tgz 0ms (cache hit)
3907 http cache react-native-reanimated@https://registry.npmjs.org/react-native-reanimated/-/react-native-reanimated-4.5.1.tgz 0ms (cache hit)
3908 http cache react-dom@https://registry.npmjs.org/react-dom/-/react-dom-19.2.3.tgz 0ms (cache hit)
3909 http cache react-native-web@https://registry.npmjs.org/react-native-web/-/react-native-web-0.21.2.tgz 0ms (cache hit)
3910 http cache @react-native/js-polyfills@https://registry.npmjs.org/@react-native/js-polyfills/-/js-polyfills-0.86.2.tgz 0ms (cache hit)
3911 http cache expo-status-bar@https://registry.npmjs.org/expo-status-bar/-/expo-status-bar-57.0.1.tgz 0ms (cache hit)
3912 http cache expo-symbols@https://registry.npmjs.org/expo-symbols/-/expo-symbols-57.0.1.tgz 0ms (cache hit)
3913 http cache semver@https://registry.npmjs.org/semver/-/semver-7.8.5.tgz 0ms (cache hit)
3914 http cache expo-web-browser@https://registry.npmjs.org/expo-web-browser/-/expo-web-browser-57.0.2.tgz 0ms (cache hit)
3915 http cache expo-splash-screen@https://registry.npmjs.org/expo-splash-screen/-/expo-splash-screen-57.0.5.tgz 0ms (cache hit)
3916 http cache react-native-safe-area-context@https://registry.npmjs.org/react-native-safe-area-context/-/react-native-safe-area-context-5.7.0.tgz 0ms (cache hit)
3917 http cache expo-linking@https://registry.npmjs.org/expo-linking/-/expo-linking-57.0.4.tgz 0ms (cache hit)
3918 http cache expo-font@https://registry.npmjs.org/expo-font/-/expo-font-57.0.1.tgz 0ms (cache hit)
3919 http cache react-native@https://registry.npmjs.org/react-native/-/react-native-0.86.2.tgz 0ms (cache hit)
3920 http cache react@https://registry.npmjs.org/react/-/react-19.2.3.tgz 0ms (cache hit)
3921 http cache expo@https://registry.npmjs.org/expo/-/expo-57.0.9.tgz 0ms (cache hit)
3922 http cache @types/react@https://registry.npmjs.org/@types/react/-/react-19.2.17.tgz 0ms (cache hit)
3923 http cache expo-constants@https://registry.npmjs.org/expo-constants/-/expo-constants-57.0.8.tgz 0ms (cache hit)
3924 http cache expo-router@https://registry.npmjs.org/expo-router/-/expo-router-57.0.9.tgz 0ms (cache hit)
3925 http cache supports-color@https://registry.npmjs.org/supports-color/-/supports-color-5.5.0.tgz 0ms (cache hit)
3926 http cache ansi-styles@https://registry.npmjs.org/ansi-styles/-/ansi-styles-3.2.1.tgz 0ms (cache hit)
3927 http cache type-fest@https://registry.npmjs.org/type-fest/-/type-fest-0.21.3.tgz 0ms (cache hit)
3928 http cache json5@https://registry.npmjs.org/json5/-/json5-2.2.3.tgz 0ms (cache hit)
3929 http cache color-name@https://registry.npmjs.org/color-name/-/color-name-1.1.3.tgz 0ms (cache hit)
3930 http cache escape-string-regexp@https://registry.npmjs.org/escape-string-regexp/-/escape-string-regexp-1.0.5.tgz 0ms (cache hit)
3931 http cache color-convert@https://registry.npmjs.org/color-convert/-/color-convert-1.9.3.tgz 0ms (cache hit)
3932 http cache has-flag@https://registry.npmjs.org/has-flag/-/has-flag-3.0.0.tgz 0ms (cache hit)
3933 http cache chalk@https://registry.npmjs.org/chalk/-/chalk-2.4.2.tgz 0ms (cache hit)
3934 http cache has-flag@https://registry.npmjs.org/has-flag/-/has-flag-3.0.0.tgz 0ms (cache hit)
3935 http cache color-name@https://registry.npmjs.org/color-name/-/color-name-1.1.3.tgz 0ms (cache hit)
3936 http cache lru-cache@https://registry.npmjs.org/lru-cache/-/lru-cache-10.4.3.tgz 0ms (cache hit)
3937 http cache color-convert@https://registry.npmjs.org/color-convert/-/color-convert-1.9.3.tgz 0ms (cache hit)
3938 http cache escape-string-regexp@https://registry.npmjs.org/escape-string-regexp/-/escape-string-regexp-1.0.5.tgz 0ms (cache hit)
3939 http cache ansi-regex@https://registry.npmjs.org/ansi-regex/-/ansi-regex-4.1.1.tgz 0ms (cache hit)
3940 http cache strip-ansi@https://registry.npmjs.org/strip-ansi/-/strip-ansi-5.2.0.tgz 0ms (cache hit)
3941 http cache ansi-styles@https://registry.npmjs.org/ansi-styles/-/ansi-styles-3.2.1.tgz 0ms (cache hit)
3942 http cache supports-color@https://registry.npmjs.org/supports-color/-/supports-color-5.5.0.tgz 0ms (cache hit)
3943 http cache debug@https://registry.npmjs.org/debug/-/debug-2.6.9.tgz 0ms (cache hit)
3944 http cache chalk@https://registry.npmjs.org/chalk/-/chalk-2.4.2.tgz 0ms (cache hit)
3945 http cache @xmldom/xmldom@https://registry.npmjs.org/@xmldom/xmldom/-/xmldom-0.9.10.tgz 0ms (cache hit)
3946 http cache debug@https://registry.npmjs.org/debug/-/debug-3.2.7.tgz 0ms (cache hit)
3947 http cache statuses@https://registry.npmjs.org/statuses/-/statuses-2.0.2.tgz 0ms (cache hit)
3948 http cache negotiator@https://registry.npmjs.org/negotiator/-/negotiator-0.6.4.tgz 0ms (cache hit)
3949 http cache source-map@https://registry.npmjs.org/source-map/-/source-map-0.6.1.tgz 0ms (cache hit)
3950 http cache on-finished@https://registry.npmjs.org/on-finished/-/on-finished-2.4.1.tgz 0ms (cache hit)
3951 http cache statuses@https://registry.npmjs.org/statuses/-/statuses-2.0.2.tgz 0ms (cache hit)
3952 http cache promise@https://registry.npmjs.org/promise/-/promise-7.3.1.tgz 0ms (cache hit)
3953 http cache encodeurl@https://registry.npmjs.org/encodeurl/-/encodeurl-2.0.0.tgz 0ms (cache hit)
3954 http cache ms@https://registry.npmjs.org/ms/-/ms-2.0.0.tgz 0ms (cache hit)
3955 http cache debug@https://registry.npmjs.org/debug/-/debug-2.6.9.tgz 0ms (cache hit)
3956 http cache ms@https://registry.npmjs.org/ms/-/ms-2.0.0.tgz 0ms (cache hit)
3957 http cache encodeurl@https://registry.npmjs.org/encodeurl/-/encodeurl-2.0.0.tgz 0ms (cache hit)
3958 http cache debug@https://registry.npmjs.org/debug/-/debug-2.6.9.tgz 0ms (cache hit)
3959 http cache commander@https://registry.npmjs.org/commander/-/commander-2.20.3.tgz 0ms (cache hit)
3960 http cache ms@https://registry.npmjs.org/ms/-/ms-2.0.0.tgz 0ms (cache hit)
3961 http cache picomatch@https://registry.npmjs.org/picomatch/-/picomatch-2.3.2.tgz 0ms (cache hit)
3962 http cache picomatch@https://registry.npmjs.org/picomatch/-/picomatch-2.3.2.tgz 0ms (cache hit)
3963 http cache debug@https://registry.npmjs.org/debug/-/debug-2.6.9.tgz 0ms (cache hit)
3964 http cache ci-info@https://registry.npmjs.org/ci-info/-/ci-info-3.9.0.tgz 0ms (cache hit)
3965 http cache ms@https://registry.npmjs.org/ms/-/ms-2.0.0.tgz 0ms (cache hit)
3966 http cache lru-cache@https://registry.npmjs.org/lru-cache/-/lru-cache-11.5.2.tgz 0ms (cache hit)
3967 http cache ms@https://registry.npmjs.org/ms/-/ms-2.0.0.tgz 0ms (cache hit)
3968 http cache debug@https://registry.npmjs.org/debug/-/debug-2.6.9.tgz 0ms (cache hit)
3969 http cache ansi-styles@https://registry.npmjs.org/ansi-styles/-/ansi-styles-5.2.0.tgz 0ms (cache hit)
3970 http cache supports-color@https://registry.npmjs.org/supports-color/-/supports-color-8.1.1.tgz 0ms (cache hit)
3971 http cache hermes-estree@https://registry.npmjs.org/hermes-estree/-/hermes-estree-0.35.0.tgz 0ms (cache hit)
3972 http cache hermes-estree@https://registry.npmjs.org/hermes-estree/-/hermes-estree-0.35.0.tgz 0ms (cache hit)
3973 http cache react-is@https://registry.npmjs.org/react-is/-/react-is-17.0.2.tgz 0ms (cache hit)
3974 http cache pretty-format@https://registry.npmjs.org/pretty-format/-/pretty-format-27.5.1.tgz 0ms (cache hit)
3975 http cache dom-accessibility-api@https://registry.npmjs.org/dom-accessibility-api/-/dom-accessibility-api-0.6.3.tgz 0ms (cache hit)
3976 http cache ansi-styles@https://registry.npmjs.org/ansi-styles/-/ansi-styles-5.2.0.tgz 0ms (cache hit)
3977 http cache hermes-parser@https://registry.npmjs.org/hermes-parser/-/hermes-parser-0.35.0.tgz 0ms (cache hit)
3978 http cache react-is@https://registry.npmjs.org/react-is/-/react-is-18.3.1.tgz 0ms (cache hit)
3979 http cache semver@https://registry.npmjs.org/semver/-/semver-6.3.1.tgz 0ms (cache hit)
3980 http cache semver@https://registry.npmjs.org/semver/-/semver-6.3.1.tgz 0ms (cache hit)
3981 http cache semver@https://registry.npmjs.org/semver/-/semver-6.3.1.tgz 0ms (cache hit)
3982 http cache xmlbuilder@https://registry.npmjs.org/xmlbuilder/-/xmlbuilder-11.0.1.tgz 0ms (cache hit)
3983 http cache hermes-parser@https://registry.npmjs.org/hermes-parser/-/hermes-parser-0.35.0.tgz 0ms (cache hit)
3984 http cache semver@https://registry.npmjs.org/semver/-/semver-6.3.1.tgz 0ms (cache hit)
3985 http cache semver@https://registry.npmjs.org/semver/-/semver-6.3.1.tgz 0ms (cache hit)
3986 http cache semver@https://registry.npmjs.org/semver/-/semver-6.3.1.tgz 0ms (cache hit)
3987 http cache memoize-one@https://registry.npmjs.org/memoize-one/-/memoize-one-6.0.0.tgz 0ms (cache hit)
3988 http cache commander@https://registry.npmjs.org/commander/-/commander-12.1.0.tgz 0ms (cache hit)
3989 http cache negotiator@https://registry.npmjs.org/negotiator/-/negotiator-0.6.3.tgz 0ms (cache hit)
3990 http cache @react-native/normalize-colors@https://registry.npmjs.org/@react-native/normalize-colors/-/normalize-colors-0.74.89.tgz 0ms (cache hit)
3991 http cache ci-info@https://registry.npmjs.org/ci-info/-/ci-info-3.9.0.tgz 0ms (cache hit)
3992 http cache ws@https://registry.npmjs.org/ws/-/ws-8.21.1.tgz 0ms (cache hit)
3993 http cache mime-types@https://registry.npmjs.org/mime-types/-/mime-types-2.1.35.tgz 0ms (cache hit)
3994 http cache accepts@https://registry.npmjs.org/accepts/-/accepts-1.3.8.tgz 0ms (cache hit)
3995 http cache mime-db@https://registry.npmjs.org/mime-db/-/mime-db-1.52.0.tgz 0ms (cache hit)
3996 http cache @expo/ws-tunnel@https://registry.npmjs.org/@expo/ws-tunnel/-/ws-tunnel-2.0.0.tgz 0ms (cache hit)
3997 silly tarball no local data for defaults@https://registry.npmjs.org/defaults/-/defaults-1.0.4.tgz. Extracting by manifest.
3998 silly tarball no local data for ansi-escapes@https://registry.npmjs.org/ansi-escapes/-/ansi-escapes-4.3.2.tgz. Extracting by manifest.
3999 silly tarball no local data for clone@https://registry.npmjs.org/clone/-/clone-1.0.4.tgz. Extracting by manifest.
4000 silly tarball no local data for mimic-fn@https://registry.npmjs.org/mimic-fn/-/mimic-fn-1.2.0.tgz. Extracting by manifest.
4001 silly tarball no local data for signal-exit@https://registry.npmjs.org/signal-exit/-/signal-exit-3.0.7.tgz. Extracting by manifest.
4002 silly tarball no local data for sisteransi@https://registry.npmjs.org/sisteransi/-/sisteransi-1.0.5.tgz. Extracting by manifest.
4003 silly tarball no local data for supports-hyperlinks@https://registry.npmjs.org/supports-hyperlinks/-/supports-hyperlinks-2.3.0.tgz. Extracting by manifest.
4004 silly tarball no local data for restore-cursor@https://registry.npmjs.org/restore-cursor/-/restore-cursor-2.0.0.tgz. Extracting by manifest.
4005 silly tarball no local data for onetime@https://registry.npmjs.org/onetime/-/onetime-2.0.1.tgz. Extracting by manifest.
4006 http cache @expo/router-server@https://registry.npmjs.org/@expo/router-server/-/router-server-57.0.4.tgz 0ms (cache hit)
4007 silly tarball no local data for cli-spinners@https://registry.npmjs.org/cli-spinners/-/cli-spinners-2.9.2.tgz. Extracting by manifest.
4008 silly tarball no local data for wcwidth@https://registry.npmjs.org/wcwidth/-/wcwidth-1.0.1.tgz. Extracting by manifest.
4009 silly tarball no local data for kleur@https://registry.npmjs.org/kleur/-/kleur-3.0.3.tgz. Extracting by manifest.
4010 silly tarball no local data for validate-npm-package-name@https://registry.npmjs.org/validate-npm-package-name/-/validate-npm-package-name-5.0.1.tgz. Extracting by manifest.
4011 silly tarball no local data for hosted-git-info@https://registry.npmjs.org/hosted-git-info/-/hosted-git-info-7.0.2.tgz. Extracting by manifest.
4012 silly tarball no local data for proc-log@https://registry.npmjs.org/proc-log/-/proc-log-4.2.0.tgz. Extracting by manifest.
4013 silly tarball no local data for log-symbols@https://registry.npmjs.org/log-symbols/-/log-symbols-2.2.0.tgz. Extracting by manifest.
4014 silly tarball no local data for safe-buffer@https://registry.npmjs.org/safe-buffer/-/safe-buffer-5.2.1.tgz. Extracting by manifest.
4015 silly tarball no local data for argparse@https://registry.npmjs.org/argparse/-/argparse-2.0.1.tgz. Extracting by manifest.
4016 silly tarball no local data for cli-cursor@https://registry.npmjs.org/cli-cursor/-/cli-cursor-2.1.0.tgz. Extracting by manifest.
4017 silly tarball no local data for vary@https://registry.npmjs.org/vary/-/vary-1.1.2.tgz. Extracting by manifest.
4018 silly tarball no local data for on-headers@https://registry.npmjs.org/on-headers/-/on-headers-1.1.0.tgz. Extracting by manifest.
4019 silly tarball no local data for js-yaml@https://registry.npmjs.org/js-yaml/-/js-yaml-4.3.0.tgz. Extracting by manifest.
4020 silly tarball no local data for zod@https://registry.npmjs.org/zod/-/zod-3.25.76.tgz. Extracting by manifest.
4021 silly tarball no local data for bytes@https://registry.npmjs.org/bytes/-/bytes-3.1.2.tgz. Extracting by manifest.
4022 silly tarball no local data for compressible@https://registry.npmjs.org/compressible/-/compressible-2.0.18.tgz. Extracting by manifest.
4023 silly tarball no local data for @expo/sudo-prompt@https://registry.npmjs.org/@expo/sudo-prompt/-/sudo-prompt-9.3.2.tgz. Extracting by manifest.
4024 silly tarball no local data for structured-headers@https://registry.npmjs.org/structured-headers/-/structured-headers-0.4.1.tgz. Extracting by manifest.
4025 silly tarball no local data for toqr@https://registry.npmjs.org/toqr/-/toqr-0.1.1.tgz. Extracting by manifest.
4026 silly tarball no local data for npm-package-arg@https://registry.npmjs.org/npm-package-arg/-/npm-package-arg-11.0.3.tgz. Extracting by manifest.
4027 silly tarball no local data for ora@https://registry.npmjs.org/ora/-/ora-3.4.0.tgz. Extracting by manifest.
4028 silly tarball no local data for terminal-link@https://registry.npmjs.org/terminal-link/-/terminal-link-2.1.1.tgz. Extracting by manifest.
4029 silly tarball no local data for lan-network@https://registry.npmjs.org/lan-network/-/lan-network-0.2.1.tgz. Extracting by manifest.
4030 silly tarball no local data for dnssd-advertise@https://registry.npmjs.org/dnssd-advertise/-/dnssd-advertise-1.1.6.tgz. Extracting by manifest.
4031 http cache @expo/cli@https://registry.npmjs.org/@expo/cli/-/cli-57.0.11.tgz 0ms (cache hit)
4032 silly tarball no local data for progress@https://registry.npmjs.org/progress/-/progress-2.0.3.tgz. Extracting by manifest.
4033 silly tarball no local data for multitars@https://registry.npmjs.org/multitars/-/multitars-1.0.0.tgz. Extracting by manifest.
4034 silly tarball no local data for agent-cli-detector@https://registry.npmjs.org/agent-cli-detector/-/agent-cli-detector-0.1.4.tgz. Extracting by manifest.
4035 silly tarball no local data for compression@https://registry.npmjs.org/compression/-/compression-1.8.1.tgz. Extracting by manifest.
4036 silly tarball no local data for fetch-nodeshim@https://registry.npmjs.org/fetch-nodeshim/-/fetch-nodeshim-0.4.10.tgz. Extracting by manifest.
4037 silly tarball no local data for @expo/xcpretty@https://registry.npmjs.org/@expo/xcpretty/-/xcpretty-4.4.4.tgz. Extracting by manifest.
4038 silly tarball no local data for prompts@https://registry.npmjs.org/prompts/-/prompts-2.4.2.tgz. Extracting by manifest.
4039 silly tarball no local data for @expo/osascript@https://registry.npmjs.org/@expo/osascript/-/osascript-2.7.1.tgz. Extracting by manifest.
4040 silly tarball no local data for @expo/metro-file-map@https://registry.npmjs.org/@expo/metro-file-map/-/metro-file-map-57.0.1.tgz. Extracting by manifest.
4041 silly tarball no local data for @expo/package-manager@https://registry.npmjs.org/@expo/package-manager/-/package-manager-1.13.1.tgz. Extracting by manifest.
4042 silly tarball no local data for node-forge@https://registry.npmjs.org/node-forge/-/node-forge-1.4.0.tgz. Extracting by manifest.
4043 silly tarball no local data for @expo/inline-modules@https://registry.npmjs.org/@expo/inline-modules/-/inline-modules-0.1.4.tgz. Extracting by manifest.
4044 silly tarball no local data for @expo/code-signing-certificates@https://registry.npmjs.org/@expo/code-signing-certificates/-/code-signing-certificates-0.0.6.tgz. Extracting by manifest.
4045 silly tarball no local data for @expo/devcert@https://registry.npmjs.org/@expo/devcert/-/devcert-1.2.1.tgz. Extracting by manifest.
4046 silly tarball no local data for @expo/prebuild-config@https://registry.npmjs.org/@expo/prebuild-config/-/prebuild-config-57.0.10.tgz. Extracting by manifest.
4047 silly tarball no local data for is-fullwidth-code-point@https://registry.npmjs.org/is-fullwidth-code-point/-/is-fullwidth-code-point-3.0.0.tgz. Extracting by manifest.
4048 silly tarball no local data for y18n@https://registry.npmjs.org/y18n/-/y18n-5.0.8.tgz. Extracting by manifest.
4049 silly tarball no local data for wrap-ansi@https://registry.npmjs.org/wrap-ansi/-/wrap-ansi-7.0.0.tgz. Extracting by manifest.
4050 silly tarball no local data for strip-ansi@https://registry.npmjs.org/strip-ansi/-/strip-ansi-6.0.1.tgz. Extracting by manifest.
4051 silly tarball no local data for string-width@https://registry.npmjs.org/string-width/-/string-width-4.2.3.tgz. Extracting by manifest.
4052 silly tarball no local data for yargs-parser@https://registry.npmjs.org/yargs-parser/-/yargs-parser-21.1.1.tgz. Extracting by manifest.
4053 silly tarball no local data for cliui@https://registry.npmjs.org/cliui/-/cliui-8.0.1.tgz. Extracting by manifest.
4054 silly tarball no local data for require-directory@https://registry.npmjs.org/require-directory/-/require-directory-2.1.1.tgz. Extracting by manifest.
4055 silly tarball no local data for get-caller-file@https://registry.npmjs.org/get-caller-file/-/get-caller-file-2.0.5.tgz. Extracting by manifest.
4056 silly tarball no local data for bplist-parser@https://registry.npmjs.org/bplist-parser/-/bplist-parser-0.3.1.tgz. Extracting by manifest.
4057 silly tarball no local data for big-integer@https://registry.npmjs.org/big-integer/-/big-integer-1.6.52.tgz. Extracting by manifest.
4058 silly tarball no local data for stream-buffers@https://registry.npmjs.org/stream-buffers/-/stream-buffers-2.2.0.tgz. Extracting by manifest.
4059 silly tarball no local data for uuid@https://registry.npmjs.org/uuid/-/uuid-7.0.3.tgz. Extracting by manifest.
4060 silly tarball no local data for bplist-creator@https://registry.npmjs.org/bplist-creator/-/bplist-creator-0.1.0.tgz. Extracting by manifest.
4061 silly tarball no local data for plist@https://registry.npmjs.org/plist/-/plist-3.1.1.tgz. Extracting by manifest.
4062 silly tarball no local data for simple-plist@https://registry.npmjs.org/simple-plist/-/simple-plist-1.3.1.tgz. Extracting by manifest.
4063 silly tarball no local data for emoji-regex@https://registry.npmjs.org/emoji-regex/-/emoji-regex-8.0.0.tgz. Extracting by manifest.
4064 silly tarball no local data for isexe@https://registry.npmjs.org/isexe/-/isexe-2.0.0.tgz. Extracting by manifest.
4065 silly tarball no local data for detect-node-es@https://registry.npmjs.org/detect-node-es/-/detect-node-es-1.1.0.tgz. Extracting by manifest.
4066 silly tarball no local data for makeerror@https://registry.npmjs.org/makeerror/-/makeerror-1.0.12.tgz. Extracting by manifest.
4067 silly tarball no local data for webidl-conversions@https://registry.npmjs.org/webidl-conversions/-/webidl-conversions-3.0.1.tgz. Extracting by manifest.
4068 silly tarball no local data for tmpl@https://registry.npmjs.org/tmpl/-/tmpl-1.0.5.tgz. Extracting by manifest.
4069 silly tarball no local data for tr46@https://registry.npmjs.org/tr46/-/tr46-0.0.3.tgz. Extracting by manifest.
4070 silly tarball no local data for use-sidecar@https://registry.npmjs.org/use-sidecar/-/use-sidecar-1.1.3.tgz. Extracting by manifest.
4071 silly tarball no local data for react-style-singleton@https://registry.npmjs.org/react-style-singleton/-/react-style-singleton-2.2.3.tgz. Extracting by manifest.
4072 silly tarball no local data for tslib@https://registry.npmjs.org/tslib/-/tslib-2.8.1.tgz. Extracting by manifest.
4073 silly tarball no local data for react-remove-scroll@https://registry.npmjs.org/react-remove-scroll/-/react-remove-scroll-2.7.2.tgz. Extracting by manifest.
4074 silly tarball no local data for use-callback-ref@https://registry.npmjs.org/use-callback-ref/-/use-callback-ref-1.3.3.tgz. Extracting by manifest.
4075 silly tarball no local data for sax@https://registry.npmjs.org/sax/-/sax-1.6.1.tgz. Extracting by manifest.
4076 silly tarball no local data for react-remove-scroll-bar@https://registry.npmjs.org/react-remove-scroll-bar/-/react-remove-scroll-bar-2.3.8.tgz. Extracting by manifest.
4077 silly tarball no local data for get-nonce@https://registry.npmjs.org/get-nonce/-/get-nonce-1.0.1.tgz. Extracting by manifest.
4078 silly tarball no local data for @radix-ui/react-dismissable-layer@https://registry.npmjs.org/@radix-ui/react-dismissable-layer/-/react-dismissable-layer-1.1.19.tgz. Extracting by manifest.
4079 silly tarball no local data for aria-hidden@https://registry.npmjs.org/aria-hidden/-/aria-hidden-1.2.6.tgz. Extracting by manifest.
4080 silly tarball no local data for @radix-ui/react-dialog@https://registry.npmjs.org/@radix-ui/react-dialog/-/react-dialog-1.1.23.tgz. Extracting by manifest.
4081 silly tarball no local data for escalade@https://registry.npmjs.org/escalade/-/escalade-3.2.0.tgz. Extracting by manifest.
4082 silly tarball no local data for @radix-ui/react-focus-scope@https://registry.npmjs.org/@radix-ui/react-focus-scope/-/react-focus-scope-1.1.16.tgz. Extracting by manifest.
4083 silly tarball no local data for @radix-ui/react-portal@https://registry.npmjs.org/@radix-ui/react-portal/-/react-portal-1.1.17.tgz. Extracting by manifest.
4084 silly tarball no local data for @radix-ui/react-focus-guards@https://registry.npmjs.org/@radix-ui/react-focus-guards/-/react-focus-guards-1.1.6.tgz. Extracting by manifest.
4085 silly tarball no local data for is-number@https://registry.npmjs.org/is-number/-/is-number-7.0.0.tgz. Extracting by manifest.
4086 silly tarball no local data for unicode-property-aliases-ecmascript@https://registry.npmjs.org/unicode-property-aliases-ecmascript/-/unicode-property-aliases-ecmascript-2.2.0.tgz. Extracting by manifest.
4087 silly tarball no local data for fdir@https://registry.npmjs.org/fdir/-/fdir-6.5.0.tgz. Extracting by manifest.
4088 silly tarball no local data for source-map-support@https://registry.npmjs.org/source-map-support/-/source-map-support-0.5.21.tgz. Extracting by manifest.
4089 silly tarball no local data for @jridgewell/source-map@https://registry.npmjs.org/@jridgewell/source-map/-/source-map-0.3.11.tgz. Extracting by manifest.
4090 silly tarball no local data for min-indent@https://registry.npmjs.org/min-indent/-/min-indent-1.0.1.tgz. Extracting by manifest.
4091 silly tarball no local data for buffer-from@https://registry.npmjs.org/buffer-from/-/buffer-from-1.1.2.tgz. Extracting by manifest.
4092 silly tarball no local data for type-fest@https://registry.npmjs.org/type-fest/-/type-fest-0.7.1.tgz. Extracting by manifest.
4093 silly tarball no local data for acorn@https://registry.npmjs.org/acorn/-/acorn-8.18.0.tgz. Extracting by manifest.
4094 silly tarball no local data for unicode-canonical-property-names-ecmascript@https://registry.npmjs.org/unicode-canonical-property-names-ecmascript/-/unicode-canonical-property-names-ecmascript-2.0.1.tgz. Extracting by manifest.
4095 silly tarball no local data for shebang-regex@https://registry.npmjs.org/shebang-regex/-/shebang-regex-3.0.0.tgz. Extracting by manifest.
4096 silly tarball no local data for setprototypeof@https://registry.npmjs.org/setprototypeof/-/setprototypeof-1.2.0.tgz. Extracting by manifest.
4097 silly tarball no local data for mime@https://registry.npmjs.org/mime/-/mime-1.6.0.tgz. Extracting by manifest.
4098 silly tarball no local data for is-arrayish@https://registry.npmjs.org/is-arrayish/-/is-arrayish-0.3.4.tgz. Extracting by manifest.
4099 silly tarball no local data for http-errors@https://registry.npmjs.org/http-errors/-/http-errors-2.0.1.tgz. Extracting by manifest.
4100 silly tarball no local data for etag@https://registry.npmjs.org/etag/-/etag-1.8.1.tgz. Extracting by manifest.
4101 silly tarball no local data for toidentifier@https://registry.npmjs.org/toidentifier/-/toidentifier-1.0.1.tgz. Extracting by manifest.
4102 silly tarball no local data for range-parser@https://registry.npmjs.org/range-parser/-/range-parser-1.2.1.tgz. Extracting by manifest.
4103 silly tarball no local data for destroy@https://registry.npmjs.org/destroy/-/destroy-1.2.0.tgz. Extracting by manifest.
4104 silly tarball no local data for fresh@https://registry.npmjs.org/fresh/-/fresh-0.5.2.tgz. Extracting by manifest.
4105 silly tarball no local data for has-flag@https://registry.npmjs.org/has-flag/-/has-flag-4.0.0.tgz. Extracting by manifest.
4106 silly tarball no local data for function-bind@https://registry.npmjs.org/function-bind/-/function-bind-1.1.2.tgz. Extracting by manifest.
4107 silly tarball no local data for send@https://registry.npmjs.org/send/-/send-0.19.2.tgz. Extracting by manifest.
4108 silly tarball no local data for path-parse@https://registry.npmjs.org/path-parse/-/path-parse-1.0.7.tgz. Extracting by manifest.
4109 silly tarball no local data for is-core-module@https://registry.npmjs.org/is-core-module/-/is-core-module-2.16.2.tgz. Extracting by manifest.
4110 silly tarball no local data for supports-preserve-symlinks-flag@https://registry.npmjs.org/supports-preserve-symlinks-flag/-/supports-preserve-symlinks-flag-1.0.0.tgz. Extracting by manifest.
4111 silly tarball no local data for depd@https://registry.npmjs.org/depd/-/depd-2.0.0.tgz. Extracting by manifest.
4112 silly tarball no local data for unicode-match-property-value-ecmascript@https://registry.npmjs.org/unicode-match-property-value-ecmascript/-/unicode-match-property-value-ecmascript-2.2.1.tgz. Extracting by manifest.
4113 silly tarball no local data for es-errors@https://registry.npmjs.org/es-errors/-/es-errors-1.3.0.tgz. Extracting by manifest.
4114 silly tarball no local data for unicode-match-property-ecmascript@https://registry.npmjs.org/unicode-match-property-ecmascript/-/unicode-match-property-ecmascript-2.0.0.tgz. Extracting by manifest.
4115 silly tarball no local data for hasown@https://registry.npmjs.org/hasown/-/hasown-2.0.4.tgz. Extracting by manifest.
4116 silly tarball no local data for regenerate-unicode-properties@https://registry.npmjs.org/regenerate-unicode-properties/-/regenerate-unicode-properties-10.2.2.tgz. Extracting by manifest.
4117 silly tarball no local data for regjsparser@https://registry.npmjs.org/regjsparser/-/regjsparser-0.13.2.tgz. Extracting by manifest.
4118 silly tarball no local data for regenerate@https://registry.npmjs.org/regenerate/-/regenerate-1.4.2.tgz. Extracting by manifest.
4119 silly tarball no local data for regjsgen@https://registry.npmjs.org/regjsgen/-/regjsgen-0.8.0.tgz. Extracting by manifest.
4120 silly tarball no local data for indent-string@https://registry.npmjs.org/indent-string/-/indent-string-4.0.0.tgz. Extracting by manifest.
4121 silly tarball no local data for @babel/plugin-transform-shorthand-properties@https://registry.npmjs.org/@babel/plugin-transform-shorthand-properties/-/plugin-transform-shorthand-properties-7.29.7.tgz. Extracting by manifest.
4122 silly tarball no local data for whatwg-url@https://registry.npmjs.org/whatwg-url/-/whatwg-url-5.0.0.tgz. Extracting by manifest.
4123 silly tarball no local data for strip-indent@https://registry.npmjs.org/strip-indent/-/strip-indent-3.0.0.tgz. Extracting by manifest.
4124 silly tarball no local data for @babel/plugin-transform-template-literals@https://registry.npmjs.org/@babel/plugin-transform-template-literals/-/plugin-transform-template-literals-7.29.7.tgz. Extracting by manifest.
4125 silly tarball no local data for @babel/plugin-transform-arrow-functions@https://registry.npmjs.org/@babel/plugin-transform-arrow-functions/-/plugin-transform-arrow-functions-7.29.7.tgz. Extracting by manifest.
4126 silly tarball no local data for node-fetch@https://registry.npmjs.org/node-fetch/-/node-fetch-2.7.0.tgz. Extracting by manifest.
4127 silly tarball no local data for setimmediate@https://registry.npmjs.org/setimmediate/-/setimmediate-1.0.5.tgz. Extracting by manifest.
4128 silly tarball no local data for ua-parser-js@https://registry.npmjs.org/ua-parser-js/-/ua-parser-js-1.0.41.tgz. Extracting by manifest.
4129 silly tarball no local data for css-in-js-utils@https://registry.npmjs.org/css-in-js-utils/-/css-in-js-utils-3.1.0.tgz. Extracting by manifest.
4130 silly tarball no local data for fbjs-css-vars@https://registry.npmjs.org/fbjs-css-vars/-/fbjs-css-vars-1.0.2.tgz. Extracting by manifest.
4131 silly tarball no local data for hyphenate-style-name@https://registry.npmjs.org/hyphenate-style-name/-/hyphenate-style-name-1.1.0.tgz. Extracting by manifest.
4132 silly tarball no local data for object-assign@https://registry.npmjs.org/object-assign/-/object-assign-4.1.1.tgz. Extracting by manifest.
4133 silly tarball no local data for styleq@https://registry.npmjs.org/styleq/-/styleq-0.1.3.tgz. Extracting by manifest.
4134 silly tarball no local data for postcss-value-parser@https://registry.npmjs.org/postcss-value-parser/-/postcss-value-parser-4.2.0.tgz. Extracting by manifest.
4135 silly tarball no local data for inline-style-prefixer@https://registry.npmjs.org/inline-style-prefixer/-/inline-style-prefixer-7.0.1.tgz. Extracting by manifest.
4136 silly tarball no local data for cross-fetch@https://registry.npmjs.org/cross-fetch/-/cross-fetch-3.2.0.tgz. Extracting by manifest.
4137 silly tarball no local data for fbjs@https://registry.npmjs.org/fbjs/-/fbjs-3.0.5.tgz. Extracting by manifest.
4138 silly tarball no local data for react-native-is-edge-to-edge@https://registry.npmjs.org/react-native-is-edge-to-edge/-/react-native-is-edge-to-edge-1.3.1.tgz. Extracting by manifest.
4139 silly tarball no local data for @types/react-test-renderer@https://registry.npmjs.org/@types/react-test-renderer/-/react-test-renderer-19.1.0.tgz. Extracting by manifest.
4140 silly tarball no local data for use-latest-callback@https://registry.npmjs.org/use-latest-callback/-/use-latest-callback-0.2.6.tgz. Extracting by manifest.
4141 silly tarball no local data for shell-quote@https://registry.npmjs.org/shell-quote/-/shell-quote-1.10.0.tgz. Extracting by manifest.
4142 silly tarball no local data for is-docker@https://registry.npmjs.org/is-docker/-/is-docker-2.2.1.tgz. Extracting by manifest.
4143 silly tarball no local data for warn-once@https://registry.npmjs.org/warn-once/-/warn-once-0.1.1.tgz. Extracting by manifest.
4144 silly tarball no local data for marky@https://registry.npmjs.org/marky/-/marky-1.3.0.tgz. Extracting by manifest.
4145 silly tarball no local data for mkdirp@https://registry.npmjs.org/mkdirp/-/mkdirp-1.0.4.tgz. Extracting by manifest.
4146 silly tarball no local data for react-freeze@https://registry.npmjs.org/react-freeze/-/react-freeze-1.0.4.tgz. Extracting by manifest.
4147 silly tarball no local data for lighthouse-logger@https://registry.npmjs.org/lighthouse-logger/-/lighthouse-logger-1.4.2.tgz. Extracting by manifest.
4148 silly tarball no local data for asap@https://registry.npmjs.org/asap/-/asap-2.0.6.tgz. Extracting by manifest.
4149 silly tarball no local data for is-wsl@https://registry.npmjs.org/is-wsl/-/is-wsl-2.2.0.tgz. Extracting by manifest.
4150 silly tarball no local data for fb-dotslash@https://registry.npmjs.org/fb-dotslash/-/fb-dotslash-0.5.8.tgz. Extracting by manifest.
4151 silly tarball no local data for serve-static@https://registry.npmjs.org/serve-static/-/serve-static-1.16.3.tgz. Extracting by manifest.
4152 silly tarball no local data for event-target-shim@https://registry.npmjs.org/event-target-shim/-/event-target-shim-5.0.1.tgz. Extracting by manifest.
4153 silly tarball no local data for open@https://registry.npmjs.org/open/-/open-7.4.2.tgz. Extracting by manifest.
4154 silly tarball no local data for @react-native/debugger-shell@https://registry.npmjs.org/@react-native/debugger-shell/-/debugger-shell-0.86.2.tgz. Extracting by manifest.
4155 silly tarball no local data for chromium-edge-launcher@https://registry.npmjs.org/chromium-edge-launcher/-/chromium-edge-launcher-0.3.0.tgz. Extracting by manifest.
4156 silly tarball no local data for chrome-launcher@https://registry.npmjs.org/chrome-launcher/-/chrome-launcher-0.15.2.tgz. Extracting by manifest.
4157 silly tarball no local data for @isaacs/ttlcache@https://registry.npmjs.org/@isaacs/ttlcache/-/ttlcache-1.4.1.tgz. Extracting by manifest.
4158 silly tarball no local data for @react-native/dev-middleware@https://registry.npmjs.org/@react-native/dev-middleware/-/dev-middleware-0.86.2.tgz. Extracting by manifest.
4159 silly tarball no local data for @react-native/debugger-frontend@https://registry.npmjs.org/@react-native/debugger-frontend/-/debugger-frontend-0.86.2.tgz. Extracting by manifest.
4160 silly tarball no local data for memoize-one@https://registry.npmjs.org/memoize-one/-/memoize-one-5.2.1.tgz. Extracting by manifest.
4161 silly tarball no local data for promise@https://registry.npmjs.org/promise/-/promise-8.3.0.tgz. Extracting by manifest.
4162 silly tarball no local data for regenerator-runtime@https://registry.npmjs.org/regenerator-runtime/-/regenerator-runtime-0.13.11.tgz. Extracting by manifest.
4163 silly tarball no local data for react-devtools-core@https://registry.npmjs.org/react-devtools-core/-/react-devtools-core-6.1.5.tgz. Extracting by manifest.
4164 silly tarball no local data for ansi-regex@https://registry.npmjs.org/ansi-regex/-/ansi-regex-5.0.1.tgz. Extracting by manifest.
4165 silly tarball no local data for abort-controller@https://registry.npmjs.org/abort-controller/-/abort-controller-3.0.0.tgz. Extracting by manifest.
4166 silly tarball no local data for @react-native/normalize-colors@https://registry.npmjs.org/@react-native/normalize-colors/-/normalize-colors-0.86.2.tgz. Extracting by manifest.
4167 silly tarball no local data for @react-native/virtualized-lists@https://registry.npmjs.org/@react-native/virtualized-lists/-/virtualized-lists-0.86.2.tgz. Extracting by manifest.
4168 silly tarball no local data for @react-native/gradle-plugin@https://registry.npmjs.org/@react-native/gradle-plugin/-/gradle-plugin-0.86.2.tgz. Extracting by manifest.
4169 silly tarball no local data for @react-native/community-cli-plugin@https://registry.npmjs.org/@react-native/community-cli-plugin/-/community-cli-plugin-0.86.2.tgz. Extracting by manifest.
4170 silly tarball no local data for hermes-compiler@https://registry.npmjs.org/hermes-compiler/-/hermes-compiler-250829098.0.16.tgz. Extracting by manifest.
4171 silly tarball no local data for @react-native/assets-registry@https://registry.npmjs.org/@react-native/assets-registry/-/assets-registry-0.86.2.tgz. Extracting by manifest.
4172 silly tarball no local data for scheduler@https://registry.npmjs.org/scheduler/-/scheduler-0.27.0.tgz. Extracting by manifest.
4173 silly tarball no local data for inherits@https://registry.npmjs.org/inherits/-/inherits-2.0.4.tgz. Extracting by manifest.
4174 silly tarball no local data for strict-uri-encode@https://registry.npmjs.org/strict-uri-encode/-/strict-uri-encode-2.0.0.tgz. Extracting by manifest.
4175 silly tarball no local data for split-on-first@https://registry.npmjs.org/split-on-first/-/split-on-first-1.1.0.tgz. Extracting by manifest.
4176 silly tarball no local data for filter-obj@https://registry.npmjs.org/filter-obj/-/filter-obj-1.1.0.tgz. Extracting by manifest.
4177 silly tarball no local data for pngjs@https://registry.npmjs.org/pngjs/-/pngjs-3.4.0.tgz. Extracting by manifest.
4178 silly tarball no local data for decode-uri-component@https://registry.npmjs.org/decode-uri-component/-/decode-uri-component-0.2.2.tgz. Extracting by manifest.
4179 silly tarball no local data for ee-first@https://registry.npmjs.org/ee-first/-/ee-first-1.1.1.tgz. Extracting by manifest.
4180 silly tarball no local data for source-map-js@https://registry.npmjs.org/source-map-js/-/source-map-js-1.2.1.tgz. Extracting by manifest.
4181 silly tarball no local data for brace-expansion@https://registry.npmjs.org/brace-expansion/-/brace-expansion-5.0.8.tgz. Extracting by manifest.
4182 silly tarball no local data for to-regex-range@https://registry.npmjs.org/to-regex-range/-/to-regex-range-5.0.1.tgz. Extracting by manifest.
4183 silly tarball no local data for braces@https://registry.npmjs.org/braces/-/braces-3.0.3.tgz. Extracting by manifest.
4184 silly tarball no local data for mime-db@https://registry.npmjs.org/mime-db/-/mime-db-1.54.0.tgz. Extracting by manifest.
4185 silly tarball no local data for fill-range@https://registry.npmjs.org/fill-range/-/fill-range-7.1.1.tgz. Extracting by manifest.
4186 silly tarball no local data for ob1@https://registry.npmjs.org/ob1/-/ob1-0.84.4.tgz. Extracting by manifest.
4187 silly tarball no local data for balanced-match@https://registry.npmjs.org/balanced-match/-/balanced-match-4.0.4.tgz. Extracting by manifest.
4188 silly tarball no local data for vlq@https://registry.npmjs.org/vlq/-/vlq-1.0.1.tgz. Extracting by manifest.
4189 silly tarball no local data for node-int64@https://registry.npmjs.org/node-int64/-/node-int64-0.4.0.tgz. Extracting by manifest.
4190 silly tarball no local data for terser@https://registry.npmjs.org/terser/-/terser-5.49.0.tgz. Extracting by manifest.
4191 silly tarball no local data for leven@https://registry.npmjs.org/leven/-/leven-3.1.0.tgz. Extracting by manifest.
4192 silly tarball no local data for walker@https://registry.npmjs.org/walker/-/walker-1.0.8.tgz. Extracting by manifest.
4193 silly tarball no local data for bser@https://registry.npmjs.org/bser/-/bser-2.1.1.tgz. Extracting by manifest.
4194 silly tarball no local data for fb-watchman@https://registry.npmjs.org/fb-watchman/-/fb-watchman-2.0.2.tgz. Extracting by manifest.
4195 silly tarball no local data for jest-get-type@https://registry.npmjs.org/jest-get-type/-/jest-get-type-29.6.3.tgz. Extracting by manifest.
4196 silly tarball no local data for agent-base@https://registry.npmjs.org/agent-base/-/agent-base-7.1.4.tgz. Extracting by manifest.
4197 silly tarball no local data for camelcase@https://registry.npmjs.org/camelcase/-/camelcase-6.3.0.tgz. Extracting by manifest.
4198 silly tarball no local data for https-proxy-agent@https://registry.npmjs.org/https-proxy-agent/-/https-proxy-agent-7.0.6.tgz. Extracting by manifest.
4199 silly tarball no local data for jest-validate@https://registry.npmjs.org/jest-validate/-/jest-validate-29.7.0.tgz. Extracting by manifest.
4200 silly tarball no local data for micromatch@https://registry.npmjs.org/micromatch/-/micromatch-4.0.8.tgz. Extracting by manifest.
4201 silly tarball no local data for @types/istanbul-lib-report@https://registry.npmjs.org/@types/istanbul-lib-report/-/istanbul-lib-report-3.0.3.tgz. Extracting by manifest.
4202 silly tarball no local data for @types/yargs-parser@https://registry.npmjs.org/@types/yargs-parser/-/yargs-parser-21.0.3.tgz. Extracting by manifest.
4203 silly tarball no local data for @sinclair/typebox@https://registry.npmjs.org/@sinclair/typebox/-/typebox-0.27.12.tgz. Extracting by manifest.
4204 silly tarball no local data for exponential-backoff@https://registry.npmjs.org/exponential-backoff/-/exponential-backoff-3.1.3.tgz. Extracting by manifest.
4205 silly tarball no local data for @types/yargs@https://registry.npmjs.org/@types/yargs/-/yargs-17.0.35.tgz. Extracting by manifest.
4206 silly tarball no local data for yaml@https://registry.npmjs.org/yaml/-/yaml-2.9.0.tgz. Extracting by manifest.
4207 silly tarball no local data for undici-types@https://registry.npmjs.org/undici-types/-/undici-types-8.3.0.tgz. Extracting by manifest.
4208 silly tarball no local data for @types/istanbul-reports@https://registry.npmjs.org/@types/istanbul-reports/-/istanbul-reports-3.0.4.tgz. Extracting by manifest.
4209 silly tarball no local data for @jest/schemas@https://registry.npmjs.org/@jest/schemas/-/schemas-29.6.3.tgz. Extracting by manifest.
4210 silly tarball no local data for @types/istanbul-lib-coverage@https://registry.npmjs.org/@types/istanbul-lib-coverage/-/istanbul-lib-coverage-2.0.6.tgz. Extracting by manifest.
4211 silly tarball no local data for @jest/types@https://registry.npmjs.org/@jest/types/-/types-29.6.3.tgz. Extracting by manifest.
4212 silly tarball no local data for @types/node@https://registry.npmjs.org/@types/node/-/node-26.1.2.tgz. Extracting by manifest.
4213 silly tarball no local data for queue@https://registry.npmjs.org/queue/-/queue-6.0.2.tgz. Extracting by manifest.
4214 silly tarball no local data for merge-stream@https://registry.npmjs.org/merge-stream/-/merge-stream-2.0.0.tgz. Extracting by manifest.
4215 silly tarball no local data for unpipe@https://registry.npmjs.org/unpipe/-/unpipe-1.0.0.tgz. Extracting by manifest.
4216 silly tarball no local data for jest-util@https://registry.npmjs.org/jest-util/-/jest-util-29.7.0.tgz. Extracting by manifest.
4217 silly tarball no local data for statuses@https://registry.npmjs.org/statuses/-/statuses-1.5.0.tgz. Extracting by manifest.
4218 silly tarball no local data for on-finished@https://registry.npmjs.org/on-finished/-/on-finished-2.3.0.tgz. Extracting by manifest.
4219 silly tarball no local data for escape-html@https://registry.npmjs.org/escape-html/-/escape-html-1.0.3.tgz. Extracting by manifest.
4220 silly tarball no local data for utils-merge@https://registry.npmjs.org/utils-merge/-/utils-merge-1.0.1.tgz. Extracting by manifest.
4221 silly tarball no local data for finalhandler@https://registry.npmjs.org/finalhandler/-/finalhandler-1.1.2.tgz. Extracting by manifest.
4222 silly tarball no local data for ws@https://registry.npmjs.org/ws/-/ws-7.5.13.tgz. Extracting by manifest.
4223 silly tarball no local data for encodeurl@https://registry.npmjs.org/encodeurl/-/encodeurl-1.0.2.tgz. Extracting by manifest.
4224 silly tarball no local data for parseurl@https://registry.npmjs.org/parseurl/-/parseurl-1.3.3.tgz. Extracting by manifest.
4225 silly tarball no local data for throat@https://registry.npmjs.org/throat/-/throat-5.0.0.tgz. Extracting by manifest.
4226 silly tarball no local data for negotiator@https://registry.npmjs.org/negotiator/-/negotiator-1.0.0.tgz. Extracting by manifest.
4227 silly tarball no local data for source-map@https://registry.npmjs.org/source-map/-/source-map-0.5.7.tgz. Extracting by manifest.
4228 silly tarball no local data for lodash.throttle@https://registry.npmjs.org/lodash.throttle/-/lodash.throttle-4.1.1.tgz. Extracting by manifest.
4229 silly tarball no local data for serialize-error@https://registry.npmjs.org/serialize-error/-/serialize-error-2.1.0.tgz. Extracting by manifest.
4230 silly tarball no local data for jest-worker@https://registry.npmjs.org/jest-worker/-/jest-worker-29.7.0.tgz. Extracting by manifest.
4231 silly tarball no local data for image-size@https://registry.npmjs.org/image-size/-/image-size-1.2.1.tgz. Extracting by manifest.
4232 silly tarball no local data for mime-types@https://registry.npmjs.org/mime-types/-/mime-types-3.0.2.tgz. Extracting by manifest.
4233 silly tarball no local data for graceful-fs@https://registry.npmjs.org/graceful-fs/-/graceful-fs-4.2.11.tgz. Extracting by manifest.
4234 silly tarball no local data for flow-enums-runtime@https://registry.npmjs.org/flow-enums-runtime/-/flow-enums-runtime-0.0.6.tgz. Extracting by manifest.
4235 silly tarball no local data for error-stack-parser@https://registry.npmjs.org/error-stack-parser/-/error-stack-parser-2.1.4.tgz. Extracting by manifest.
4236 silly tarball no local data for stackframe@https://registry.npmjs.org/stackframe/-/stackframe-1.3.4.tgz. Extracting by manifest.
4237 silly tarball no local data for ci-info@https://registry.npmjs.org/ci-info/-/ci-info-2.0.0.tgz. Extracting by manifest.
4238 silly tarball no local data for connect@https://registry.npmjs.org/connect/-/connect-3.7.0.tgz. Extracting by manifest.
4239 silly tarball no local data for lightningcss-darwin-arm64@https://registry.npmjs.org/lightningcss-darwin-arm64/-/lightningcss-darwin-arm64-1.33.0.tgz. Extracting by manifest.
4240 silly tarball no local data for detect-libc@https://registry.npmjs.org/detect-libc/-/detect-libc-2.1.2.tgz. Extracting by manifest.
4241 silly tarball no local data for loose-envify@https://registry.npmjs.org/loose-envify/-/loose-envify-1.4.0.tgz. Extracting by manifest.
4242 silly tarball no local data for accepts@https://registry.npmjs.org/accepts/-/accepts-2.0.0.tgz. Extracting by manifest.
4243 silly tarball no local data for yallist@https://registry.npmjs.org/yallist/-/yallist-3.1.1.tgz. Extracting by manifest.
4244 silly tarball no local data for hermes-estree@https://registry.npmjs.org/hermes-estree/-/hermes-estree-0.36.0.tgz. Extracting by manifest.
4245 silly tarball no local data for minipass@https://registry.npmjs.org/minipass/-/minipass-7.1.3.tgz. Extracting by manifest.
4246 silly tarball no local data for path-scurry@https://registry.npmjs.org/path-scurry/-/path-scurry-2.0.2.tgz. Extracting by manifest.
4247 silly tarball no local data for redent@https://registry.npmjs.org/redent/-/redent-3.0.0.tgz. Extracting by manifest.
4248 silly tarball no local data for color-string@https://registry.npmjs.org/color-string/-/color-string-1.9.1.tgz. Extracting by manifest.
4249 silly tarball no local data for simple-swizzle@https://registry.npmjs.org/simple-swizzle/-/simple-swizzle-0.2.4.tgz. Extracting by manifest.
4250 silly tarball no local data for css.escape@https://registry.npmjs.org/css.escape/-/css.escape-1.5.1.tgz. Extracting by manifest.
4251 silly tarball no local data for @expo-google-fonts/material-symbols@https://registry.npmjs.org/@expo-google-fonts/material-symbols/-/material-symbols-0.4.42.tgz. Extracting by manifest.
4252 silly tarball no local data for dom-accessibility-api@https://registry.npmjs.org/dom-accessibility-api/-/dom-accessibility-api-0.5.16.tgz. Extracting by manifest.
4253 silly tarball no local data for @adobe/css-tools@https://registry.npmjs.org/@adobe/css-tools/-/css-tools-4.5.0.tgz. Extracting by manifest.
4254 silly tarball no local data for @types/aria-query@https://registry.npmjs.org/@types/aria-query/-/aria-query-5.0.4.tgz. Extracting by manifest.
4255 silly tarball no local data for lz-string@https://registry.npmjs.org/lz-string/-/lz-string-1.5.0.tgz. Extracting by manifest.
4256 silly tarball no local data for @radix-ui/react-use-is-hydrated@https://registry.npmjs.org/@radix-ui/react-use-is-hydrated/-/react-use-is-hydrated-0.1.3.tgz. Extracting by manifest.
4257 silly tarball no local data for dequal@https://registry.npmjs.org/dequal/-/dequal-2.0.3.tgz. Extracting by manifest.
4258 silly tarball no local data for aria-query@https://registry.npmjs.org/aria-query/-/aria-query-5.3.0.tgz. Extracting by manifest.
4259 silly tarball no local data for @radix-ui/react-use-effect-event@https://registry.npmjs.org/@radix-ui/react-use-effect-event/-/react-use-effect-event-0.0.5.tgz. Extracting by manifest.
4260 silly tarball no local data for @radix-ui/react-collection@https://registry.npmjs.org/@radix-ui/react-collection/-/react-collection-1.1.15.tgz. Extracting by manifest.
4261 silly tarball no local data for @radix-ui/react-use-layout-effect@https://registry.npmjs.org/@radix-ui/react-use-layout-effect/-/react-use-layout-effect-1.1.4.tgz. Extracting by manifest.
4262 silly tarball no local data for @radix-ui/react-use-controllable-state@https://registry.npmjs.org/@radix-ui/react-use-controllable-state/-/react-use-controllable-state-1.2.6.tgz. Extracting by manifest.
4263 silly tarball no local data for @radix-ui/react-primitive@https://registry.npmjs.org/@radix-ui/react-primitive/-/react-primitive-2.1.10.tgz. Extracting by manifest.
4264 silly tarball no local data for @radix-ui/react-roving-focus@https://registry.npmjs.org/@radix-ui/react-roving-focus/-/react-roving-focus-1.1.19.tgz. Extracting by manifest.
4265 silly tarball no local data for @radix-ui/react-use-callback-ref@https://registry.npmjs.org/@radix-ui/react-use-callback-ref/-/react-use-callback-ref-1.1.4.tgz. Extracting by manifest.
4266 silly tarball no local data for @radix-ui/react-id@https://registry.npmjs.org/@radix-ui/react-id/-/react-id-1.1.4.tgz. Extracting by manifest.
4267 silly tarball no local data for @radix-ui/react-context@https://registry.npmjs.org/@radix-ui/react-context/-/react-context-1.2.2.tgz. Extracting by manifest.
4268 silly tarball no local data for whatwg-fetch@https://registry.npmjs.org/whatwg-fetch/-/whatwg-fetch-3.6.20.tgz. Extracting by manifest.
4269 silly tarball no local data for @radix-ui/react-presence@https://registry.npmjs.org/@radix-ui/react-presence/-/react-presence-1.1.10.tgz. Extracting by manifest.
4270 silly tarball no local data for vaul@https://registry.npmjs.org/vaul/-/vaul-1.1.2.tgz. Extracting by manifest.
4271 silly tarball no local data for @radix-ui/primitive@https://registry.npmjs.org/@radix-ui/primitive/-/primitive-1.1.7.tgz. Extracting by manifest.
4272 silly tarball no local data for @radix-ui/react-compose-refs@https://registry.npmjs.org/@radix-ui/react-compose-refs/-/react-compose-refs-1.1.5.tgz. Extracting by manifest.
4273 silly tarball no local data for @radix-ui/react-direction@https://registry.npmjs.org/@radix-ui/react-direction/-/react-direction-1.1.4.tgz. Extracting by manifest.
4274 silly tarball no local data for shallowequal@https://registry.npmjs.org/shallowequal/-/shallowequal-1.1.0.tgz. Extracting by manifest.
4275 silly tarball no local data for react-native-drawer-layout@https://registry.npmjs.org/react-native-drawer-layout/-/react-native-drawer-layout-4.2.9.tgz. Extracting by manifest.
4276 silly tarball no local data for standard-navigation@https://registry.npmjs.org/standard-navigation/-/standard-navigation-0.0.5.tgz. Extracting by manifest.
4277 silly tarball no local data for sf-symbols-typescript@https://registry.npmjs.org/sf-symbols-typescript/-/sf-symbols-typescript-2.2.0.tgz. Extracting by manifest.
4278 silly tarball no local data for react-native-gesture-handler@https://registry.npmjs.org/react-native-gesture-handler/-/react-native-gesture-handler-3.1.0.tgz. Extracting by manifest.
4279 silly tarball no local data for server-only@https://registry.npmjs.org/server-only/-/server-only-0.0.1.tgz. Extracting by manifest.
4280 silly tarball no local data for query-string@https://registry.npmjs.org/query-string/-/query-string-7.1.3.tgz. Extracting by manifest.
4281 silly tarball no local data for react-fast-compare@https://registry.npmjs.org/react-fast-compare/-/react-fast-compare-3.2.2.tgz. Extracting by manifest.
4282 silly tarball no local data for nanoid@https://registry.npmjs.org/nanoid/-/nanoid-3.3.16.tgz. Extracting by manifest.
4283 silly tarball no local data for expo-server@https://registry.npmjs.org/expo-server/-/expo-server-57.0.1.tgz. Extracting by manifest.
4284 silly tarball no local data for fast-deep-equal@https://registry.npmjs.org/fast-deep-equal/-/fast-deep-equal-3.1.3.tgz. Extracting by manifest.
4285 silly tarball no local data for color@https://registry.npmjs.org/color/-/color-4.2.3.tgz. Extracting by manifest.
4286 silly tarball no local data for client-only@https://registry.npmjs.org/client-only/-/client-only-0.0.1.tgz. Extracting by manifest.
4287 silly tarball no local data for react-is@https://registry.npmjs.org/react-is/-/react-is-19.2.8.tgz. Extracting by manifest.
4288 silly tarball no local data for expo-glass-effect@https://registry.npmjs.org/expo-glass-effect/-/expo-glass-effect-57.0.1.tgz. Extracting by manifest.
4289 silly tarball no local data for @testing-library/dom@https://registry.npmjs.org/@testing-library/dom/-/dom-10.4.1.tgz. Extracting by manifest.
4290 silly tarball no local data for escape-string-regexp@https://registry.npmjs.org/escape-string-regexp/-/escape-string-regexp-4.0.0.tgz. Extracting by manifest.
4291 silly tarball no local data for @react-native-masked-view/masked-view@https://registry.npmjs.org/@react-native-masked-view/masked-view/-/masked-view-0.3.2.tgz. Extracting by manifest.
4292 silly tarball no local data for @testing-library/jest-dom@https://registry.npmjs.org/@testing-library/jest-dom/-/jest-dom-6.9.1.tgz. Extracting by manifest.
4293 silly tarball no local data for @radix-ui/react-slot@https://registry.npmjs.org/@radix-ui/react-slot/-/react-slot-1.3.3.tgz. Extracting by manifest.
4294 silly tarball no local data for @testing-library/user-event@https://registry.npmjs.org/@testing-library/user-event/-/user-event-14.6.1.tgz. Extracting by manifest.
4295 silly tarball no local data for @expo/schema-utils@https://registry.npmjs.org/@expo/schema-utils/-/schema-utils-57.0.2.tgz. Extracting by manifest.
4296 silly tarball no local data for @radix-ui/react-tabs@https://registry.npmjs.org/@radix-ui/react-tabs/-/react-tabs-1.1.21.tgz. Extracting by manifest.
4297 silly tarball no local data for @expo/metro-runtime@https://registry.npmjs.org/@expo/metro-runtime/-/metro-runtime-57.0.8.tgz. Extracting by manifest.
4298 silly tarball no local data for fontfaceobserver@https://registry.npmjs.org/fontfaceobserver/-/fontfaceobserver-2.3.0.tgz. Extracting by manifest.
4299 silly tarball no local data for parse-png@https://registry.npmjs.org/parse-png/-/parse-png-2.1.0.tgz. Extracting by manifest.
4300 silly tarball no local data for expo-modules-jsi@https://registry.npmjs.org/expo-modules-jsi/-/expo-modules-jsi-57.0.4.tgz. Extracting by manifest.
4301 silly tarball no local data for jimp-compact@https://registry.npmjs.org/jimp-compact/-/jimp-compact-0.16.1.tgz. Extracting by manifest.
4302 silly tarball no local data for @expo/ui@https://registry.npmjs.org/@expo/ui/-/ui-57.0.8.tgz. Extracting by manifest.
4303 silly tarball no local data for @expo/expo-modules-macros-plugin@https://registry.npmjs.org/@expo/expo-modules-macros-plugin/-/expo-modules-macros-plugin-0.6.1.tgz. Extracting by manifest.
4304 silly tarball no local data for which@https://registry.npmjs.org/which/-/which-2.0.2.tgz. Extracting by manifest.
4305 silly tarball no local data for @expo/image-utils@https://registry.npmjs.org/@expo/image-utils/-/image-utils-0.11.4.tgz. Extracting by manifest.
4306 silly tarball no local data for path-key@https://registry.npmjs.org/path-key/-/path-key-3.1.1.tgz. Extracting by manifest.
4307 silly tarball no local data for supports-color@https://registry.npmjs.org/supports-color/-/supports-color-7.2.0.tgz. Extracting by manifest.
4308 silly tarball no local data for commander@https://registry.npmjs.org/commander/-/commander-7.2.0.tgz. Extracting by manifest.
4309 silly tarball no local data for shebang-command@https://registry.npmjs.org/shebang-command/-/shebang-command-2.0.0.tgz. Extracting by manifest.
4310 silly tarball no local data for ansi-styles@https://registry.npmjs.org/ansi-styles/-/ansi-styles-4.3.0.tgz. Extracting by manifest.
4311 silly tarball no local data for @babel/plugin-syntax-decorators@https://registry.npmjs.org/@babel/plugin-syntax-decorators/-/plugin-syntax-decorators-7.29.7.tgz. Extracting by manifest.
4312 silly tarball no local data for babel-plugin-react-native-web@https://registry.npmjs.org/babel-plugin-react-native-web/-/babel-plugin-react-native-web-0.21.2.tgz. Extracting by manifest.
4313 silly tarball no local data for @babel/preset-typescript@https://registry.npmjs.org/@babel/preset-typescript/-/preset-typescript-7.29.7.tgz. Extracting by manifest.
4314 silly tarball no local data for babel-plugin-react-compiler@https://registry.npmjs.org/babel-plugin-react-compiler/-/babel-plugin-react-compiler-1.0.0.tgz. Extracting by manifest.
4315 silly tarball no local data for @babel/plugin-transform-react-pure-annotations@https://registry.npmjs.org/@babel/plugin-transform-react-pure-annotations/-/plugin-transform-react-pure-annotations-7.29.7.tgz. Extracting by manifest.
4316 silly tarball no local data for color-name@https://registry.npmjs.org/color-name/-/color-name-1.1.4.tgz. Extracting by manifest.
4317 silly tarball no local data for color-convert@https://registry.npmjs.org/color-convert/-/color-convert-2.0.1.tgz. Extracting by manifest.
4318 silly tarball no local data for @babel/plugin-transform-react-jsx-development@https://registry.npmjs.org/@babel/plugin-transform-react-jsx-development/-/plugin-transform-react-jsx-development-7.29.7.tgz. Extracting by manifest.
4319 silly tarball no local data for @babel/plugin-transform-parameters@https://registry.npmjs.org/@babel/plugin-transform-parameters/-/plugin-transform-parameters-7.29.7.tgz. Extracting by manifest.
4320 silly tarball no local data for @babel/plugin-transform-logical-assignment-operators@https://registry.npmjs.org/@babel/plugin-transform-logical-assignment-operators/-/plugin-transform-logical-assignment-operators-7.29.7.tgz. Extracting by manifest.
4321 silly tarball no local data for @babel/plugin-proposal-decorators@https://registry.npmjs.org/@babel/plugin-proposal-decorators/-/plugin-proposal-decorators-7.29.7.tgz. Extracting by manifest.
4322 silly tarball no local data for @babel/plugin-transform-object-rest-spread@https://registry.npmjs.org/@babel/plugin-transform-object-rest-spread/-/plugin-transform-object-rest-spread-7.29.7.tgz. Extracting by manifest.
4323 silly tarball no local data for xmlbuilder@https://registry.npmjs.org/xmlbuilder/-/xmlbuilder-15.1.1.tgz. Extracting by manifest.
4324 silly tarball no local data for @babel/plugin-transform-class-static-block@https://registry.npmjs.org/@babel/plugin-transform-class-static-block/-/plugin-transform-class-static-block-7.29.7.tgz. Extracting by manifest.
4325 silly tarball no local data for cross-spawn@https://registry.npmjs.org/cross-spawn/-/cross-spawn-7.0.6.tgz. Extracting by manifest.
4326 silly tarball no local data for @babel/plugin-transform-export-namespace-from@https://registry.npmjs.org/@babel/plugin-transform-export-namespace-from/-/plugin-transform-export-namespace-from-7.29.7.tgz. Extracting by manifest.
4327 silly tarball no local data for base64-js@https://registry.npmjs.org/base64-js/-/base64-js-1.5.1.tgz. Extracting by manifest.
4328 silly tarball no local data for picomatch@https://registry.npmjs.org/picomatch/-/picomatch-4.0.5.tgz. Extracting by manifest.
4329 silly tarball no local data for postcss@https://registry.npmjs.org/postcss/-/postcss-8.5.25.tgz. Extracting by manifest.
4330 silly tarball no local data for metro-transform-plugins@https://registry.npmjs.org/metro-transform-plugins/-/metro-transform-plugins-0.84.4.tgz. Extracting by manifest.
4331 silly tarball no local data for metro-transform-worker@https://registry.npmjs.org/metro-transform-worker/-/metro-transform-worker-0.84.4.tgz. Extracting by manifest.
4332 silly tarball no local data for lightningcss@https://registry.npmjs.org/lightningcss/-/lightningcss-1.33.0.tgz. Extracting by manifest.
4333 silly tarball no local data for jsc-safe-url@https://registry.npmjs.org/jsc-safe-url/-/jsc-safe-url-0.2.4.tgz. Extracting by manifest.
4334 silly tarball no local data for metro-symbolicate@https://registry.npmjs.org/metro-symbolicate/-/metro-symbolicate-0.84.4.tgz. Extracting by manifest.
4335 silly tarball no local data for metro-source-map@https://registry.npmjs.org/metro-source-map/-/metro-source-map-0.84.4.tgz. Extracting by manifest.
4336 silly tarball no local data for metro-resolver@https://registry.npmjs.org/metro-resolver/-/metro-resolver-0.84.4.tgz. Extracting by manifest.
4337 silly tarball no local data for metro-file-map@https://registry.npmjs.org/metro-file-map/-/metro-file-map-0.84.4.tgz. Extracting by manifest.
4338 silly tarball no local data for metro-cache-key@https://registry.npmjs.org/metro-cache-key/-/metro-cache-key-0.84.4.tgz. Extracting by manifest.
4339 silly tarball no local data for metro-core@https://registry.npmjs.org/metro-core/-/metro-core-0.84.4.tgz. Extracting by manifest.
4340 silly tarball no local data for @xmldom/xmldom@https://registry.npmjs.org/@xmldom/xmldom/-/xmldom-0.8.13.tgz. Extracting by manifest.
4341 silly tarball no local data for metro-babel-transformer@https://registry.npmjs.org/metro-babel-transformer/-/metro-babel-transformer-0.84.4.tgz. Extracting by manifest.
4342 silly tarball no local data for metro@https://registry.npmjs.org/metro/-/metro-0.84.4.tgz. Extracting by manifest.
4343 silly tarball no local data for metro-minify-terser@https://registry.npmjs.org/metro-minify-terser/-/metro-minify-terser-0.84.4.tgz. Extracting by manifest.
4344 silly tarball no local data for resolve-from@https://registry.npmjs.org/resolve-from/-/resolve-from-5.0.0.tgz. Extracting by manifest.
4345 silly tarball no local data for metro-cache@https://registry.npmjs.org/metro-cache/-/metro-cache-0.84.4.tgz. Extracting by manifest.
4346 silly tarball no local data for anser@https://registry.npmjs.org/anser/-/anser-1.4.10.tgz. Extracting by manifest.
4347 silly tarball no local data for minimatch@https://registry.npmjs.org/minimatch/-/minimatch-10.2.6.tgz. Extracting by manifest.
4348 silly tarball no local data for stacktrace-parser@https://registry.npmjs.org/stacktrace-parser/-/stacktrace-parser-0.1.11.tgz. Extracting by manifest.
4349 silly tarball no local data for @expo/spawn-async@https://registry.npmjs.org/@expo/spawn-async/-/spawn-async-1.8.0.tgz. Extracting by manifest.
4350 silly tarball no local data for ignore@https://registry.npmjs.org/ignore/-/ignore-5.3.2.tgz. Extracting by manifest.
4351 silly tarball no local data for xml2js@https://registry.npmjs.org/xml2js/-/xml2js-0.6.0.tgz. Extracting by manifest.
4352 silly tarball no local data for chalk@https://registry.npmjs.org/chalk/-/chalk-4.1.2.tgz. Extracting by manifest.
4353 silly tarball no local data for @expo/plist@https://registry.npmjs.org/@expo/plist/-/plist-0.8.1.tgz. Extracting by manifest.
4354 silly tarball no local data for @expo/sdk-runtime-versions@https://registry.npmjs.org/@expo/sdk-runtime-versions/-/sdk-runtime-versions-1.0.0.tgz. Extracting by manifest.
4355 silly tarball no local data for slugify@https://registry.npmjs.org/slugify/-/slugify-1.6.9.tgz. Extracting by manifest.
4356 silly tarball no local data for xcode@https://registry.npmjs.org/xcode/-/xcode-3.0.1.tgz. Extracting by manifest.
4357 silly tarball no local data for getenv@https://registry.npmjs.org/getenv/-/getenv-2.0.0.tgz. Extracting by manifest.
4358 silly tarball no local data for glob@https://registry.npmjs.org/glob/-/glob-13.0.6.tgz. Extracting by manifest.
4359 silly tarball no local data for resolve-workspace-root@https://registry.npmjs.org/resolve-workspace-root/-/resolve-workspace-root-2.0.1.tgz. Extracting by manifest.
4360 silly tarball no local data for deepmerge@https://registry.npmjs.org/deepmerge/-/deepmerge-4.3.1.tgz. Extracting by manifest.
4361 silly tarball no local data for @expo/json-file@https://registry.npmjs.org/@expo/json-file/-/json-file-11.0.1.tgz. Extracting by manifest.
4362 silly tarball no local data for @expo/config-types@https://registry.npmjs.org/@expo/config-types/-/config-types-57.0.2.tgz. Extracting by manifest.
4363 silly tarball no local data for arg@https://registry.npmjs.org/arg/-/arg-5.0.2.tgz. Extracting by manifest.
4364 silly tarball no local data for @expo/require-utils@https://registry.npmjs.org/@expo/require-utils/-/require-utils-57.0.4.tgz. Extracting by manifest.
4365 silly tarball no local data for whatwg-url-minimum@https://registry.npmjs.org/whatwg-url-minimum/-/whatwg-url-minimum-0.1.2.tgz. Extracting by manifest.
4366 silly tarball no local data for expo-modules-autolinking@https://registry.npmjs.org/expo-modules-autolinking/-/expo-modules-autolinking-57.0.9.tgz. Extracting by manifest.
4367 silly tarball no local data for expo-modules-core@https://registry.npmjs.org/expo-modules-core/-/expo-modules-core-57.0.8.tgz. Extracting by manifest.
4368 silly tarball no local data for pretty-format@https://registry.npmjs.org/pretty-format/-/pretty-format-29.7.0.tgz. Extracting by manifest.
4369 silly tarball no local data for @expo/env@https://registry.npmjs.org/@expo/env/-/env-2.4.2.tgz. Extracting by manifest.
4370 silly tarball no local data for expo-keep-awake@https://registry.npmjs.org/expo-keep-awake/-/expo-keep-awake-57.0.1.tgz. Extracting by manifest.
4371 silly tarball no local data for expo-asset@https://registry.npmjs.org/expo-asset/-/expo-asset-57.0.8.tgz. Extracting by manifest.
4372 silly tarball no local data for expo-file-system@https://registry.npmjs.org/expo-file-system/-/expo-file-system-57.0.1.tgz. Extracting by manifest.
4373 silly tarball no local data for @expo/metro-config@https://registry.npmjs.org/@expo/metro-config/-/metro-config-57.0.7.tgz. Extracting by manifest.
4374 silly tarball no local data for @ungap/structured-clone@https://registry.npmjs.org/@ungap/structured-clone/-/structured-clone-1.3.3.tgz. Extracting by manifest.
4375 silly tarball no local data for @expo/metro@https://registry.npmjs.org/@expo/metro/-/metro-56.0.0.tgz. Extracting by manifest.
4376 silly tarball no local data for @expo/local-build-cache-provider@https://registry.npmjs.org/@expo/local-build-cache-provider/-/local-build-cache-provider-57.0.5.tgz. Extracting by manifest.
4377 silly tarball no local data for @expo/log-box@https://registry.npmjs.org/@expo/log-box/-/log-box-57.0.2.tgz. Extracting by manifest.
4378 silly tarball no local data for @expo/devtools@https://registry.npmjs.org/@expo/devtools/-/devtools-57.0.1.tgz. Extracting by manifest.
4379 silly tarball no local data for babel-preset-expo@https://registry.npmjs.org/babel-preset-expo/-/babel-preset-expo-57.0.5.tgz. Extracting by manifest.
4380 silly tarball no local data for @expo/fingerprint@https://registry.npmjs.org/@expo/fingerprint/-/fingerprint-0.20.6.tgz. Extracting by manifest.
4381 silly tarball no local data for @expo/config-plugins@https://registry.npmjs.org/@expo/config-plugins/-/config-plugins-57.0.6.tgz. Extracting by manifest.
4382 silly tarball no local data for @expo/config@https://registry.npmjs.org/@expo/config/-/config-57.0.6.tgz. Extracting by manifest.
4383 silly tarball no local data for update-browserslist-db@https://registry.npmjs.org/update-browserslist-db/-/update-browserslist-db-1.2.3.tgz. Extracting by manifest.
4384 silly tarball no local data for ms@https://registry.npmjs.org/ms/-/ms-2.1.3.tgz. Extracting by manifest.
4385 silly tarball no local data for node-releases@https://registry.npmjs.org/node-releases/-/node-releases-2.0.51.tgz. Extracting by manifest.
4386 silly tarball no local data for @babel/runtime@https://registry.npmjs.org/@babel/runtime/-/runtime-7.29.7.tgz. Extracting by manifest.
4387 silly tarball no local data for @expo/dom-webview@https://registry.npmjs.org/@expo/dom-webview/-/dom-webview-57.0.1.tgz. Extracting by manifest.
4388 silly tarball no local data for caniuse-lite@https://registry.npmjs.org/caniuse-lite/-/caniuse-lite-1.0.30001806.tgz. Extracting by manifest.
4389 silly tarball no local data for core-js-compat@https://registry.npmjs.org/core-js-compat/-/core-js-compat-3.49.0.tgz. Extracting by manifest.
4390 silly tarball no local data for baseline-browser-mapping@https://registry.npmjs.org/baseline-browser-mapping/-/baseline-browser-mapping-2.11.7.tgz. Extracting by manifest.
4391 silly tarball no local data for @babel/helper-define-polyfill-provider@https://registry.npmjs.org/@babel/helper-define-polyfill-provider/-/helper-define-polyfill-provider-0.6.8.tgz. Extracting by manifest.
4392 silly tarball no local data for electron-to-chromium@https://registry.npmjs.org/electron-to-chromium/-/electron-to-chromium-1.5.398.tgz. Extracting by manifest.
4393 silly tarball no local data for csstype@https://registry.npmjs.org/csstype/-/csstype-3.2.3.tgz. Extracting by manifest.
4394 silly tarball no local data for yargs@https://registry.npmjs.org/yargs/-/yargs-17.7.3.tgz. Extracting by manifest.
4395 silly tarball no local data for lodash.debounce@https://registry.npmjs.org/lodash.debounce/-/lodash.debounce-4.0.8.tgz. Extracting by manifest.
4396 silly tarball no local data for invariant@https://registry.npmjs.org/invariant/-/invariant-2.2.4.tgz. Extracting by manifest.
4397 silly tarball no local data for @jridgewell/sourcemap-codec@https://registry.npmjs.org/@jridgewell/sourcemap-codec/-/sourcemap-codec-1.5.5.tgz. Extracting by manifest.
4398 silly tarball no local data for @babel/helper-string-parser@https://registry.npmjs.org/@babel/helper-string-parser/-/helper-string-parser-7.29.7.tgz. Extracting by manifest.
4399 silly tarball no local data for tinyglobby@https://registry.npmjs.org/tinyglobby/-/tinyglobby-0.2.17.tgz. Extracting by manifest.
4400 silly tarball no local data for @babel/plugin-syntax-typescript@https://registry.npmjs.org/@babel/plugin-syntax-typescript/-/plugin-syntax-typescript-7.29.7.tgz. Extracting by manifest.
4401 silly tarball no local data for resolve@https://registry.npmjs.org/resolve/-/resolve-1.22.12.tgz. Extracting by manifest.
4402 silly tarball no local data for @jridgewell/resolve-uri@https://registry.npmjs.org/@jridgewell/resolve-uri/-/resolve-uri-3.1.2.tgz. Extracting by manifest.
4403 silly tarball no local data for babel-plugin-polyfill-regenerator@https://registry.npmjs.org/babel-plugin-polyfill-regenerator/-/babel-plugin-polyfill-regenerator-0.6.8.tgz. Extracting by manifest.
4404 silly tarball no local data for babel-plugin-polyfill-corejs3@https://registry.npmjs.org/babel-plugin-polyfill-corejs3/-/babel-plugin-polyfill-corejs3-0.13.0.tgz. Extracting by manifest.
4405 silly tarball no local data for regexpu-core@https://registry.npmjs.org/regexpu-core/-/regexpu-core-6.4.0.tgz. Extracting by manifest.
4406 silly tarball no local data for @react-native/codegen@https://registry.npmjs.org/@react-native/codegen/-/codegen-0.86.2.tgz. Extracting by manifest.
4407 silly tarball no local data for @babel/plugin-syntax-jsx@https://registry.npmjs.org/@babel/plugin-syntax-jsx/-/plugin-syntax-jsx-7.29.7.tgz. Extracting by manifest.
4408 silly tarball no local data for babel-plugin-polyfill-corejs2@https://registry.npmjs.org/babel-plugin-polyfill-corejs2/-/babel-plugin-polyfill-corejs2-0.4.17.tgz. Extracting by manifest.
4409 silly tarball no local data for @babel/helper-globals@https://registry.npmjs.org/@babel/helper-globals/-/helper-globals-7.29.7.tgz. Extracting by manifest.
4410 silly tarball no local data for @babel/helper-create-regexp-features-plugin@https://registry.npmjs.org/@babel/helper-create-regexp-features-plugin/-/helper-create-regexp-features-plugin-7.29.7.tgz. Extracting by manifest.
4411 silly tarball no local data for @babel/helper-replace-supers@https://registry.npmjs.org/@babel/helper-replace-supers/-/helper-replace-supers-7.29.7.tgz. Extracting by manifest.
4412 silly tarball no local data for @babel/helper-skip-transparent-expression-wrappers@https://registry.npmjs.org/@babel/helper-skip-transparent-expression-wrappers/-/helper-skip-transparent-expression-wrappers-7.29.7.tgz. Extracting by manifest.
4413 silly tarball no local data for @babel/helper-member-expression-to-functions@https://registry.npmjs.org/@babel/helper-member-expression-to-functions/-/helper-member-expression-to-functions-7.29.7.tgz. Extracting by manifest.
4414 silly tarball no local data for @babel/helper-optimise-call-expression@https://registry.npmjs.org/@babel/helper-optimise-call-expression/-/helper-optimise-call-expression-7.29.7.tgz. Extracting by manifest.
4415 silly tarball no local data for @babel/plugin-syntax-flow@https://registry.npmjs.org/@babel/plugin-syntax-flow/-/plugin-syntax-flow-7.29.7.tgz. Extracting by manifest.
4416 silly tarball no local data for @babel/helper-wrap-function@https://registry.npmjs.org/@babel/helper-wrap-function/-/helper-wrap-function-7.29.7.tgz. Extracting by manifest.
4417 silly tarball no local data for @babel/helper-annotate-as-pure@https://registry.npmjs.org/@babel/helper-annotate-as-pure/-/helper-annotate-as-pure-7.29.7.tgz. Extracting by manifest.
4418 silly tarball no local data for @babel/helper-create-class-features-plugin@https://registry.npmjs.org/@babel/helper-create-class-features-plugin/-/helper-create-class-features-plugin-7.29.7.tgz. Extracting by manifest.
4419 silly tarball no local data for @babel/helper-plugin-utils@https://registry.npmjs.org/@babel/helper-plugin-utils/-/helper-plugin-utils-7.29.7.tgz. Extracting by manifest.
4420 silly tarball no local data for @babel/helper-remap-async-to-generator@https://registry.npmjs.org/@babel/helper-remap-async-to-generator/-/helper-remap-async-to-generator-7.29.7.tgz. Extracting by manifest.
4421 silly tarball no local data for browserslist@https://registry.npmjs.org/browserslist/-/browserslist-4.28.7.tgz. Extracting by manifest.
4422 silly tarball no local data for @babel/helper-validator-option@https://registry.npmjs.org/@babel/helper-validator-option/-/helper-validator-option-7.29.7.tgz. Extracting by manifest.
4423 silly tarball no local data for @babel/compat-data@https://registry.npmjs.org/@babel/compat-data/-/compat-data-7.29.7.tgz. Extracting by manifest.
4424 silly tarball no local data for lru-cache@https://registry.npmjs.org/lru-cache/-/lru-cache-5.1.1.tgz. Extracting by manifest.
4425 silly tarball no local data for @jridgewell/gen-mapping@https://registry.npmjs.org/@jridgewell/gen-mapping/-/gen-mapping-0.3.13.tgz. Extracting by manifest.
4426 silly tarball no local data for @babel/helper-module-imports@https://registry.npmjs.org/@babel/helper-module-imports/-/helper-module-imports-7.29.7.tgz. Extracting by manifest.
4427 silly tarball no local data for picocolors@https://registry.npmjs.org/picocolors/-/picocolors-1.1.1.tgz. Extracting by manifest.
4428 silly tarball no local data for @babel/helper-validator-identifier@https://registry.npmjs.org/@babel/helper-validator-identifier/-/helper-validator-identifier-7.29.7.tgz. Extracting by manifest.
4429 silly tarball no local data for @babel/types@https://registry.npmjs.org/@babel/types/-/types-7.29.7.tgz. Extracting by manifest.
4430 silly tarball no local data for debug@https://registry.npmjs.org/debug/-/debug-4.4.3.tgz. Extracting by manifest.
4431 silly tarball no local data for @jridgewell/remapping@https://registry.npmjs.org/@jridgewell/remapping/-/remapping-2.3.5.tgz. Extracting by manifest.
4432 silly tarball no local data for js-tokens@https://registry.npmjs.org/js-tokens/-/js-tokens-4.0.0.tgz. Extracting by manifest.
4433 silly tarball no local data for @babel/parser@https://registry.npmjs.org/@babel/parser/-/parser-7.29.7.tgz. Extracting by manifest.
4434 silly tarball no local data for @babel/traverse@https://registry.npmjs.org/@babel/traverse/-/traverse-7.29.7.tgz. Extracting by manifest.
4435 silly tarball no local data for @jridgewell/trace-mapping@https://registry.npmjs.org/@jridgewell/trace-mapping/-/trace-mapping-0.3.31.tgz. Extracting by manifest.
4436 silly tarball no local data for @babel/template@https://registry.npmjs.org/@babel/template/-/template-7.29.7.tgz. Extracting by manifest.
4437 silly tarball no local data for @babel/helper-compilation-targets@https://registry.npmjs.org/@babel/helper-compilation-targets/-/helper-compilation-targets-7.29.7.tgz. Extracting by manifest.
4438 silly tarball no local data for @babel/helpers@https://registry.npmjs.org/@babel/helpers/-/helpers-7.29.7.tgz. Extracting by manifest.
4439 silly tarball no local data for jsesc@https://registry.npmjs.org/jsesc/-/jsesc-3.1.0.tgz. Extracting by manifest.
4440 silly tarball no local data for @babel/generator@https://registry.npmjs.org/@babel/generator/-/generator-7.29.7.tgz. Extracting by manifest.
4441 silly tarball no local data for @babel/helper-module-transforms@https://registry.npmjs.org/@babel/helper-module-transforms/-/helper-module-transforms-7.29.7.tgz. Extracting by manifest.
4442 silly tarball no local data for babel-plugin-syntax-hermes-parser@https://registry.npmjs.org/babel-plugin-syntax-hermes-parser/-/babel-plugin-syntax-hermes-parser-0.36.0.tgz. Extracting by manifest.
4443 silly tarball no local data for @babel/code-frame@https://registry.npmjs.org/@babel/code-frame/-/code-frame-7.29.7.tgz. Extracting by manifest.
4444 silly tarball no local data for @babel/plugin-transform-regenerator@https://registry.npmjs.org/@babel/plugin-transform-regenerator/-/plugin-transform-regenerator-7.29.7.tgz. Extracting by manifest.
4445 silly tarball no local data for react-refresh@https://registry.npmjs.org/react-refresh/-/react-refresh-0.14.2.tgz. Extracting by manifest.
4446 silly tarball no local data for @react-native/babel-plugin-codegen@https://registry.npmjs.org/@react-native/babel-plugin-codegen/-/babel-plugin-codegen-0.86.2.tgz. Extracting by manifest.
4447 silly tarball no local data for @babel/plugin-transform-react-jsx-source@https://registry.npmjs.org/@babel/plugin-transform-react-jsx-source/-/plugin-transform-react-jsx-source-7.29.7.tgz. Extracting by manifest.
4448 silly tarball no local data for @babel/plugin-transform-react-jsx-self@https://registry.npmjs.org/@babel/plugin-transform-react-jsx-self/-/plugin-transform-react-jsx-self-7.29.7.tgz. Extracting by manifest.
4449 silly tarball no local data for babel-plugin-transform-flow-enums@https://registry.npmjs.org/babel-plugin-transform-flow-enums/-/babel-plugin-transform-flow-enums-0.0.2.tgz. Extracting by manifest.
4450 silly tarball no local data for @babel/plugin-transform-unicode-regex@https://registry.npmjs.org/@babel/plugin-transform-unicode-regex/-/plugin-transform-unicode-regex-7.29.7.tgz. Extracting by manifest.
4451 silly tarball no local data for @babel/plugin-transform-typescript@https://registry.npmjs.org/@babel/plugin-transform-typescript/-/plugin-transform-typescript-7.29.7.tgz. Extracting by manifest.
4452 silly tarball no local data for @babel/plugin-transform-react-jsx@https://registry.npmjs.org/@babel/plugin-transform-react-jsx/-/plugin-transform-react-jsx-7.29.7.tgz. Extracting by manifest.
4453 silly tarball no local data for @babel/plugin-transform-react-display-name@https://registry.npmjs.org/@babel/plugin-transform-react-display-name/-/plugin-transform-react-display-name-7.29.7.tgz. Extracting by manifest.
4454 silly tarball no local data for @babel/plugin-transform-private-property-in-object@https://registry.npmjs.org/@babel/plugin-transform-private-property-in-object/-/plugin-transform-private-property-in-object-7.29.7.tgz. Extracting by manifest.
4455 silly tarball no local data for @babel/plugin-transform-runtime@https://registry.npmjs.org/@babel/plugin-transform-runtime/-/plugin-transform-runtime-7.29.7.tgz. Extracting by manifest.
4456 silly tarball no local data for @babel/plugin-transform-optional-chaining@https://registry.npmjs.org/@babel/plugin-transform-optional-chaining/-/plugin-transform-optional-chaining-7.29.7.tgz. Extracting by manifest.
4457 silly tarball no local data for @babel/plugin-transform-private-methods@https://registry.npmjs.org/@babel/plugin-transform-private-methods/-/plugin-transform-private-methods-7.29.7.tgz. Extracting by manifest.
4458 silly tarball no local data for @babel/plugin-transform-named-capturing-groups-regex@https://registry.npmjs.org/@babel/plugin-transform-named-capturing-groups-regex/-/plugin-transform-named-capturing-groups-regex-7.29.7.tgz. Extracting by manifest.
4459 silly tarball no local data for @babel/plugin-transform-nullish-coalescing-operator@https://registry.npmjs.org/@babel/plugin-transform-nullish-coalescing-operator/-/plugin-transform-nullish-coalescing-operator-7.29.7.tgz. Extracting by manifest.
4460 silly tarball no local data for @babel/plugin-transform-for-of@https://registry.npmjs.org/@babel/plugin-transform-for-of/-/plugin-transform-for-of-7.29.7.tgz. Extracting by manifest.
4461 silly tarball no local data for @babel/plugin-transform-flow-strip-types@https://registry.npmjs.org/@babel/plugin-transform-flow-strip-types/-/plugin-transform-flow-strip-types-7.29.7.tgz. Extracting by manifest.
4462 silly tarball no local data for @babel/plugin-transform-classes@https://registry.npmjs.org/@babel/plugin-transform-classes/-/plugin-transform-classes-7.29.7.tgz. Extracting by manifest.
4463 silly tarball no local data for @babel/plugin-transform-optional-catch-binding@https://registry.npmjs.org/@babel/plugin-transform-optional-catch-binding/-/plugin-transform-optional-catch-binding-7.29.7.tgz. Extracting by manifest.
4464 silly tarball no local data for @babel/plugin-transform-modules-commonjs@https://registry.npmjs.org/@babel/plugin-transform-modules-commonjs/-/plugin-transform-modules-commonjs-7.29.7.tgz. Extracting by manifest.
4465 silly tarball no local data for @babel/plugin-transform-destructuring@https://registry.npmjs.org/@babel/plugin-transform-destructuring/-/plugin-transform-destructuring-7.29.7.tgz. Extracting by manifest.
4466 silly tarball no local data for @babel/plugin-transform-class-properties@https://registry.npmjs.org/@babel/plugin-transform-class-properties/-/plugin-transform-class-properties-7.29.7.tgz. Extracting by manifest.
4467 silly tarball no local data for @babel/plugin-syntax-optional-chaining@https://registry.npmjs.org/@babel/plugin-syntax-optional-chaining/-/plugin-syntax-optional-chaining-7.8.3.tgz. Extracting by manifest.
4468 silly tarball no local data for @babel/plugin-transform-block-scoping@https://registry.npmjs.org/@babel/plugin-transform-block-scoping/-/plugin-transform-block-scoping-7.29.7.tgz. Extracting by manifest.
4469 silly tarball no local data for @babel/plugin-syntax-nullish-coalescing-operator@https://registry.npmjs.org/@babel/plugin-syntax-nullish-coalescing-operator/-/plugin-syntax-nullish-coalescing-operator-7.8.3.tgz. Extracting by manifest.
4470 silly tarball no local data for @babel/plugin-transform-async-generator-functions@https://registry.npmjs.org/@babel/plugin-transform-async-generator-functions/-/plugin-transform-async-generator-functions-7.29.7.tgz. Extracting by manifest.
4471 silly tarball no local data for @babel/plugin-transform-async-to-generator@https://registry.npmjs.org/@babel/plugin-transform-async-to-generator/-/plugin-transform-async-to-generator-7.29.7.tgz. Extracting by manifest.
4472 silly tarball no local data for @babel/plugin-syntax-export-default-from@https://registry.npmjs.org/@babel/plugin-syntax-export-default-from/-/plugin-syntax-export-default-from-7.29.7.tgz. Extracting by manifest.
4473 silly tarball no local data for @babel/plugin-syntax-dynamic-import@https://registry.npmjs.org/@babel/plugin-syntax-dynamic-import/-/plugin-syntax-dynamic-import-7.8.3.tgz. Extracting by manifest.
4474 silly tarball no local data for @babel/core@https://registry.npmjs.org/@babel/core/-/core-7.29.7.tgz. Extracting by manifest.
4475 silly tarball no local data for nullthrows@https://registry.npmjs.org/nullthrows/-/nullthrows-1.1.1.tgz. Extracting by manifest.
4476 silly tarball no local data for @babel/plugin-proposal-export-default-from@https://registry.npmjs.org/@babel/plugin-proposal-export-default-from/-/plugin-proposal-export-default-from-7.29.7.tgz. Extracting by manifest.
4477 silly tarball no local data for metro-runtime@https://registry.npmjs.org/metro-runtime/-/metro-runtime-0.84.4.tgz. Extracting by manifest.
4478 silly tarball no local data for hermes-parser@https://registry.npmjs.org/hermes-parser/-/hermes-parser-0.36.0.tgz. Extracting by manifest.
4479 silly tarball no local data for @react-native/babel-preset@https://registry.npmjs.org/@react-native/babel-preset/-/babel-preset-0.86.2.tgz. Extracting by manifest.
4480 silly tarball no local data for @react-native/metro-babel-transformer@https://registry.npmjs.org/@react-native/metro-babel-transformer/-/metro-babel-transformer-0.86.2.tgz. Extracting by manifest.
4481 silly tarball no local data for gensync@https://registry.npmjs.org/gensync/-/gensync-1.0.0-beta.2.tgz. Extracting by manifest.
4482 silly tarball no local data for convert-source-map@https://registry.npmjs.org/convert-source-map/-/convert-source-map-2.0.0.tgz. Extracting by manifest.
4483 silly tarball no local data for typescript@https://registry.npmjs.org/typescript/-/typescript-6.0.3.tgz. Extracting by manifest.
4484 silly tarball no local data for react-native-screens@https://registry.npmjs.org/react-native-screens/-/react-native-screens-4.26.2.tgz. Extracting by manifest.
4485 silly tarball no local data for metro-config@https://registry.npmjs.org/metro-config/-/metro-config-0.84.4.tgz. Extracting by manifest.
4486 silly tarball no local data for react-native-worklets@https://registry.npmjs.org/react-native-worklets/-/react-native-worklets-0.10.1.tgz. Extracting by manifest.
4487 silly tarball no local data for @react-native/metro-config@https://registry.npmjs.org/@react-native/metro-config/-/metro-config-0.86.2.tgz. Extracting by manifest.
4488 silly tarball no local data for react-native-reanimated@https://registry.npmjs.org/react-native-reanimated/-/react-native-reanimated-4.5.1.tgz. Extracting by manifest.
4489 silly tarball no local data for react-dom@https://registry.npmjs.org/react-dom/-/react-dom-19.2.3.tgz. Extracting by manifest.
4490 silly tarball no local data for react-native-web@https://registry.npmjs.org/react-native-web/-/react-native-web-0.21.2.tgz. Extracting by manifest.
4491 silly tarball no local data for @react-native/js-polyfills@https://registry.npmjs.org/@react-native/js-polyfills/-/js-polyfills-0.86.2.tgz. Extracting by manifest.
4492 silly tarball no local data for expo-status-bar@https://registry.npmjs.org/expo-status-bar/-/expo-status-bar-57.0.1.tgz. Extracting by manifest.
4493 silly tarball no local data for expo-symbols@https://registry.npmjs.org/expo-symbols/-/expo-symbols-57.0.1.tgz. Extracting by manifest.
4494 silly tarball no local data for semver@https://registry.npmjs.org/semver/-/semver-7.8.5.tgz. Extracting by manifest.
4495 silly tarball no local data for expo-web-browser@https://registry.npmjs.org/expo-web-browser/-/expo-web-browser-57.0.2.tgz. Extracting by manifest.
4496 silly tarball no local data for expo-splash-screen@https://registry.npmjs.org/expo-splash-screen/-/expo-splash-screen-57.0.5.tgz. Extracting by manifest.
4497 silly tarball no local data for react-native-safe-area-context@https://registry.npmjs.org/react-native-safe-area-context/-/react-native-safe-area-context-5.7.0.tgz. Extracting by manifest.
4498 silly tarball no local data for expo-linking@https://registry.npmjs.org/expo-linking/-/expo-linking-57.0.4.tgz. Extracting by manifest.
4499 silly tarball no local data for expo-font@https://registry.npmjs.org/expo-font/-/expo-font-57.0.1.tgz. Extracting by manifest.
4500 silly tarball no local data for react-native@https://registry.npmjs.org/react-native/-/react-native-0.86.2.tgz. Extracting by manifest.
4501 silly tarball no local data for react@https://registry.npmjs.org/react/-/react-19.2.3.tgz. Extracting by manifest.
4502 silly tarball no local data for expo@https://registry.npmjs.org/expo/-/expo-57.0.9.tgz. Extracting by manifest.
4503 silly tarball no local data for @types/react@https://registry.npmjs.org/@types/react/-/react-19.2.17.tgz. Extracting by manifest.
4504 silly tarball no local data for expo-constants@https://registry.npmjs.org/expo-constants/-/expo-constants-57.0.8.tgz. Extracting by manifest.
4505 silly tarball no local data for expo-router@https://registry.npmjs.org/expo-router/-/expo-router-57.0.9.tgz. Extracting by manifest.
4506 silly tarball no local data for supports-color@https://registry.npmjs.org/supports-color/-/supports-color-5.5.0.tgz. Extracting by manifest.
4507 silly tarball no local data for ansi-styles@https://registry.npmjs.org/ansi-styles/-/ansi-styles-3.2.1.tgz. Extracting by manifest.
4508 silly tarball no local data for type-fest@https://registry.npmjs.org/type-fest/-/type-fest-0.21.3.tgz. Extracting by manifest.
4509 silly tarball no local data for json5@https://registry.npmjs.org/json5/-/json5-2.2.3.tgz. Extracting by manifest.
4510 silly tarball no local data for color-name@https://registry.npmjs.org/color-name/-/color-name-1.1.3.tgz. Extracting by manifest.
4511 silly tarball no local data for escape-string-regexp@https://registry.npmjs.org/escape-string-regexp/-/escape-string-regexp-1.0.5.tgz. Extracting by manifest.
4512 silly tarball no local data for color-convert@https://registry.npmjs.org/color-convert/-/color-convert-1.9.3.tgz. Extracting by manifest.
4513 silly tarball no local data for has-flag@https://registry.npmjs.org/has-flag/-/has-flag-3.0.0.tgz. Extracting by manifest.
4514 silly tarball no local data for chalk@https://registry.npmjs.org/chalk/-/chalk-2.4.2.tgz. Extracting by manifest.
4515 silly tarball no local data for has-flag@https://registry.npmjs.org/has-flag/-/has-flag-3.0.0.tgz. Extracting by manifest.
4516 silly tarball no local data for color-name@https://registry.npmjs.org/color-name/-/color-name-1.1.3.tgz. Extracting by manifest.
4517 silly tarball no local data for lru-cache@https://registry.npmjs.org/lru-cache/-/lru-cache-10.4.3.tgz. Extracting by manifest.
4518 silly tarball no local data for color-convert@https://registry.npmjs.org/color-convert/-/color-convert-1.9.3.tgz. Extracting by manifest.
4519 silly tarball no local data for escape-string-regexp@https://registry.npmjs.org/escape-string-regexp/-/escape-string-regexp-1.0.5.tgz. Extracting by manifest.
4520 silly tarball no local data for ansi-regex@https://registry.npmjs.org/ansi-regex/-/ansi-regex-4.1.1.tgz. Extracting by manifest.
4521 silly tarball no local data for strip-ansi@https://registry.npmjs.org/strip-ansi/-/strip-ansi-5.2.0.tgz. Extracting by manifest.
4522 silly tarball no local data for ansi-styles@https://registry.npmjs.org/ansi-styles/-/ansi-styles-3.2.1.tgz. Extracting by manifest.
4523 silly tarball no local data for supports-color@https://registry.npmjs.org/supports-color/-/supports-color-5.5.0.tgz. Extracting by manifest.
4524 silly tarball no local data for debug@https://registry.npmjs.org/debug/-/debug-2.6.9.tgz. Extracting by manifest.
4525 silly tarball no local data for chalk@https://registry.npmjs.org/chalk/-/chalk-2.4.2.tgz. Extracting by manifest.
4526 silly tarball no local data for @xmldom/xmldom@https://registry.npmjs.org/@xmldom/xmldom/-/xmldom-0.9.10.tgz. Extracting by manifest.
4527 silly tarball no local data for debug@https://registry.npmjs.org/debug/-/debug-3.2.7.tgz. Extracting by manifest.
4528 silly tarball no local data for statuses@https://registry.npmjs.org/statuses/-/statuses-2.0.2.tgz. Extracting by manifest.
4529 silly tarball no local data for negotiator@https://registry.npmjs.org/negotiator/-/negotiator-0.6.4.tgz. Extracting by manifest.
4530 silly tarball no local data for source-map@https://registry.npmjs.org/source-map/-/source-map-0.6.1.tgz. Extracting by manifest.
4531 silly tarball no local data for on-finished@https://registry.npmjs.org/on-finished/-/on-finished-2.4.1.tgz. Extracting by manifest.
4532 silly tarball no local data for statuses@https://registry.npmjs.org/statuses/-/statuses-2.0.2.tgz. Extracting by manifest.
4533 silly tarball no local data for promise@https://registry.npmjs.org/promise/-/promise-7.3.1.tgz. Extracting by manifest.
4534 silly tarball no local data for encodeurl@https://registry.npmjs.org/encodeurl/-/encodeurl-2.0.0.tgz. Extracting by manifest.
4535 silly tarball no local data for ms@https://registry.npmjs.org/ms/-/ms-2.0.0.tgz. Extracting by manifest.
4536 silly tarball no local data for debug@https://registry.npmjs.org/debug/-/debug-2.6.9.tgz. Extracting by manifest.
4537 silly tarball no local data for ms@https://registry.npmjs.org/ms/-/ms-2.0.0.tgz. Extracting by manifest.
4538 silly tarball no local data for encodeurl@https://registry.npmjs.org/encodeurl/-/encodeurl-2.0.0.tgz. Extracting by manifest.
4539 silly tarball no local data for debug@https://registry.npmjs.org/debug/-/debug-2.6.9.tgz. Extracting by manifest.
4540 silly tarball no local data for commander@https://registry.npmjs.org/commander/-/commander-2.20.3.tgz. Extracting by manifest.
4541 silly tarball no local data for ms@https://registry.npmjs.org/ms/-/ms-2.0.0.tgz. Extracting by manifest.
4542 silly tarball no local data for picomatch@https://registry.npmjs.org/picomatch/-/picomatch-2.3.2.tgz. Extracting by manifest.
4543 silly tarball no local data for picomatch@https://registry.npmjs.org/picomatch/-/picomatch-2.3.2.tgz. Extracting by manifest.
4544 silly tarball no local data for debug@https://registry.npmjs.org/debug/-/debug-2.6.9.tgz. Extracting by manifest.
4545 silly tarball no local data for ci-info@https://registry.npmjs.org/ci-info/-/ci-info-3.9.0.tgz. Extracting by manifest.
4546 silly tarball no local data for ms@https://registry.npmjs.org/ms/-/ms-2.0.0.tgz. Extracting by manifest.
4547 silly tarball no local data for lru-cache@https://registry.npmjs.org/lru-cache/-/lru-cache-11.5.2.tgz. Extracting by manifest.
4548 silly tarball no local data for ms@https://registry.npmjs.org/ms/-/ms-2.0.0.tgz. Extracting by manifest.
4549 silly tarball no local data for debug@https://registry.npmjs.org/debug/-/debug-2.6.9.tgz. Extracting by manifest.
4550 silly tarball no local data for ansi-styles@https://registry.npmjs.org/ansi-styles/-/ansi-styles-5.2.0.tgz. Extracting by manifest.
4551 silly tarball no local data for supports-color@https://registry.npmjs.org/supports-color/-/supports-color-8.1.1.tgz. Extracting by manifest.
4552 silly tarball no local data for hermes-estree@https://registry.npmjs.org/hermes-estree/-/hermes-estree-0.35.0.tgz. Extracting by manifest.
4553 silly tarball no local data for hermes-estree@https://registry.npmjs.org/hermes-estree/-/hermes-estree-0.35.0.tgz. Extracting by manifest.
4554 silly tarball no local data for react-is@https://registry.npmjs.org/react-is/-/react-is-17.0.2.tgz. Extracting by manifest.
4555 silly tarball no local data for pretty-format@https://registry.npmjs.org/pretty-format/-/pretty-format-27.5.1.tgz. Extracting by manifest.
4556 silly tarball no local data for dom-accessibility-api@https://registry.npmjs.org/dom-accessibility-api/-/dom-accessibility-api-0.6.3.tgz. Extracting by manifest.
4557 silly tarball no local data for ansi-styles@https://registry.npmjs.org/ansi-styles/-/ansi-styles-5.2.0.tgz. Extracting by manifest.
4558 silly tarball no local data for hermes-parser@https://registry.npmjs.org/hermes-parser/-/hermes-parser-0.35.0.tgz. Extracting by manifest.
4559 silly tarball no local data for react-is@https://registry.npmjs.org/react-is/-/react-is-18.3.1.tgz. Extracting by manifest.
4560 silly tarball no local data for semver@https://registry.npmjs.org/semver/-/semver-6.3.1.tgz. Extracting by manifest.
4561 silly tarball no local data for semver@https://registry.npmjs.org/semver/-/semver-6.3.1.tgz. Extracting by manifest.
4562 silly tarball no local data for semver@https://registry.npmjs.org/semver/-/semver-6.3.1.tgz. Extracting by manifest.
4563 silly tarball no local data for xmlbuilder@https://registry.npmjs.org/xmlbuilder/-/xmlbuilder-11.0.1.tgz. Extracting by manifest.
4564 silly tarball no local data for hermes-parser@https://registry.npmjs.org/hermes-parser/-/hermes-parser-0.35.0.tgz. Extracting by manifest.
4565 silly tarball no local data for semver@https://registry.npmjs.org/semver/-/semver-6.3.1.tgz. Extracting by manifest.
4566 silly tarball no local data for semver@https://registry.npmjs.org/semver/-/semver-6.3.1.tgz. Extracting by manifest.
4567 silly tarball no local data for semver@https://registry.npmjs.org/semver/-/semver-6.3.1.tgz. Extracting by manifest.
4568 silly tarball no local data for memoize-one@https://registry.npmjs.org/memoize-one/-/memoize-one-6.0.0.tgz. Extracting by manifest.
4569 silly tarball no local data for commander@https://registry.npmjs.org/commander/-/commander-12.1.0.tgz. Extracting by manifest.
4570 silly tarball no local data for negotiator@https://registry.npmjs.org/negotiator/-/negotiator-0.6.3.tgz. Extracting by manifest.
4571 silly tarball no local data for @react-native/normalize-colors@https://registry.npmjs.org/@react-native/normalize-colors/-/normalize-colors-0.74.89.tgz. Extracting by manifest.
4572 silly tarball no local data for ci-info@https://registry.npmjs.org/ci-info/-/ci-info-3.9.0.tgz. Extracting by manifest.
4573 silly tarball no local data for ws@https://registry.npmjs.org/ws/-/ws-8.21.1.tgz. Extracting by manifest.
4574 silly tarball no local data for mime-types@https://registry.npmjs.org/mime-types/-/mime-types-2.1.35.tgz. Extracting by manifest.
4575 silly tarball no local data for accepts@https://registry.npmjs.org/accepts/-/accepts-1.3.8.tgz. Extracting by manifest.
4576 silly tarball no local data for mime-db@https://registry.npmjs.org/mime-db/-/mime-db-1.52.0.tgz. Extracting by manifest.
4577 silly tarball no local data for @expo/ws-tunnel@https://registry.npmjs.org/@expo/ws-tunnel/-/ws-tunnel-2.0.0.tgz. Extracting by manifest.
4578 silly tarball no local data for @expo/router-server@https://registry.npmjs.org/@expo/router-server/-/router-server-57.0.4.tgz. Extracting by manifest.
4579 silly tarball no local data for @expo/cli@https://registry.npmjs.org/@expo/cli/-/cli-57.0.11.tgz. Extracting by manifest.
4580 http fetch GET 200 https://registry.npmjs.org/clone/-/clone-1.0.4.tgz 137ms (cache miss)
4581 http fetch GET 200 https://registry.npmjs.org/signal-exit/-/signal-exit-3.0.7.tgz 137ms (cache miss)
4582 http fetch GET 200 https://registry.npmjs.org/defaults/-/defaults-1.0.4.tgz 138ms (cache miss)
4583 http fetch GET 200 https://registry.npmjs.org/ansi-escapes/-/ansi-escapes-4.3.2.tgz 137ms (cache miss)
4584 http fetch GET 200 https://registry.npmjs.org/mimic-fn/-/mimic-fn-1.2.0.tgz 137ms (cache miss)
4585 http fetch GET 200 https://registry.npmjs.org/sisteransi/-/sisteransi-1.0.5.tgz 141ms (cache miss)
4586 http fetch GET 200 https://registry.npmjs.org/restore-cursor/-/restore-cursor-2.0.0.tgz 152ms (cache miss)
4587 http fetch GET 200 https://registry.npmjs.org/supports-hyperlinks/-/supports-hyperlinks-2.3.0.tgz 153ms (cache miss)
4588 http fetch GET 200 https://registry.npmjs.org/proc-log/-/proc-log-4.2.0.tgz 204ms (cache miss)
4589 http fetch GET 200 https://registry.npmjs.org/log-symbols/-/log-symbols-2.2.0.tgz 203ms (cache miss)
4590 http fetch GET 200 https://registry.npmjs.org/safe-buffer/-/safe-buffer-5.2.1.tgz 203ms (cache miss)
4591 http fetch GET 200 https://registry.npmjs.org/cli-cursor/-/cli-cursor-2.1.0.tgz 202ms (cache miss)
4592 http fetch GET 200 https://registry.npmjs.org/argparse/-/argparse-2.0.1.tgz 203ms (cache miss)
4593 http fetch POST 200 https://registry.npmjs.org/-/npm/v1/security/advisories/bulk 266ms
4594 silly audit report {
4594 silly audit report   uuid: [
4594 silly audit report     {
4594 silly audit report       id: 1119441,
4594 silly audit report       url: 'https://github.com/advisories/GHSA-w5hq-g745-h8pq',
4594 silly audit report       title: 'uuid: Missing buffer bounds check in v3/v5/v6 when buf is provided',
4594 silly audit report       severity: 'moderate',
4594 silly audit report       vulnerable_versions: '<11.1.1',
4594 silly audit report       cwe: [Array],
4594 silly audit report       cvss: [Object]
4594 silly audit report     }
4594 silly audit report   ]
4594 silly audit report }
4595 silly packumentCache corgi:https://registry.npmjs.org/uuid cache-miss
4596 http fetch GET 200 https://registry.npmjs.org/vary/-/vary-1.1.2.tgz 213ms (cache miss)
4597 http fetch GET 200 https://registry.npmjs.org/on-headers/-/on-headers-1.1.0.tgz 234ms (cache miss)
4598 http fetch GET 200 https://registry.npmjs.org/bytes/-/bytes-3.1.2.tgz 261ms (cache miss)
4599 http fetch GET 200 https://registry.npmjs.org/compressible/-/compressible-2.0.18.tgz 261ms (cache miss)
4600 http fetch GET 200 https://registry.npmjs.org/js-yaml/-/js-yaml-4.3.0.tgz 272ms (cache miss)
4601 http fetch GET 200 https://registry.npmjs.org/structured-headers/-/structured-headers-0.4.1.tgz 271ms (cache miss)
4602 http fetch GET 200 https://registry.npmjs.org/toqr/-/toqr-0.1.1.tgz 274ms (cache miss)
4603 http fetch GET 200 https://registry.npmjs.org/npm-package-arg/-/npm-package-arg-11.0.3.tgz 295ms (cache miss)
4604 http fetch GET 200 https://registry.npmjs.org/ora/-/ora-3.4.0.tgz 322ms (cache miss)
4605 http fetch GET 200 https://registry.npmjs.org/onetime/-/onetime-2.0.1.tgz 327ms (cache miss)
4606 http fetch GET 200 https://registry.npmjs.org/validate-npm-package-name/-/validate-npm-package-name-5.0.1.tgz 326ms (cache miss)
4607 http fetch GET 200 https://registry.npmjs.org/wcwidth/-/wcwidth-1.0.1.tgz 326ms (cache miss)
4608 http fetch GET 200 https://registry.npmjs.org/lan-network/-/lan-network-0.2.1.tgz 330ms (cache miss)
4609 http fetch GET 200 https://registry.npmjs.org/terminal-link/-/terminal-link-2.1.1.tgz 331ms (cache miss)
4610 http fetch GET 200 https://registry.npmjs.org/dnssd-advertise/-/dnssd-advertise-1.1.6.tgz 337ms (cache miss)
4611 http fetch GET 200 https://registry.npmjs.org/cli-spinners/-/cli-spinners-2.9.2.tgz 353ms (cache miss)
4612 http fetch GET 200 https://registry.npmjs.org/hosted-git-info/-/hosted-git-info-7.0.2.tgz 353ms (cache miss)
4613 http fetch GET 200 https://registry.npmjs.org/kleur/-/kleur-3.0.3.tgz 355ms (cache miss)
4614 http fetch GET 200 https://registry.npmjs.org/multitars/-/multitars-1.0.0.tgz 350ms (cache miss)
4615 http fetch GET 200 https://registry.npmjs.org/agent-cli-detector/-/agent-cli-detector-0.1.4.tgz 353ms (cache miss)
4616 http fetch GET 200 https://registry.npmjs.org/progress/-/progress-2.0.3.tgz 366ms (cache miss)
4617 http fetch GET 200 https://registry.npmjs.org/compression/-/compression-1.8.1.tgz 374ms (cache miss)
4618 http fetch GET 200 https://registry.npmjs.org/zod/-/zod-3.25.76.tgz 385ms (cache miss)
4619 http fetch GET 200 https://registry.npmjs.org/fetch-nodeshim/-/fetch-nodeshim-0.4.10.tgz 420ms (cache miss)
4620 http fetch GET 200 https://registry.npmjs.org/is-fullwidth-code-point/-/is-fullwidth-code-point-3.0.0.tgz 425ms (cache miss)
4621 http fetch GET 200 https://registry.npmjs.org/@expo/sudo-prompt/-/sudo-prompt-9.3.2.tgz 438ms (cache miss)
4622 http fetch GET 200 https://registry.npmjs.org/@expo/devcert/-/devcert-1.2.1.tgz 442ms (cache miss)
4623 http fetch GET 200 https://registry.npmjs.org/node-forge/-/node-forge-1.4.0.tgz 452ms (cache miss)
4624 http fetch GET 200 https://registry.npmjs.org/prompts/-/prompts-2.4.2.tgz 453ms (cache miss)
4625 http fetch GET 200 https://registry.npmjs.org/y18n/-/y18n-5.0.8.tgz 452ms (cache miss)
4626 http fetch GET 200 https://registry.npmjs.org/wrap-ansi/-/wrap-ansi-7.0.0.tgz 452ms (cache miss)
4627 http fetch GET 200 https://registry.npmjs.org/@expo/osascript/-/osascript-2.7.1.tgz 455ms (cache miss)
4628 http fetch GET 200 https://registry.npmjs.org/@expo/code-signing-certificates/-/code-signing-certificates-0.0.6.tgz 464ms (cache miss)
4629 http fetch GET 200 https://registry.npmjs.org/@expo/inline-modules/-/inline-modules-0.1.4.tgz 482ms (cache miss)
4630 http fetch GET 200 https://registry.npmjs.org/strip-ansi/-/strip-ansi-6.0.1.tgz 490ms (cache miss)
4631 http fetch GET 200 https://registry.npmjs.org/string-width/-/string-width-4.2.3.tgz 490ms (cache miss)
4632 http fetch GET 200 https://registry.npmjs.org/cliui/-/cliui-8.0.1.tgz 502ms (cache miss)
4633 http fetch GET 200 https://registry.npmjs.org/yargs-parser/-/yargs-parser-21.1.1.tgz 503ms (cache miss)
4634 http fetch GET 200 https://registry.npmjs.org/get-caller-file/-/get-caller-file-2.0.5.tgz 521ms (cache miss)
4635 http fetch GET 200 https://registry.npmjs.org/require-directory/-/require-directory-2.1.1.tgz 521ms (cache miss)
4636 http fetch GET 200 https://registry.npmjs.org/big-integer/-/big-integer-1.6.52.tgz 530ms (cache miss)
4637 http fetch GET 200 https://registry.npmjs.org/bplist-parser/-/bplist-parser-0.3.1.tgz 539ms (cache miss)
4638 http fetch GET 200 https://registry.npmjs.org/stream-buffers/-/stream-buffers-2.2.0.tgz 542ms (cache miss)
4639 http fetch GET 200 https://registry.npmjs.org/@expo/prebuild-config/-/prebuild-config-57.0.10.tgz 545ms (cache miss)
4640 http fetch GET 200 https://registry.npmjs.org/simple-plist/-/simple-plist-1.3.1.tgz 563ms (cache miss)
4641 http fetch GET 200 https://registry.npmjs.org/emoji-regex/-/emoji-regex-8.0.0.tgz 564ms (cache miss)
4642 http fetch GET 200 https://registry.npmjs.org/isexe/-/isexe-2.0.0.tgz 565ms (cache miss)
4643 http fetch GET 200 https://registry.npmjs.org/uuid/-/uuid-7.0.3.tgz 567ms (cache miss)
4644 warn deprecated uuid@7.0.3: uuid@10 and below is no longer supported.  For ESM codebases, update to uuid@latest.  For CommonJS codebases, use uuid@11 (but be aware this version will likely be deprecated in 2028).
4645 http fetch GET 200 https://registry.npmjs.org/bplist-creator/-/bplist-creator-0.1.0.tgz 586ms (cache miss)
4646 http fetch GET 200 https://registry.npmjs.org/makeerror/-/makeerror-1.0.12.tgz 585ms (cache miss)
4647 http fetch GET 200 https://registry.npmjs.org/detect-node-es/-/detect-node-es-1.1.0.tgz 589ms (cache miss)
4648 http fetch GET 200 https://registry.npmjs.org/webidl-conversions/-/webidl-conversions-3.0.1.tgz 1058ms (cache miss)
4649 http fetch GET 200 https://registry.npmjs.org/tmpl/-/tmpl-1.0.5.tgz 1059ms (cache miss)
4650 http fetch GET 200 https://registry.npmjs.org/react-style-singleton/-/react-style-singleton-2.2.3.tgz 1060ms (cache miss)
4651 http fetch GET 200 https://registry.npmjs.org/@radix-ui/react-portal/-/react-portal-1.1.17.tgz 1076ms (cache miss)
4652 http fetch GET 200 https://registry.npmjs.org/min-indent/-/min-indent-1.0.1.tgz 1075ms (cache miss)
4653 http fetch GET 200 https://registry.npmjs.org/@radix-ui/react-focus-guards/-/react-focus-guards-1.1.6.tgz 1077ms (cache miss)
4654 http fetch GET 200 https://registry.npmjs.org/@radix-ui/react-dialog/-/react-dialog-1.1.23.tgz 1077ms (cache miss)
4655 http fetch GET 200 https://registry.npmjs.org/@radix-ui/react-dismissable-layer/-/react-dismissable-layer-1.1.19.tgz 1077ms (cache miss)
4656 http fetch GET 200 https://registry.npmjs.org/fdir/-/fdir-6.5.0.tgz 1078ms (cache miss)
4657 http fetch GET 200 https://registry.npmjs.org/unicode-property-aliases-ecmascript/-/unicode-property-aliases-ecmascript-2.2.0.tgz 1080ms (cache miss)
4658 http fetch GET 200 https://registry.npmjs.org/aria-hidden/-/aria-hidden-1.2.6.tgz 1081ms (cache miss)
4659 http fetch GET 200 https://registry.npmjs.org/is-number/-/is-number-7.0.0.tgz 1081ms (cache miss)
4660 http fetch GET 200 https://registry.npmjs.org/buffer-from/-/buffer-from-1.1.2.tgz 1081ms (cache miss)
4661 http fetch GET 200 https://registry.npmjs.org/get-nonce/-/get-nonce-1.0.1.tgz 1083ms (cache miss)
4662 http fetch GET 200 https://registry.npmjs.org/escalade/-/escalade-3.2.0.tgz 1084ms (cache miss)
4663 http fetch GET 200 https://registry.npmjs.org/tslib/-/tslib-2.8.1.tgz 1086ms (cache miss)
4664 http fetch GET 200 https://registry.npmjs.org/source-map-support/-/source-map-support-0.5.21.tgz 1085ms (cache miss)
4665 http fetch GET 200 https://registry.npmjs.org/sax/-/sax-1.6.1.tgz 1087ms (cache miss)
4666 http fetch GET 200 https://registry.npmjs.org/tr46/-/tr46-0.0.3.tgz 1089ms (cache miss)
4667 http fetch GET 200 https://registry.npmjs.org/@radix-ui/react-focus-scope/-/react-focus-scope-1.1.16.tgz 1089ms (cache miss)
4668 http fetch GET 200 https://registry.npmjs.org/@jridgewell/source-map/-/source-map-0.3.11.tgz 1089ms (cache miss)
4669 http fetch GET 200 https://registry.npmjs.org/type-fest/-/type-fest-0.7.1.tgz 1092ms (cache miss)
4670 http fetch GET 200 https://registry.npmjs.org/unicode-canonical-property-names-ecmascript/-/unicode-canonical-property-names-ecmascript-2.0.1.tgz 1109ms (cache miss)
4671 http fetch GET 200 https://registry.npmjs.org/setprototypeof/-/setprototypeof-1.2.0.tgz 1113ms (cache miss)
4672 http fetch GET 200 https://registry.npmjs.org/is-arrayish/-/is-arrayish-0.3.4.tgz 1119ms (cache miss)
4673 http fetch GET 200 https://registry.npmjs.org/toidentifier/-/toidentifier-1.0.1.tgz 1121ms (cache miss)
4674 http fetch GET 200 https://registry.npmjs.org/shebang-regex/-/shebang-regex-3.0.0.tgz 1123ms (cache miss)
4675 http fetch GET 200 https://registry.npmjs.org/etag/-/etag-1.8.1.tgz 1123ms (cache miss)
4676 http fetch GET 200 https://registry.npmjs.org/function-bind/-/function-bind-1.1.2.tgz 1122ms (cache miss)
4677 http fetch GET 200 https://registry.npmjs.org/http-errors/-/http-errors-2.0.1.tgz 1123ms (cache miss)
4678 http fetch GET 200 https://registry.npmjs.org/range-parser/-/range-parser-1.2.1.tgz 1123ms (cache miss)
4679 http fetch GET 200 https://registry.npmjs.org/mime/-/mime-1.6.0.tgz 1124ms (cache miss)
4680 http fetch GET 200 https://registry.npmjs.org/send/-/send-0.19.2.tgz 1123ms (cache miss)
4681 http fetch GET 200 https://registry.npmjs.org/fresh/-/fresh-0.5.2.tgz 1124ms (cache miss)
4682 http fetch GET 200 https://registry.npmjs.org/plist/-/plist-3.1.1.tgz 1128ms (cache miss)
4683 http fetch GET 200 https://registry.npmjs.org/has-flag/-/has-flag-4.0.0.tgz 1125ms (cache miss)
4684 http fetch GET 200 https://registry.npmjs.org/destroy/-/destroy-1.2.0.tgz 1126ms (cache miss)
4685 http fetch GET 200 https://registry.npmjs.org/react-remove-scroll-bar/-/react-remove-scroll-bar-2.3.8.tgz 1133ms (cache miss)
4686 http fetch GET 200 https://registry.npmjs.org/@expo/xcpretty/-/xcpretty-4.4.4.tgz 1143ms (cache miss)
4687 http fetch GET 200 https://registry.npmjs.org/@expo/package-manager/-/package-manager-1.13.1.tgz 1144ms (cache miss)
4688 http fetch GET 200 https://registry.npmjs.org/use-sidecar/-/use-sidecar-1.1.3.tgz 1148ms (cache miss)
4689 http fetch GET 200 https://registry.npmjs.org/use-callback-ref/-/use-callback-ref-1.3.3.tgz 1150ms (cache miss)
4690 http fetch GET 200 https://registry.npmjs.org/react-remove-scroll/-/react-remove-scroll-2.7.2.tgz 1151ms (cache miss)
4691 http fetch GET 200 https://registry.npmjs.org/path-parse/-/path-parse-1.0.7.tgz 1149ms (cache miss)
4692 http fetch GET 200 https://registry.npmjs.org/@expo/metro-file-map/-/metro-file-map-57.0.1.tgz 1157ms (cache miss)
4693 http fetch GET 200 https://registry.npmjs.org/is-core-module/-/is-core-module-2.16.2.tgz 1157ms (cache miss)
4694 http fetch GET 200 https://registry.npmjs.org/supports-preserve-symlinks-flag/-/supports-preserve-symlinks-flag-1.0.0.tgz 1158ms (cache miss)
4695 http fetch GET 200 https://registry.npmjs.org/depd/-/depd-2.0.0.tgz 1174ms (cache miss)
4696 http fetch GET 200 https://registry.npmjs.org/unicode-match-property-value-ecmascript/-/unicode-match-property-value-ecmascript-2.2.1.tgz 1175ms (cache miss)
4697 http fetch GET 200 https://registry.npmjs.org/unicode-match-property-ecmascript/-/unicode-match-property-ecmascript-2.0.0.tgz 1174ms (cache miss)
4698 http fetch GET 200 https://registry.npmjs.org/regjsparser/-/regjsparser-0.13.2.tgz 1174ms (cache miss)
4699 http fetch GET 200 https://registry.npmjs.org/hasown/-/hasown-2.0.4.tgz 1174ms (cache miss)
4700 http fetch GET 200 https://registry.npmjs.org/indent-string/-/indent-string-4.0.0.tgz 1222ms (cache miss)
4701 http fetch GET 200 https://registry.npmjs.org/es-errors/-/es-errors-1.3.0.tgz 1223ms (cache miss)
4702 http fetch GET 200 https://registry.npmjs.org/regjsgen/-/regjsgen-0.8.0.tgz 1222ms (cache miss)
4703 http fetch GET 200 https://registry.npmjs.org/regenerate/-/regenerate-1.4.2.tgz 1223ms (cache miss)
4704 http fetch GET 200 https://registry.npmjs.org/whatwg-url/-/whatwg-url-5.0.0.tgz 1223ms (cache miss)
4705 http fetch GET 200 https://registry.npmjs.org/@babel/plugin-transform-shorthand-properties/-/plugin-transform-shorthand-properties-7.29.7.tgz 1223ms (cache miss)
4706 http fetch GET 200 https://registry.npmjs.org/acorn/-/acorn-8.18.0.tgz 1226ms (cache miss)
4707 http fetch GET 200 https://registry.npmjs.org/strip-indent/-/strip-indent-3.0.0.tgz 1225ms (cache miss)
4708 http fetch GET 200 https://registry.npmjs.org/regenerate-unicode-properties/-/regenerate-unicode-properties-10.2.2.tgz 1233ms (cache miss)
4709 http fetch GET 200 https://registry.npmjs.org/setimmediate/-/setimmediate-1.0.5.tgz 1288ms (cache miss)
4710 http fetch GET 200 https://registry.npmjs.org/fbjs-css-vars/-/fbjs-css-vars-1.0.2.tgz 1288ms (cache miss)
4711 http fetch GET 200 https://registry.npmjs.org/react-native-is-edge-to-edge/-/react-native-is-edge-to-edge-1.3.1.tgz 1288ms (cache miss)
4712 http fetch GET 200 https://registry.npmjs.org/ua-parser-js/-/ua-parser-js-1.0.41.tgz 1293ms (cache miss)
4713 http fetch GET 200 https://registry.npmjs.org/object-assign/-/object-assign-4.1.1.tgz 1294ms (cache miss)
4714 http fetch GET 200 https://registry.npmjs.org/hyphenate-style-name/-/hyphenate-style-name-1.1.0.tgz 1295ms (cache miss)
4715 http fetch GET 200 https://registry.npmjs.org/postcss-value-parser/-/postcss-value-parser-4.2.0.tgz 1301ms (cache miss)
4716 http fetch GET 200 https://registry.npmjs.org/css-in-js-utils/-/css-in-js-utils-3.1.0.tgz 1308ms (cache miss)
4717 http fetch GET 200 https://registry.npmjs.org/styleq/-/styleq-0.1.3.tgz 1308ms (cache miss)
4718 http fetch GET 200 https://registry.npmjs.org/node-fetch/-/node-fetch-2.7.0.tgz 1308ms (cache miss)
4719 http fetch GET 200 https://registry.npmjs.org/inline-style-prefixer/-/inline-style-prefixer-7.0.1.tgz 1318ms (cache miss)
4720 http fetch GET 200 https://registry.npmjs.org/fbjs/-/fbjs-3.0.5.tgz 1329ms (cache miss)
4721 http fetch GET 200 https://registry.npmjs.org/cross-fetch/-/cross-fetch-3.2.0.tgz 1365ms (cache miss)
4722 http fetch GET 200 https://registry.npmjs.org/use-latest-callback/-/use-latest-callback-0.2.6.tgz 1364ms (cache miss)
4723 http fetch GET 200 https://registry.npmjs.org/is-docker/-/is-docker-2.2.1.tgz 1365ms (cache miss)
4724 http fetch GET 200 https://registry.npmjs.org/warn-once/-/warn-once-0.1.1.tgz 1365ms (cache miss)
4725 http fetch GET 200 https://registry.npmjs.org/react-freeze/-/react-freeze-1.0.4.tgz 1368ms (cache miss)
4726 http fetch GET 200 https://registry.npmjs.org/shell-quote/-/shell-quote-1.10.0.tgz 1368ms (cache miss)
4727 http fetch GET 200 https://registry.npmjs.org/mkdirp/-/mkdirp-1.0.4.tgz 1377ms (cache miss)
4728 http fetch GET 200 https://registry.npmjs.org/marky/-/marky-1.3.0.tgz 1377ms (cache miss)
4729 http fetch GET 200 https://registry.npmjs.org/lighthouse-logger/-/lighthouse-logger-1.4.2.tgz 1382ms (cache miss)
4730 http fetch GET 200 https://registry.npmjs.org/is-wsl/-/is-wsl-2.2.0.tgz 1384ms (cache miss)
4731 http fetch GET 200 https://registry.npmjs.org/asap/-/asap-2.0.6.tgz 1397ms (cache miss)
4732 http fetch GET 200 https://registry.npmjs.org/@babel/plugin-transform-template-literals/-/plugin-transform-template-literals-7.29.7.tgz 1407ms (cache miss)
4733 http fetch GET 200 https://registry.npmjs.org/open/-/open-7.4.2.tgz 1422ms (cache miss)
4734 http fetch GET 200 https://registry.npmjs.org/event-target-shim/-/event-target-shim-5.0.1.tgz 1427ms (cache miss)
4735 http fetch GET 200 https://registry.npmjs.org/chrome-launcher/-/chrome-launcher-0.15.2.tgz 1441ms (cache miss)
4736 http fetch GET 200 https://registry.npmjs.org/serve-static/-/serve-static-1.16.3.tgz 1465ms (cache miss)
4737 http fetch GET 200 https://registry.npmjs.org/chromium-edge-launcher/-/chromium-edge-launcher-0.3.0.tgz 1474ms (cache miss)
4738 http fetch GET 200 https://registry.npmjs.org/@babel/plugin-transform-arrow-functions/-/plugin-transform-arrow-functions-7.29.7.tgz 1479ms (cache miss)
4739 http fetch GET 200 https://registry.npmjs.org/memoize-one/-/memoize-one-5.2.1.tgz 1475ms (cache miss)
4740 http fetch GET 200 https://registry.npmjs.org/regenerator-runtime/-/regenerator-runtime-0.13.11.tgz 1476ms (cache miss)
4741 http fetch GET 200 https://registry.npmjs.org/@isaacs/ttlcache/-/ttlcache-1.4.1.tgz 1483ms (cache miss)
4742 http fetch GET 200 https://registry.npmjs.org/@react-native/debugger-shell/-/debugger-shell-0.86.2.tgz 1483ms (cache miss)
4743 http fetch GET 200 https://registry.npmjs.org/ansi-regex/-/ansi-regex-5.0.1.tgz 1524ms (cache miss)
4744 http fetch GET 200 https://registry.npmjs.org/promise/-/promise-8.3.0.tgz 1541ms (cache miss)
4745 http fetch GET 200 https://registry.npmjs.org/@react-native/dev-middleware/-/dev-middleware-0.86.2.tgz 1545ms (cache miss)
4746 http fetch GET 200 https://registry.npmjs.org/scheduler/-/scheduler-0.27.0.tgz 1553ms (cache miss)
4747 http fetch GET 200 https://registry.npmjs.org/inherits/-/inherits-2.0.4.tgz 1556ms (cache miss)
4748 http fetch GET 200 https://registry.npmjs.org/@react-native/normalize-colors/-/normalize-colors-0.86.2.tgz 1561ms (cache miss)
4749 http fetch GET 200 https://registry.npmjs.org/split-on-first/-/split-on-first-1.1.0.tgz 1605ms (cache miss)
4750 http fetch GET 200 https://registry.npmjs.org/strict-uri-encode/-/strict-uri-encode-2.0.0.tgz 1637ms (cache miss)
4751 http fetch GET 200 https://registry.npmjs.org/filter-obj/-/filter-obj-1.1.0.tgz 1655ms (cache miss)
4752 http fetch GET 200 https://registry.npmjs.org/decode-uri-component/-/decode-uri-component-0.2.2.tgz 1671ms (cache miss)
4753 http fetch GET 200 https://registry.npmjs.org/ee-first/-/ee-first-1.1.1.tgz 1676ms (cache miss)
4754 http fetch GET 200 https://registry.npmjs.org/@react-native/assets-registry/-/assets-registry-0.86.2.tgz 1754ms (cache miss)
4755 http fetch GET 200 https://registry.npmjs.org/brace-expansion/-/brace-expansion-5.0.8.tgz 1754ms (cache miss)
4756 http fetch GET 200 https://registry.npmjs.org/@react-native/community-cli-plugin/-/community-cli-plugin-0.86.2.tgz 1762ms (cache miss)
4757 http fetch GET 200 https://registry.npmjs.org/to-regex-range/-/to-regex-range-5.0.1.tgz 1778ms (cache miss)
4758 http fetch GET 200 https://registry.npmjs.org/@types/react-test-renderer/-/react-test-renderer-19.1.0.tgz 1787ms (cache miss)
4759 http fetch GET 200 https://registry.npmjs.org/fill-range/-/fill-range-7.1.1.tgz 1827ms (cache miss)
4760 http fetch GET 200 https://registry.npmjs.org/mime-db/-/mime-db-1.54.0.tgz 1827ms (cache miss)
4761 http fetch GET 200 https://registry.npmjs.org/vlq/-/vlq-1.0.1.tgz 1883ms (cache miss)
4762 http fetch GET 200 https://registry.npmjs.org/ob1/-/ob1-0.84.4.tgz 1883ms (cache miss)
4763 http fetch GET 200 https://registry.npmjs.org/node-int64/-/node-int64-0.4.0.tgz 1883ms (cache miss)
4764 http fetch GET 200 https://registry.npmjs.org/balanced-match/-/balanced-match-4.0.4.tgz 1889ms (cache miss)
4765 http fetch GET 200 https://registry.npmjs.org/source-map-js/-/source-map-js-1.2.1.tgz 1903ms (cache miss)
4766 http fetch GET 200 https://registry.npmjs.org/braces/-/braces-3.0.3.tgz 1906ms (cache miss)
4767 http fetch GET 200 https://registry.npmjs.org/leven/-/leven-3.1.0.tgz 1907ms (cache miss)
4768 http fetch GET 200 https://registry.npmjs.org/react-devtools-core/-/react-devtools-core-6.1.5.tgz 1936ms (cache miss)
4769 http fetch GET 200 https://registry.npmjs.org/walker/-/walker-1.0.8.tgz 1939ms (cache miss)
4770 http fetch GET 200 https://registry.npmjs.org/pngjs/-/pngjs-3.4.0.tgz 1958ms (cache miss)
4771 http fetch GET 200 https://registry.npmjs.org/fb-watchman/-/fb-watchman-2.0.2.tgz 1958ms (cache miss)
4772 http fetch GET 200 https://registry.npmjs.org/bser/-/bser-2.1.1.tgz 1966ms (cache miss)
4773 http fetch GET 200 https://registry.npmjs.org/jest-get-type/-/jest-get-type-29.6.3.tgz 1966ms (cache miss)
4774 http fetch GET 200 https://registry.npmjs.org/agent-base/-/agent-base-7.1.4.tgz 1966ms (cache miss)
4775 http fetch GET 200 https://registry.npmjs.org/terser/-/terser-5.49.0.tgz 1972ms (cache miss)
4776 http fetch GET 200 https://registry.npmjs.org/@react-native/gradle-plugin/-/gradle-plugin-0.86.2.tgz 1984ms (cache miss)
4777 http fetch GET 200 https://registry.npmjs.org/micromatch/-/micromatch-4.0.8.tgz 2034ms (cache miss)
4778 http fetch GET 200 https://registry.npmjs.org/https-proxy-agent/-/https-proxy-agent-7.0.6.tgz 2035ms (cache miss)
4779 http fetch GET 200 https://registry.npmjs.org/jest-validate/-/jest-validate-29.7.0.tgz 2035ms (cache miss)
4780 http fetch GET 200 https://registry.npmjs.org/exponential-backoff/-/exponential-backoff-3.1.3.tgz 2034ms (cache miss)
4781 http fetch GET 200 https://registry.npmjs.org/@types/istanbul-lib-report/-/istanbul-lib-report-3.0.3.tgz 2041ms (cache miss)
4782 http fetch GET 200 https://registry.npmjs.org/@react-native/virtualized-lists/-/virtualized-lists-0.86.2.tgz 2049ms (cache miss)
4783 http fetch GET 200 https://registry.npmjs.org/camelcase/-/camelcase-6.3.0.tgz 2046ms (cache miss)
4784 http fetch GET 200 https://registry.npmjs.org/@types/yargs-parser/-/yargs-parser-21.0.3.tgz 2075ms (cache miss)
4785 http fetch GET 200 https://registry.npmjs.org/@types/yargs/-/yargs-17.0.35.tgz 2075ms (cache miss)
4786 http fetch GET 200 https://registry.npmjs.org/@sinclair/typebox/-/typebox-0.27.12.tgz 2080ms (cache miss)
4787 http fetch GET 200 https://registry.npmjs.org/undici-types/-/undici-types-8.3.0.tgz 2085ms (cache miss)
4788 http fetch GET 200 https://registry.npmjs.org/fb-dotslash/-/fb-dotslash-0.5.8.tgz 2116ms (cache miss)
4789 http fetch GET 200 https://registry.npmjs.org/@types/istanbul-reports/-/istanbul-reports-3.0.4.tgz 2111ms (cache miss)
4790 http fetch GET 200 https://registry.npmjs.org/@types/istanbul-lib-coverage/-/istanbul-lib-coverage-2.0.6.tgz 2112ms (cache miss)
4791 http fetch GET 200 https://registry.npmjs.org/@jest/types/-/types-29.6.3.tgz 2119ms (cache miss)
4792 http fetch GET 200 https://registry.npmjs.org/queue/-/queue-6.0.2.tgz 2119ms (cache miss)
4793 http fetch GET 200 https://registry.npmjs.org/unpipe/-/unpipe-1.0.0.tgz 2134ms (cache miss)
4794 http fetch GET 200 https://registry.npmjs.org/merge-stream/-/merge-stream-2.0.0.tgz 2143ms (cache miss)
4795 http fetch GET 200 https://registry.npmjs.org/statuses/-/statuses-1.5.0.tgz 2143ms (cache miss)
4796 http fetch GET 200 https://registry.npmjs.org/jest-util/-/jest-util-29.7.0.tgz 2146ms (cache miss)
4797 http fetch GET 200 https://registry.npmjs.org/on-finished/-/on-finished-2.3.0.tgz 2159ms (cache miss)
4798 http fetch GET 200 https://registry.npmjs.org/@types/node/-/node-26.1.2.tgz 2169ms (cache miss)
4799 http fetch GET 200 https://registry.npmjs.org/utils-merge/-/utils-merge-1.0.1.tgz 2175ms (cache miss)
4800 http fetch GET 200 https://registry.npmjs.org/finalhandler/-/finalhandler-1.1.2.tgz 2187ms (cache miss)
4801 http fetch GET 200 https://registry.npmjs.org/encodeurl/-/encodeurl-1.0.2.tgz 2186ms (cache miss)
4802 http fetch GET 200 https://registry.npmjs.org/escape-html/-/escape-html-1.0.3.tgz 2187ms (cache miss)
4803 http fetch GET 200 https://registry.npmjs.org/@react-native/debugger-frontend/-/debugger-frontend-0.86.2.tgz 2201ms (cache miss)
4804 http fetch GET 200 https://registry.npmjs.org/throat/-/throat-5.0.0.tgz 2201ms (cache miss)
4805 http fetch GET 200 https://registry.npmjs.org/parseurl/-/parseurl-1.3.3.tgz 2201ms (cache miss)
4806 http fetch GET 200 https://registry.npmjs.org/ws/-/ws-7.5.13.tgz 2205ms (cache miss)
4807 http fetch GET 200 https://registry.npmjs.org/negotiator/-/negotiator-1.0.0.tgz 2206ms (cache miss)
4808 http fetch GET 200 https://registry.npmjs.org/yaml/-/yaml-2.9.0.tgz 2211ms (cache miss)
4809 http fetch GET 200 https://registry.npmjs.org/lodash.throttle/-/lodash.throttle-4.1.1.tgz 2223ms (cache miss)
4810 http fetch GET 200 https://registry.npmjs.org/serialize-error/-/serialize-error-2.1.0.tgz 2225ms (cache miss)
4811 http fetch GET 200 https://registry.npmjs.org/jest-worker/-/jest-worker-29.7.0.tgz 2242ms (cache miss)
4812 http fetch GET 200 https://registry.npmjs.org/mime-types/-/mime-types-3.0.2.tgz 2251ms (cache miss)
4813 http fetch GET 200 https://registry.npmjs.org/image-size/-/image-size-1.2.1.tgz 2261ms (cache miss)
4814 http fetch GET 200 https://registry.npmjs.org/graceful-fs/-/graceful-fs-4.2.11.tgz 2265ms (cache miss)
4815 http fetch GET 200 https://registry.npmjs.org/ci-info/-/ci-info-2.0.0.tgz 2264ms (cache miss)
4816 http fetch GET 200 https://registry.npmjs.org/stackframe/-/stackframe-1.3.4.tgz 2274ms (cache miss)
4817 http fetch GET 200 https://registry.npmjs.org/connect/-/connect-3.7.0.tgz 2274ms (cache miss)
4818 http fetch GET 200 https://registry.npmjs.org/error-stack-parser/-/error-stack-parser-2.1.4.tgz 2274ms (cache miss)
4819 http fetch GET 200 https://registry.npmjs.org/flow-enums-runtime/-/flow-enums-runtime-0.0.6.tgz 2286ms (cache miss)
4820 http fetch GET 200 https://registry.npmjs.org/hermes-compiler/-/hermes-compiler-250829098.0.16.tgz 2300ms (cache miss)
4821 http fetch GET 200 https://registry.npmjs.org/@jest/schemas/-/schemas-29.6.3.tgz 2315ms (cache miss)
4822 http fetch GET 200 https://registry.npmjs.org/yallist/-/yallist-3.1.1.tgz 2317ms (cache miss)
4823 http fetch GET 200 https://registry.npmjs.org/detect-libc/-/detect-libc-2.1.2.tgz 2318ms (cache miss)
4824 http fetch GET 200 https://registry.npmjs.org/loose-envify/-/loose-envify-1.4.0.tgz 2322ms (cache miss)
4825 http fetch GET 200 https://registry.npmjs.org/accepts/-/accepts-2.0.0.tgz 2322ms (cache miss)
4826 http fetch GET 200 https://registry.npmjs.org/hermes-estree/-/hermes-estree-0.36.0.tgz 2323ms (cache miss)
4827 http fetch GET 200 https://registry.npmjs.org/simple-swizzle/-/simple-swizzle-0.2.4.tgz 2340ms (cache miss)
4828 http fetch GET 200 https://registry.npmjs.org/redent/-/redent-3.0.0.tgz 2356ms (cache miss)
4829 http fetch GET 200 https://registry.npmjs.org/color-string/-/color-string-1.9.1.tgz 2357ms (cache miss)
4830 http fetch GET 200 https://registry.npmjs.org/path-scurry/-/path-scurry-2.0.2.tgz 2359ms (cache miss)
4831 http fetch GET 200 https://registry.npmjs.org/minipass/-/minipass-7.1.3.tgz 2363ms (cache miss)
4832 http fetch GET 200 https://registry.npmjs.org/source-map/-/source-map-0.5.7.tgz 2371ms (cache miss)
4833 http fetch GET 200 https://registry.npmjs.org/css.escape/-/css.escape-1.5.1.tgz 2375ms (cache miss)
4834 http fetch GET 200 https://registry.npmjs.org/@types/aria-query/-/aria-query-5.0.4.tgz 2388ms (cache miss)
4835 http fetch GET 200 https://registry.npmjs.org/dequal/-/dequal-2.0.3.tgz 2392ms (cache miss)
4836 http fetch GET 200 https://registry.npmjs.org/dom-accessibility-api/-/dom-accessibility-api-0.5.16.tgz 2406ms (cache miss)
4837 http fetch GET 200 https://registry.npmjs.org/lz-string/-/lz-string-1.5.0.tgz 2419ms (cache miss)
4838 http fetch GET 200 https://registry.npmjs.org/lightningcss-darwin-arm64/-/lightningcss-darwin-arm64-1.33.0.tgz 2421ms (cache miss)
4839 http fetch GET 200 https://registry.npmjs.org/@radix-ui/react-use-is-hydrated/-/react-use-is-hydrated-0.1.3.tgz 2420ms (cache miss)
4840 http fetch GET 200 https://registry.npmjs.org/abort-controller/-/abort-controller-3.0.0.tgz 2456ms (cache miss)
4841 http fetch GET 200 https://registry.npmjs.org/@adobe/css-tools/-/css-tools-4.5.0.tgz 2448ms (cache miss)
4842 http fetch GET 200 https://registry.npmjs.org/@radix-ui/react-use-controllable-state/-/react-use-controllable-state-1.2.6.tgz 2456ms (cache miss)
4843 http fetch GET 200 https://registry.npmjs.org/@radix-ui/react-id/-/react-id-1.1.4.tgz 2461ms (cache miss)
4844 http fetch GET 200 https://registry.npmjs.org/@radix-ui/react-roving-focus/-/react-roving-focus-1.1.19.tgz 2462ms (cache miss)
4845 http fetch GET 200 https://registry.npmjs.org/aria-query/-/aria-query-5.3.0.tgz 2464ms (cache miss)
4846 http fetch GET 200 https://registry.npmjs.org/@radix-ui/react-primitive/-/react-primitive-2.1.10.tgz 2475ms (cache miss)
4847 http fetch GET 200 https://registry.npmjs.org/@radix-ui/react-presence/-/react-presence-1.1.10.tgz 2488ms (cache miss)
4848 http fetch GET 200 https://registry.npmjs.org/whatwg-fetch/-/whatwg-fetch-3.6.20.tgz 2496ms (cache miss)
4849 http fetch GET 200 https://registry.npmjs.org/@radix-ui/react-context/-/react-context-1.2.2.tgz 2496ms (cache miss)
4850 http fetch GET 200 https://registry.npmjs.org/vaul/-/vaul-1.1.2.tgz 2517ms (cache miss)
4851 http fetch GET 200 https://registry.npmjs.org/shallowequal/-/shallowequal-1.1.0.tgz 2526ms (cache miss)
4852 http fetch GET 200 https://registry.npmjs.org/@expo-google-fonts/material-symbols/-/material-symbols-0.4.42.tgz 2530ms (cache miss)
4853 http fetch GET 200 https://registry.npmjs.org/react-native-drawer-layout/-/react-native-drawer-layout-4.2.9.tgz 2545ms (cache miss)
4854 http fetch GET 200 https://registry.npmjs.org/@radix-ui/react-direction/-/react-direction-1.1.4.tgz 2559ms (cache miss)
4855 http fetch GET 200 https://registry.npmjs.org/standard-navigation/-/standard-navigation-0.0.5.tgz 2559ms (cache miss)
4856 http fetch GET 200 https://registry.npmjs.org/sf-symbols-typescript/-/sf-symbols-typescript-2.2.0.tgz 2560ms (cache miss)
4857 http fetch GET 200 https://registry.npmjs.org/server-only/-/server-only-0.0.1.tgz 2585ms (cache miss)
4858 http fetch GET 200 https://registry.npmjs.org/react-fast-compare/-/react-fast-compare-3.2.2.tgz 2629ms (cache miss)
4859 http fetch GET 200 https://registry.npmjs.org/nanoid/-/nanoid-3.3.16.tgz 2629ms (cache miss)
4860 http fetch GET 200 https://registry.npmjs.org/@radix-ui/react-use-layout-effect/-/react-use-layout-effect-1.1.4.tgz 2631ms (cache miss)
4861 http fetch GET 200 https://registry.npmjs.org/query-string/-/query-string-7.1.3.tgz 2629ms (cache miss)
4862 http fetch GET 200 https://registry.npmjs.org/client-only/-/client-only-0.0.1.tgz 2629ms (cache miss)
4863 http fetch GET 200 https://registry.npmjs.org/@radix-ui/react-use-callback-ref/-/react-use-callback-ref-1.1.4.tgz 2630ms (cache miss)
4864 http fetch GET 200 https://registry.npmjs.org/fast-deep-equal/-/fast-deep-equal-3.1.3.tgz 2634ms (cache miss)
4865 http fetch GET 200 https://registry.npmjs.org/@radix-ui/react-compose-refs/-/react-compose-refs-1.1.5.tgz 2635ms (cache miss)
4866 http fetch GET 200 https://registry.npmjs.org/color/-/color-4.2.3.tgz 2646ms (cache miss)
4867 http fetch GET 200 https://registry.npmjs.org/@radix-ui/react-collection/-/react-collection-1.1.15.tgz 2669ms (cache miss)
4868 http fetch GET 200 https://registry.npmjs.org/expo-server/-/expo-server-57.0.1.tgz 2677ms (cache miss)
4869 http fetch GET 200 https://registry.npmjs.org/escape-string-regexp/-/escape-string-regexp-4.0.0.tgz 2688ms (cache miss)
4870 http fetch GET 200 https://registry.npmjs.org/react-is/-/react-is-19.2.8.tgz 2702ms (cache miss)
4871 http fetch GET 200 https://registry.npmjs.org/@testing-library/jest-dom/-/jest-dom-6.9.1.tgz 2713ms (cache miss)
4872 http fetch GET 200 https://registry.npmjs.org/expo-glass-effect/-/expo-glass-effect-57.0.1.tgz 2719ms (cache miss)
4873 http fetch GET 200 https://registry.npmjs.org/@testing-library/dom/-/dom-10.4.1.tgz 2724ms (cache miss)
4874 http fetch GET 200 https://registry.npmjs.org/@radix-ui/react-tabs/-/react-tabs-1.1.21.tgz 2725ms (cache miss)
4875 http fetch GET 200 https://registry.npmjs.org/@radix-ui/react-slot/-/react-slot-1.3.3.tgz 2728ms (cache miss)
4876 http fetch GET 200 https://registry.npmjs.org/parse-png/-/parse-png-2.1.0.tgz 2752ms (cache miss)
4877 http fetch GET 200 https://registry.npmjs.org/@radix-ui/react-use-effect-event/-/react-use-effect-event-0.0.5.tgz 2766ms (cache miss)
4878 http fetch GET 200 https://registry.npmjs.org/which/-/which-2.0.2.tgz 2763ms (cache miss)
4879 http fetch GET 200 https://registry.npmjs.org/jimp-compact/-/jimp-compact-0.16.1.tgz 2766ms (cache miss)
4880 http fetch GET 200 https://registry.npmjs.org/fontfaceobserver/-/fontfaceobserver-2.3.0.tgz 2774ms (cache miss)
4881 http fetch GET 200 https://registry.npmjs.org/expo-modules-jsi/-/expo-modules-jsi-57.0.4.tgz 2784ms (cache miss)
4882 http fetch GET 200 https://registry.npmjs.org/@testing-library/user-event/-/user-event-14.6.1.tgz 2795ms (cache miss)
4883 http fetch GET 200 https://registry.npmjs.org/supports-color/-/supports-color-7.2.0.tgz 2826ms (cache miss)
4884 http fetch GET 200 https://registry.npmjs.org/shebang-command/-/shebang-command-2.0.0.tgz 2835ms (cache miss)
4885 http fetch GET 200 https://registry.npmjs.org/ansi-styles/-/ansi-styles-4.3.0.tgz 2844ms (cache miss)
4886 http fetch GET 200 https://registry.npmjs.org/@babel/plugin-syntax-decorators/-/plugin-syntax-decorators-7.29.7.tgz 2844ms (cache miss)
4887 http fetch GET 200 https://registry.npmjs.org/@radix-ui/primitive/-/primitive-1.1.7.tgz 2854ms (cache miss)
4888 http fetch GET 200 https://registry.npmjs.org/@babel/preset-typescript/-/preset-typescript-7.29.7.tgz 2868ms (cache miss)
4889 http fetch GET 200 https://registry.npmjs.org/@react-native-masked-view/masked-view/-/masked-view-0.3.2.tgz 2872ms (cache miss)
4890 http fetch GET 200 https://registry.npmjs.org/react-native-gesture-handler/-/react-native-gesture-handler-3.1.0.tgz 2882ms (cache miss)
4891 http fetch GET 200 https://registry.npmjs.org/@expo/image-utils/-/image-utils-0.11.4.tgz 2906ms (cache miss)
4892 http fetch GET 200 https://registry.npmjs.org/commander/-/commander-7.2.0.tgz 2947ms (cache miss)
4893 http fetch GET 200 https://registry.npmjs.org/color-convert/-/color-convert-2.0.1.tgz 2952ms (cache miss)
4894 http fetch GET 200 https://registry.npmjs.org/color-name/-/color-name-1.1.4.tgz 2952ms (cache miss)
4895 http fetch GET 200 https://registry.npmjs.org/@babel/plugin-transform-react-jsx-development/-/plugin-transform-react-jsx-development-7.29.7.tgz 2974ms (cache miss)
4896 http fetch GET 200 https://registry.npmjs.org/@babel/plugin-proposal-decorators/-/plugin-proposal-decorators-7.29.7.tgz 3006ms (cache miss)
4897 http fetch GET 200 https://registry.npmjs.org/@expo/expo-modules-macros-plugin/-/expo-modules-macros-plugin-0.6.1.tgz 3009ms (cache miss)
4898 http fetch GET 200 https://registry.npmjs.org/babel-plugin-react-compiler/-/babel-plugin-react-compiler-1.0.0.tgz 3012ms (cache miss)
4899 http fetch GET 200 https://registry.npmjs.org/@babel/plugin-transform-parameters/-/plugin-transform-parameters-7.29.7.tgz 3012ms (cache miss)
4900 http fetch GET 200 https://registry.npmjs.org/xmlbuilder/-/xmlbuilder-15.1.1.tgz 3023ms (cache miss)
4901 http fetch GET 200 https://registry.npmjs.org/cross-spawn/-/cross-spawn-7.0.6.tgz 3043ms (cache miss)
4902 http fetch GET 200 https://registry.npmjs.org/@babel/plugin-transform-export-namespace-from/-/plugin-transform-export-namespace-from-7.29.7.tgz 3060ms (cache miss)
4903 http fetch GET 200 https://registry.npmjs.org/babel-plugin-react-native-web/-/babel-plugin-react-native-web-0.21.2.tgz 3063ms (cache miss)
4904 http fetch GET 200 https://registry.npmjs.org/path-key/-/path-key-3.1.1.tgz 3063ms (cache miss)
4905 http fetch GET 200 https://registry.npmjs.org/base64-js/-/base64-js-1.5.1.tgz 3072ms (cache miss)
4906 http fetch GET 200 https://registry.npmjs.org/@expo/schema-utils/-/schema-utils-57.0.2.tgz 3087ms (cache miss)
4907 http fetch GET 200 https://registry.npmjs.org/metro-transform-plugins/-/metro-transform-plugins-0.84.4.tgz 3093ms (cache miss)
4908 http fetch GET 200 https://registry.npmjs.org/picomatch/-/picomatch-4.0.5.tgz 3096ms (cache miss)
4909 http fetch GET 200 https://registry.npmjs.org/@babel/plugin-transform-react-pure-annotations/-/plugin-transform-react-pure-annotations-7.29.7.tgz 3114ms (cache miss)
4910 http fetch GET 200 https://registry.npmjs.org/metro-transform-worker/-/metro-transform-worker-0.84.4.tgz 3122ms (cache miss)
4911 http fetch GET 200 https://registry.npmjs.org/metro-symbolicate/-/metro-symbolicate-0.84.4.tgz 3130ms (cache miss)
4912 http fetch GET 200 https://registry.npmjs.org/postcss/-/postcss-8.5.25.tgz 3131ms (cache miss)
4913 http fetch GET 200 https://registry.npmjs.org/jsc-safe-url/-/jsc-safe-url-0.2.4.tgz 3140ms (cache miss)
4914 http fetch GET 200 https://registry.npmjs.org/@expo/metro-runtime/-/metro-runtime-57.0.8.tgz 3147ms (cache miss)
4915 http fetch GET 200 https://registry.npmjs.org/@babel/plugin-transform-logical-assignment-operators/-/plugin-transform-logical-assignment-operators-7.29.7.tgz 3275ms (cache miss)
4916 http fetch GET 200 https://registry.npmjs.org/metro-core/-/metro-core-0.84.4.tgz 3273ms (cache miss)
4917 http fetch GET 200 https://registry.npmjs.org/metro-minify-terser/-/metro-minify-terser-0.84.4.tgz 3273ms (cache miss)
4918 http fetch GET 200 https://registry.npmjs.org/@babel/plugin-transform-class-static-block/-/plugin-transform-class-static-block-7.29.7.tgz 3276ms (cache miss)
4919 http fetch GET 200 https://registry.npmjs.org/metro-babel-transformer/-/metro-babel-transformer-0.84.4.tgz 3279ms (cache miss)
4920 http fetch GET 200 https://registry.npmjs.org/metro-cache-key/-/metro-cache-key-0.84.4.tgz 3280ms (cache miss)
4921 http fetch GET 200 https://registry.npmjs.org/resolve-from/-/resolve-from-5.0.0.tgz 3280ms (cache miss)
4922 http fetch GET 200 https://registry.npmjs.org/metro-cache/-/metro-cache-0.84.4.tgz 3280ms (cache miss)
4923 http fetch GET 200 https://registry.npmjs.org/anser/-/anser-1.4.10.tgz 3288ms (cache miss)
4924 http fetch GET 200 https://registry.npmjs.org/@babel/plugin-transform-object-rest-spread/-/plugin-transform-object-rest-spread-7.29.7.tgz 3292ms (cache miss)
4925 http fetch GET 200 https://registry.npmjs.org/ignore/-/ignore-5.3.2.tgz 3293ms (cache miss)
4926 http fetch GET 200 https://registry.npmjs.org/stacktrace-parser/-/stacktrace-parser-0.1.11.tgz 3293ms (cache miss)
4927 http fetch GET 200 https://registry.npmjs.org/lightningcss/-/lightningcss-1.33.0.tgz 3298ms (cache miss)
4928 http fetch GET 200 https://registry.npmjs.org/xml2js/-/xml2js-0.6.0.tgz 3297ms (cache miss)
4929 http fetch GET 200 https://registry.npmjs.org/@xmldom/xmldom/-/xmldom-0.8.13.tgz 3299ms (cache miss)
4930 http fetch GET 200 https://registry.npmjs.org/chalk/-/chalk-4.1.2.tgz 3299ms (cache miss)
4931 http fetch GET 200 https://registry.npmjs.org/metro-source-map/-/metro-source-map-0.84.4.tgz 3315ms (cache miss)
4932 http fetch GET 200 https://registry.npmjs.org/metro-resolver/-/metro-resolver-0.84.4.tgz 3320ms (cache miss)
4933 http fetch GET 200 https://registry.npmjs.org/minimatch/-/minimatch-10.2.6.tgz 3320ms (cache miss)
4934 http fetch GET 200 https://registry.npmjs.org/resolve-workspace-root/-/resolve-workspace-root-2.0.1.tgz 3327ms (cache miss)
4935 http fetch GET 200 https://registry.npmjs.org/deepmerge/-/deepmerge-4.3.1.tgz 3345ms (cache miss)
4936 http fetch GET 200 https://registry.npmjs.org/getenv/-/getenv-2.0.0.tgz 3345ms (cache miss)
4937 http fetch GET 200 https://registry.npmjs.org/xcode/-/xcode-3.0.1.tgz 3350ms (cache miss)
4938 http fetch GET 200 https://registry.npmjs.org/metro-file-map/-/metro-file-map-0.84.4.tgz 3354ms (cache miss)
4939 http fetch GET 200 https://registry.npmjs.org/arg/-/arg-5.0.2.tgz 3356ms (cache miss)
4940 http fetch GET 200 https://registry.npmjs.org/whatwg-url-minimum/-/whatwg-url-minimum-0.1.2.tgz 3366ms (cache miss)
4941 http fetch GET 200 https://registry.npmjs.org/@expo/require-utils/-/require-utils-57.0.4.tgz 3401ms (cache miss)
4942 http fetch GET 200 https://registry.npmjs.org/slugify/-/slugify-1.6.9.tgz 3796ms (cache miss)
4943 http fetch GET 200 https://registry.npmjs.org/@expo/local-build-cache-provider/-/local-build-cache-provider-57.0.5.tgz 3795ms (cache miss)
4944 http fetch GET 200 https://registry.npmjs.org/@ungap/structured-clone/-/structured-clone-1.3.3.tgz 3796ms (cache miss)
4945 http fetch GET 200 https://registry.npmjs.org/@expo/spawn-async/-/spawn-async-1.8.0.tgz 3800ms (cache miss)
4946 http fetch GET 200 https://registry.npmjs.org/pretty-format/-/pretty-format-29.7.0.tgz 3798ms (cache miss)
4947 http fetch GET 200 https://registry.npmjs.org/@expo/plist/-/plist-0.8.1.tgz 3803ms (cache miss)
4948 http fetch GET 200 https://registry.npmjs.org/@expo/sdk-runtime-versions/-/sdk-runtime-versions-1.0.0.tgz 3807ms (cache miss)
4949 http fetch GET 200 https://registry.npmjs.org/@expo/json-file/-/json-file-11.0.1.tgz 3823ms (cache miss)
4950 http fetch GET 200 https://registry.npmjs.org/update-browserslist-db/-/update-browserslist-db-1.2.3.tgz 3826ms (cache miss)
4951 http fetch GET 200 https://registry.npmjs.org/@expo/env/-/env-2.4.2.tgz 3828ms (cache miss)
4952 http fetch GET 200 https://registry.npmjs.org/ms/-/ms-2.1.3.tgz 3844ms (cache miss)
4953 http fetch GET 200 https://registry.npmjs.org/node-releases/-/node-releases-2.0.51.tgz 3851ms (cache miss)
4954 http fetch GET 200 https://registry.npmjs.org/baseline-browser-mapping/-/baseline-browser-mapping-2.11.7.tgz 3893ms (cache miss)
4955 http fetch GET 200 https://registry.npmjs.org/glob/-/glob-13.0.6.tgz 3904ms (cache miss)
4956 http fetch GET 200 https://registry.npmjs.org/lodash.debounce/-/lodash.debounce-4.0.8.tgz 3919ms (cache miss)
4957 http fetch GET 200 https://registry.npmjs.org/@expo/config-types/-/config-types-57.0.2.tgz 3935ms (cache miss)
4958 http fetch GET 200 https://registry.npmjs.org/invariant/-/invariant-2.2.4.tgz 3933ms (cache miss)
4959 http fetch GET 200 https://registry.npmjs.org/core-js-compat/-/core-js-compat-3.49.0.tgz 3941ms (cache miss)
4960 http fetch GET 200 https://registry.npmjs.org/electron-to-chromium/-/electron-to-chromium-1.5.398.tgz 3945ms (cache miss)
4961 http fetch GET 200 https://registry.npmjs.org/@babel/helper-string-parser/-/helper-string-parser-7.29.7.tgz 3948ms (cache miss)
4962 http fetch GET 200 https://registry.npmjs.org/@babel/plugin-syntax-typescript/-/plugin-syntax-typescript-7.29.7.tgz 4530ms (cache miss)
4963 http fetch GET 200 https://registry.npmjs.org/babel-plugin-polyfill-regenerator/-/babel-plugin-polyfill-regenerator-0.6.8.tgz 4529ms (cache miss)
4964 http fetch GET 200 https://registry.npmjs.org/tinyglobby/-/tinyglobby-0.2.17.tgz 4531ms (cache miss)
4965 http fetch GET 200 https://registry.npmjs.org/@jridgewell/resolve-uri/-/resolve-uri-3.1.2.tgz 4532ms (cache miss)
4966 http fetch GET 200 https://registry.npmjs.org/@babel/plugin-syntax-flow/-/plugin-syntax-flow-7.29.7.tgz 4530ms (cache miss)
4967 http fetch GET 200 https://registry.npmjs.org/@babel/helper-optimise-call-expression/-/helper-optimise-call-expression-7.29.7.tgz 4530ms (cache miss)
4968 http fetch GET 200 https://registry.npmjs.org/@babel/helper-member-expression-to-functions/-/helper-member-expression-to-functions-7.29.7.tgz 4531ms (cache miss)
4969 http fetch GET 200 https://registry.npmjs.org/@babel/helper-skip-transparent-expression-wrappers/-/helper-skip-transparent-expression-wrappers-7.29.7.tgz 4531ms (cache miss)
4970 http fetch GET 200 https://registry.npmjs.org/@babel/helper-annotate-as-pure/-/helper-annotate-as-pure-7.29.7.tgz 4530ms (cache miss)
4971 http fetch GET 200 https://registry.npmjs.org/@babel/helper-remap-async-to-generator/-/helper-remap-async-to-generator-7.29.7.tgz 4530ms (cache miss)
4972 http fetch GET 200 https://registry.npmjs.org/lru-cache/-/lru-cache-5.1.1.tgz 4530ms (cache miss)
4973 http fetch GET 200 https://registry.npmjs.org/@babel/helper-validator-option/-/helper-validator-option-7.29.7.tgz 4530ms (cache miss)
4974 http fetch GET 200 https://registry.npmjs.org/@babel/plugin-syntax-jsx/-/plugin-syntax-jsx-7.29.7.tgz 4532ms (cache miss)
4975 http fetch GET 200 https://registry.npmjs.org/@babel/helper-plugin-utils/-/helper-plugin-utils-7.29.7.tgz 4530ms (cache miss)
4976 http fetch GET 200 https://registry.npmjs.org/@babel/helper-globals/-/helper-globals-7.29.7.tgz 4532ms (cache miss)
4977 http fetch GET 200 https://registry.npmjs.org/@babel/compat-data/-/compat-data-7.29.7.tgz 4530ms (cache miss)
4978 http fetch GET 200 https://registry.npmjs.org/js-tokens/-/js-tokens-4.0.0.tgz 4529ms (cache miss)
4979 http fetch GET 200 https://registry.npmjs.org/picocolors/-/picocolors-1.1.1.tgz 4530ms (cache miss)
4980 http fetch GET 200 https://registry.npmjs.org/@babel/helper-validator-identifier/-/helper-validator-identifier-7.29.7.tgz 4530ms (cache miss)
4981 http fetch GET 200 https://registry.npmjs.org/@jridgewell/remapping/-/remapping-2.3.5.tgz 4530ms (cache miss)
4982 http fetch GET 200 https://registry.npmjs.org/@babel/helper-module-imports/-/helper-module-imports-7.29.7.tgz 4531ms (cache miss)
4983 http fetch GET 200 https://registry.npmjs.org/@babel/helper-compilation-targets/-/helper-compilation-targets-7.29.7.tgz 4530ms (cache miss)
4984 http fetch GET 200 https://registry.npmjs.org/@babel/helper-wrap-function/-/helper-wrap-function-7.29.7.tgz 4533ms (cache miss)
4985 http fetch GET 200 https://registry.npmjs.org/@babel/helper-replace-supers/-/helper-replace-supers-7.29.7.tgz 4535ms (cache miss)
4986 http fetch GET 200 https://registry.npmjs.org/@babel/helper-create-regexp-features-plugin/-/helper-create-regexp-features-plugin-7.29.7.tgz 4537ms (cache miss)
4987 http fetch GET 200 https://registry.npmjs.org/browserslist/-/browserslist-4.28.7.tgz 4535ms (cache miss)
4988 http fetch GET 200 https://registry.npmjs.org/jsesc/-/jsesc-3.1.0.tgz 4536ms (cache miss)
4989 http fetch GET 200 https://registry.npmjs.org/babel-plugin-syntax-hermes-parser/-/babel-plugin-syntax-hermes-parser-0.36.0.tgz 4535ms (cache miss)
4990 http fetch GET 200 https://registry.npmjs.org/debug/-/debug-4.4.3.tgz 4536ms (cache miss)
4991 http fetch GET 200 https://registry.npmjs.org/react-refresh/-/react-refresh-0.14.2.tgz 4541ms (cache miss)
4992 http fetch GET 200 https://registry.npmjs.org/@babel/code-frame/-/code-frame-7.29.7.tgz 4543ms (cache miss)
4993 http fetch GET 200 https://registry.npmjs.org/regexpu-core/-/regexpu-core-6.4.0.tgz 4550ms (cache miss)
4994 http fetch GET 200 https://registry.npmjs.org/babel-plugin-polyfill-corejs2/-/babel-plugin-polyfill-corejs2-0.4.17.tgz 4551ms (cache miss)
4995 http fetch GET 200 https://registry.npmjs.org/csstype/-/csstype-3.2.3.tgz 4562ms (cache miss)
4996 http fetch GET 200 https://registry.npmjs.org/babel-plugin-polyfill-corejs3/-/babel-plugin-polyfill-corejs3-0.13.0.tgz 4574ms (cache miss)
4997 http fetch GET 200 https://registry.npmjs.org/@babel/plugin-transform-unicode-regex/-/plugin-transform-unicode-regex-7.29.7.tgz 4572ms (cache miss)
4998 http fetch GET 200 https://registry.npmjs.org/@babel/template/-/template-7.29.7.tgz 4577ms (cache miss)
4999 http fetch GET 200 https://registry.npmjs.org/@react-native/babel-plugin-codegen/-/babel-plugin-codegen-0.86.2.tgz 4579ms (cache miss)
5000 http fetch GET 200 https://registry.npmjs.org/@babel/helper-module-transforms/-/helper-module-transforms-7.29.7.tgz 4582ms (cache miss)
5001 http fetch GET 200 https://registry.npmjs.org/@expo/config/-/config-57.0.6.tgz 4591ms (cache miss)
5002 http fetch GET 200 https://registry.npmjs.org/babel-plugin-transform-flow-enums/-/babel-plugin-transform-flow-enums-0.0.2.tgz 4585ms (cache miss)
5003 http fetch GET 200 https://registry.npmjs.org/@babel/helper-define-polyfill-provider/-/helper-define-polyfill-provider-0.6.8.tgz 4593ms (cache miss)
5004 http fetch GET 200 https://registry.npmjs.org/@babel/helper-create-class-features-plugin/-/helper-create-class-features-plugin-7.29.7.tgz 4590ms (cache miss)
5005 http fetch GET 200 https://registry.npmjs.org/@jridgewell/sourcemap-codec/-/sourcemap-codec-1.5.5.tgz 4594ms (cache miss)
5006 http fetch GET 200 https://registry.npmjs.org/@jridgewell/gen-mapping/-/gen-mapping-0.3.13.tgz 4600ms (cache miss)
5007 http fetch GET 200 https://registry.npmjs.org/@babel/plugin-transform-typescript/-/plugin-transform-typescript-7.29.7.tgz 4605ms (cache miss)
5008 http fetch GET 200 https://registry.npmjs.org/@babel/plugin-transform-react-jsx-self/-/plugin-transform-react-jsx-self-7.29.7.tgz 4607ms (cache miss)
5009 http fetch GET 200 https://registry.npmjs.org/@babel/parser/-/parser-7.29.7.tgz 4630ms (cache miss)
5010 http fetch GET 200 https://registry.npmjs.org/@babel/plugin-transform-react-jsx/-/plugin-transform-react-jsx-7.29.7.tgz 4643ms (cache miss)
5011 http fetch GET 200 https://registry.npmjs.org/@babel/plugin-transform-react-display-name/-/plugin-transform-react-display-name-7.29.7.tgz 4643ms (cache miss)
5012 http fetch GET 200 https://registry.npmjs.org/@jridgewell/trace-mapping/-/trace-mapping-0.3.31.tgz 4645ms (cache miss)
5013 http fetch GET 200 https://registry.npmjs.org/@babel/plugin-transform-optional-chaining/-/plugin-transform-optional-chaining-7.29.7.tgz 4645ms (cache miss)
5014 http fetch GET 200 https://registry.npmjs.org/@babel/plugin-transform-named-capturing-groups-regex/-/plugin-transform-named-capturing-groups-regex-7.29.7.tgz 4663ms (cache miss)
5015 http fetch GET 200 https://registry.npmjs.org/@expo/devtools/-/devtools-57.0.1.tgz 4672ms (cache miss)
5016 http fetch GET 200 https://registry.npmjs.org/@babel/plugin-transform-private-methods/-/plugin-transform-private-methods-7.29.7.tgz 4672ms (cache miss)
5017 http fetch GET 200 https://registry.npmjs.org/yargs/-/yargs-17.7.3.tgz 4679ms (cache miss)
5018 http fetch GET 200 https://registry.npmjs.org/expo-keep-awake/-/expo-keep-awake-57.0.1.tgz 4687ms (cache miss)
5019 http fetch GET 200 https://registry.npmjs.org/@babel/plugin-transform-nullish-coalescing-operator/-/plugin-transform-nullish-coalescing-operator-7.29.7.tgz 4681ms (cache miss)
5020 http fetch GET 200 https://registry.npmjs.org/@babel/plugin-transform-classes/-/plugin-transform-classes-7.29.7.tgz 4717ms (cache miss)
5021 http fetch GET 200 https://registry.npmjs.org/@babel/plugin-transform-optional-catch-binding/-/plugin-transform-optional-catch-binding-7.29.7.tgz 4721ms (cache miss)
5022 http fetch GET 200 https://registry.npmjs.org/@babel/plugin-transform-react-jsx-source/-/plugin-transform-react-jsx-source-7.29.7.tgz 4726ms (cache miss)
5023 http fetch GET 200 https://registry.npmjs.org/@babel/plugin-transform-modules-commonjs/-/plugin-transform-modules-commonjs-7.29.7.tgz 4727ms (cache miss)
5024 http fetch GET 200 https://registry.npmjs.org/@expo/fingerprint/-/fingerprint-0.20.6.tgz 4736ms (cache miss)
5025 http fetch GET 200 https://registry.npmjs.org/@babel/plugin-transform-regenerator/-/plugin-transform-regenerator-7.29.7.tgz 4737ms (cache miss)
5026 http fetch GET 200 https://registry.npmjs.org/@babel/plugin-transform-destructuring/-/plugin-transform-destructuring-7.29.7.tgz 4742ms (cache miss)
5027 http fetch GET 200 https://registry.npmjs.org/metro/-/metro-0.84.4.tgz 4756ms (cache miss)
5028 http fetch GET 200 https://registry.npmjs.org/@babel/traverse/-/traverse-7.29.7.tgz 4747ms (cache miss)
5029 http fetch GET 200 https://registry.npmjs.org/@expo/log-box/-/log-box-57.0.2.tgz 4754ms (cache miss)
5030 http fetch GET 200 https://registry.npmjs.org/@babel/plugin-transform-flow-strip-types/-/plugin-transform-flow-strip-types-7.29.7.tgz 4759ms (cache miss)
5031 http fetch GET 200 https://registry.npmjs.org/babel-preset-expo/-/babel-preset-expo-57.0.5.tgz 4767ms (cache miss)
5032 http fetch GET 200 https://registry.npmjs.org/@babel/plugin-transform-runtime/-/plugin-transform-runtime-7.29.7.tgz 4764ms (cache miss)
5033 http fetch GET 200 https://registry.npmjs.org/@babel/plugin-transform-private-property-in-object/-/plugin-transform-private-property-in-object-7.29.7.tgz 4764ms (cache miss)
5034 http fetch GET 200 https://registry.npmjs.org/@babel/plugin-syntax-optional-chaining/-/plugin-syntax-optional-chaining-7.8.3.tgz 4780ms (cache miss)
5035 http fetch GET 200 https://registry.npmjs.org/@babel/plugin-transform-class-properties/-/plugin-transform-class-properties-7.29.7.tgz 4790ms (cache miss)
5036 http fetch GET 200 https://registry.npmjs.org/@babel/plugin-syntax-dynamic-import/-/plugin-syntax-dynamic-import-7.8.3.tgz 4791ms (cache miss)
5037 http fetch GET 200 https://registry.npmjs.org/resolve/-/resolve-1.22.12.tgz 4803ms (cache miss)
5038 http fetch GET 200 https://registry.npmjs.org/@expo/dom-webview/-/dom-webview-57.0.1.tgz 4812ms (cache miss)
5039 http fetch GET 200 https://registry.npmjs.org/@babel/plugin-syntax-nullish-coalescing-operator/-/plugin-syntax-nullish-coalescing-operator-7.8.3.tgz 4811ms (cache miss)
5040 http fetch GET 200 https://registry.npmjs.org/@babel/plugin-syntax-export-default-from/-/plugin-syntax-export-default-from-7.29.7.tgz 4814ms (cache miss)
5041 http fetch GET 200 https://registry.npmjs.org/expo-asset/-/expo-asset-57.0.8.tgz 4829ms (cache miss)
5042 http fetch GET 200 https://registry.npmjs.org/@babel/plugin-transform-async-to-generator/-/plugin-transform-async-to-generator-7.29.7.tgz 4822ms (cache miss)
5043 http fetch GET 200 https://registry.npmjs.org/nullthrows/-/nullthrows-1.1.1.tgz 4821ms (cache miss)
5044 http fetch GET 200 https://registry.npmjs.org/metro-runtime/-/metro-runtime-0.84.4.tgz 4837ms (cache miss)
5045 http fetch GET 200 https://registry.npmjs.org/gensync/-/gensync-1.0.0-beta.2.tgz 4858ms (cache miss)
5046 http fetch GET 200 https://registry.npmjs.org/@expo/metro-config/-/metro-config-57.0.7.tgz 4878ms (cache miss)
5047 http fetch GET 200 https://registry.npmjs.org/@react-native/babel-preset/-/babel-preset-0.86.2.tgz 4869ms (cache miss)
5048 http fetch GET 200 https://registry.npmjs.org/@babel/runtime/-/runtime-7.29.7.tgz 4883ms (cache miss)
5049 http fetch GET 200 https://registry.npmjs.org/convert-source-map/-/convert-source-map-2.0.0.tgz 4885ms (cache miss)
5050 http fetch GET 200 https://registry.npmjs.org/@babel/types/-/types-7.29.7.tgz 4939ms (cache miss)
5051 http fetch GET 200 https://registry.npmjs.org/hermes-parser/-/hermes-parser-0.36.0.tgz 4943ms (cache miss)
5052 http fetch GET 200 https://registry.npmjs.org/@babel/helpers/-/helpers-7.29.7.tgz 4972ms (cache miss)
5053 http fetch GET 200 https://registry.npmjs.org/@babel/plugin-transform-async-generator-functions/-/plugin-transform-async-generator-functions-7.29.7.tgz 4984ms (cache miss)
5054 http fetch GET 200 https://registry.npmjs.org/@react-native/js-polyfills/-/js-polyfills-0.86.2.tgz 4981ms (cache miss)
5055 http fetch GET 200 https://registry.npmjs.org/@react-native/codegen/-/codegen-0.86.2.tgz 4991ms (cache miss)
5056 http fetch GET 200 https://registry.npmjs.org/@babel/core/-/core-7.29.7.tgz 4984ms (cache miss)
5057 http fetch GET 200 https://registry.npmjs.org/@expo/config-plugins/-/config-plugins-57.0.6.tgz 4994ms (cache miss)
5058 http fetch GET 200 https://registry.npmjs.org/expo-modules-autolinking/-/expo-modules-autolinking-57.0.9.tgz 5014ms (cache miss)
5059 http fetch GET 200 https://registry.npmjs.org/metro-config/-/metro-config-0.84.4.tgz 5013ms (cache miss)
5060 http fetch GET 200 https://registry.npmjs.org/@babel/plugin-proposal-export-default-from/-/plugin-proposal-export-default-from-7.29.7.tgz 5044ms (cache miss)
5061 http fetch GET 200 https://registry.npmjs.org/expo-file-system/-/expo-file-system-57.0.1.tgz 5062ms (cache miss)
5062 http fetch GET 200 https://registry.npmjs.org/@react-native/metro-config/-/metro-config-0.86.2.tgz 5072ms (cache miss)
5063 http fetch GET 200 https://registry.npmjs.org/semver/-/semver-7.8.5.tgz 5076ms (cache miss)
5064 http fetch GET 200 https://registry.npmjs.org/@react-native/metro-babel-transformer/-/metro-babel-transformer-0.86.2.tgz 5114ms (cache miss)
5065 http fetch GET 200 https://registry.npmjs.org/@expo/metro/-/metro-56.0.0.tgz 5125ms (cache miss)
5066 http fetch GET 200 https://registry.npmjs.org/@babel/plugin-transform-for-of/-/plugin-transform-for-of-7.29.7.tgz 5128ms (cache miss)
5067 http fetch GET 200 https://registry.npmjs.org/expo-status-bar/-/expo-status-bar-57.0.1.tgz 5165ms (cache miss)
5068 http fetch GET 200 https://registry.npmjs.org/expo-symbols/-/expo-symbols-57.0.1.tgz 5175ms (cache miss)
5069 http fetch GET 200 https://registry.npmjs.org/react/-/react-19.2.3.tgz 5222ms (cache miss)
5070 http fetch GET 200 https://registry.npmjs.org/react-dom/-/react-dom-19.2.3.tgz 5241ms (cache miss)
5071 http fetch GET 200 https://registry.npmjs.org/@types/react/-/react-19.2.17.tgz 5235ms (cache miss)
5072 http fetch GET 200 https://registry.npmjs.org/supports-color/-/supports-color-5.5.0.tgz 5244ms (cache miss)
5073 http fetch GET 200 https://registry.npmjs.org/ansi-styles/-/ansi-styles-3.2.1.tgz 5261ms (cache miss)
5074 http fetch GET 200 https://registry.npmjs.org/expo-constants/-/expo-constants-57.0.8.tgz 5278ms (cache miss)
5075 http fetch GET 200 https://registry.npmjs.org/expo-linking/-/expo-linking-57.0.4.tgz 5300ms (cache miss)
5076 http fetch GET 200 https://registry.npmjs.org/json5/-/json5-2.2.3.tgz 5300ms (cache miss)
5077 http fetch GET 200 https://registry.npmjs.org/color-convert/-/color-convert-1.9.3.tgz 5330ms (cache miss)
5078 http fetch GET 200 https://registry.npmjs.org/has-flag/-/has-flag-3.0.0.tgz 5331ms (cache miss)
5079 http fetch GET 200 https://registry.npmjs.org/escape-string-regexp/-/escape-string-regexp-1.0.5.tgz 5336ms (cache miss)
5080 http fetch GET 200 https://registry.npmjs.org/chalk/-/chalk-2.4.2.tgz 5345ms (cache miss)
5081 http fetch GET 200 https://registry.npmjs.org/has-flag/-/has-flag-3.0.0.tgz 5363ms (cache miss)
5082 http fetch GET 200 https://registry.npmjs.org/type-fest/-/type-fest-0.21.3.tgz 5365ms (cache miss)
5083 http fetch GET 200 https://registry.npmjs.org/color-name/-/color-name-1.1.3.tgz 5364ms (cache miss)
5084 http fetch GET 200 https://registry.npmjs.org/color-name/-/color-name-1.1.3.tgz 5365ms (cache miss)
5085 http fetch GET 200 https://registry.npmjs.org/expo-splash-screen/-/expo-splash-screen-57.0.5.tgz 5369ms (cache miss)
5086 http fetch GET 200 https://registry.npmjs.org/expo-font/-/expo-font-57.0.1.tgz 5386ms (cache miss)
5087 http fetch GET 200 https://registry.npmjs.org/color-convert/-/color-convert-1.9.3.tgz 5408ms (cache miss)
5088 http fetch GET 200 https://registry.npmjs.org/escape-string-regexp/-/escape-string-regexp-1.0.5.tgz 5423ms (cache miss)
5089 http fetch GET 200 https://registry.npmjs.org/@babel/plugin-transform-block-scoping/-/plugin-transform-block-scoping-7.29.7.tgz 5433ms (cache miss)
5090 http fetch GET 200 https://registry.npmjs.org/supports-color/-/supports-color-5.5.0.tgz 5433ms (cache miss)
5091 http fetch GET 200 https://registry.npmjs.org/strip-ansi/-/strip-ansi-5.2.0.tgz 5434ms (cache miss)
5092 http fetch GET 200 https://registry.npmjs.org/ansi-styles/-/ansi-styles-3.2.1.tgz 5434ms (cache miss)
5093 http fetch GET 200 https://registry.npmjs.org/ansi-regex/-/ansi-regex-4.1.1.tgz 5435ms (cache miss)
5094 http fetch GET 200 https://registry.npmjs.org/lru-cache/-/lru-cache-10.4.3.tgz 5444ms (cache miss)
5095 http fetch GET 200 https://registry.npmjs.org/debug/-/debug-2.6.9.tgz 5449ms (cache miss)
5096 http fetch GET 200 https://registry.npmjs.org/react-native-safe-area-context/-/react-native-safe-area-context-5.7.0.tgz 5462ms (cache miss)
5097 http fetch GET 200 https://registry.npmjs.org/chalk/-/chalk-2.4.2.tgz 5469ms (cache miss)
5098 http fetch GET 200 https://registry.npmjs.org/@xmldom/xmldom/-/xmldom-0.9.10.tgz 5485ms (cache miss)
5099 http fetch GET 200 https://registry.npmjs.org/@babel/generator/-/generator-7.29.7.tgz 5508ms (cache miss)
5100 http fetch GET 200 https://registry.npmjs.org/statuses/-/statuses-2.0.2.tgz 5495ms (cache miss)
5101 http fetch GET 200 https://registry.npmjs.org/negotiator/-/negotiator-0.6.4.tgz 5497ms (cache miss)
5102 http fetch GET 200 https://registry.npmjs.org/statuses/-/statuses-2.0.2.tgz 5502ms (cache miss)
5103 http fetch GET 200 https://registry.npmjs.org/on-finished/-/on-finished-2.4.1.tgz 5504ms (cache miss)
5104 http fetch GET 200 https://registry.npmjs.org/source-map/-/source-map-0.6.1.tgz 5540ms (cache miss)
5105 http fetch GET 200 https://registry.npmjs.org/ms/-/ms-2.0.0.tgz 5540ms (cache miss)
5106 http fetch GET 200 https://registry.npmjs.org/encodeurl/-/encodeurl-2.0.0.tgz 5540ms (cache miss)
5107 http fetch GET 200 https://registry.npmjs.org/debug/-/debug-2.6.9.tgz 5542ms (cache miss)
5108 http fetch GET 200 https://registry.npmjs.org/typescript/-/typescript-6.0.3.tgz 5557ms (cache miss)
5109 http fetch GET 200 https://registry.npmjs.org/promise/-/promise-7.3.1.tgz 5561ms (cache miss)
5110 http fetch GET 200 https://registry.npmjs.org/caniuse-lite/-/caniuse-lite-1.0.30001806.tgz 5599ms (cache miss)
5111 http fetch GET 200 https://registry.npmjs.org/react-native-worklets/-/react-native-worklets-0.10.1.tgz 5660ms (cache miss)
5112 http fetch GET 200 https://registry.npmjs.org/encodeurl/-/encodeurl-2.0.0.tgz 5725ms (cache miss)
5113 http fetch GET 200 https://registry.npmjs.org/ms/-/ms-2.0.0.tgz 5726ms (cache miss)
5114 http fetch GET 200 https://registry.npmjs.org/ms/-/ms-2.0.0.tgz 5725ms (cache miss)
5115 http fetch GET 200 https://registry.npmjs.org/ms/-/ms-2.0.0.tgz 5725ms (cache miss)
5116 http fetch GET 200 https://registry.npmjs.org/commander/-/commander-2.20.3.tgz 5726ms (cache miss)
5117 http fetch GET 200 https://registry.npmjs.org/ci-info/-/ci-info-3.9.0.tgz 5726ms (cache miss)
5118 http fetch GET 200 https://registry.npmjs.org/debug/-/debug-3.2.7.tgz 5729ms (cache miss)
5119 http fetch GET 200 https://registry.npmjs.org/picomatch/-/picomatch-2.3.2.tgz 5729ms (cache miss)
5120 http fetch GET 200 https://registry.npmjs.org/picomatch/-/picomatch-2.3.2.tgz 5729ms (cache miss)
5121 http fetch GET 200 https://registry.npmjs.org/debug/-/debug-2.6.9.tgz 5730ms (cache miss)
5122 http fetch GET 200 https://registry.npmjs.org/debug/-/debug-2.6.9.tgz 5731ms (cache miss)
5123 http fetch GET 200 https://registry.npmjs.org/react-is/-/react-is-17.0.2.tgz 5775ms (cache miss)
5124 http fetch GET 200 https://registry.npmjs.org/ms/-/ms-2.0.0.tgz 5778ms (cache miss)
5125 http fetch GET 200 https://registry.npmjs.org/debug/-/debug-2.6.9.tgz 5782ms (cache miss)
5126 http fetch GET 200 https://registry.npmjs.org/ansi-styles/-/ansi-styles-5.2.0.tgz 5788ms (cache miss)
5127 http fetch GET 200 https://registry.npmjs.org/hermes-estree/-/hermes-estree-0.35.0.tgz 5790ms (cache miss)
5128 http fetch GET 200 https://registry.npmjs.org/hermes-estree/-/hermes-estree-0.35.0.tgz 5800ms (cache miss)
5129 http fetch GET 200 https://registry.npmjs.org/@expo/ui/-/ui-57.0.8.tgz 5840ms (cache miss)
5130 http fetch GET 200 https://registry.npmjs.org/supports-color/-/supports-color-8.1.1.tgz 5826ms (cache miss)
5131 http fetch GET 200 https://registry.npmjs.org/ansi-styles/-/ansi-styles-5.2.0.tgz 5828ms (cache miss)
5132 http fetch GET 200 https://registry.npmjs.org/react-is/-/react-is-18.3.1.tgz 5836ms (cache miss)
5133 http fetch GET 200 https://registry.npmjs.org/semver/-/semver-6.3.1.tgz 5841ms (cache miss)
5134 http fetch GET 200 https://registry.npmjs.org/semver/-/semver-6.3.1.tgz 5841ms (cache miss)
5135 http fetch GET 200 https://registry.npmjs.org/semver/-/semver-6.3.1.tgz 5842ms (cache miss)
5136 http fetch GET 200 https://registry.npmjs.org/pretty-format/-/pretty-format-27.5.1.tgz 5845ms (cache miss)
5137 http fetch GET 200 https://registry.npmjs.org/xmlbuilder/-/xmlbuilder-11.0.1.tgz 5888ms (cache miss)
5138 http fetch GET 200 https://registry.npmjs.org/semver/-/semver-6.3.1.tgz 5894ms (cache miss)
5139 http fetch GET 200 https://registry.npmjs.org/semver/-/semver-6.3.1.tgz 5919ms (cache miss)
5140 http fetch GET 200 https://registry.npmjs.org/negotiator/-/negotiator-0.6.3.tgz 5923ms (cache miss)
5141 http fetch GET 200 https://registry.npmjs.org/commander/-/commander-12.1.0.tgz 5925ms (cache miss)
5142 http fetch GET 200 https://registry.npmjs.org/lru-cache/-/lru-cache-11.5.2.tgz 5929ms (cache miss)
5143 http fetch GET 200 https://registry.npmjs.org/ci-info/-/ci-info-3.9.0.tgz 5961ms (cache miss)
5144 http fetch GET 200 https://registry.npmjs.org/memoize-one/-/memoize-one-6.0.0.tgz 5962ms (cache miss)
5145 http fetch GET 200 https://registry.npmjs.org/semver/-/semver-6.3.1.tgz 5963ms (cache miss)
5146 http fetch GET 200 https://registry.npmjs.org/ws/-/ws-8.21.1.tgz 5971ms (cache miss)
5147 http fetch GET 200 https://registry.npmjs.org/mime-types/-/mime-types-2.1.35.tgz 5974ms (cache miss)
5148 http fetch GET 200 https://registry.npmjs.org/hermes-parser/-/hermes-parser-0.35.0.tgz 5995ms (cache miss)
5149 http fetch GET 200 https://registry.npmjs.org/expo-web-browser/-/expo-web-browser-57.0.2.tgz 6001ms (cache miss)
5150 http fetch GET 200 https://registry.npmjs.org/accepts/-/accepts-1.3.8.tgz 6007ms (cache miss)
5151 http fetch GET 200 https://registry.npmjs.org/mime-db/-/mime-db-1.52.0.tgz 6033ms (cache miss)
5152 http fetch GET 200 https://registry.npmjs.org/uuid 5890ms (cache miss)
5153 silly packumentCache corgi:https://registry.npmjs.org/uuid set size:undefined disposed:false
5154 silly packumentCache corgi:https://registry.npmjs.org/xcode cache-miss
5155 http fetch GET 200 https://registry.npmjs.org/@expo/router-server/-/router-server-57.0.4.tgz 6093ms (cache miss)
5156 http fetch GET 200 https://registry.npmjs.org/react-native-web/-/react-native-web-0.21.2.tgz 6136ms (cache miss)
5157 http fetch GET 200 https://registry.npmjs.org/@react-native/normalize-colors/-/normalize-colors-0.74.89.tgz 6220ms (cache miss)
5158 http fetch GET 200 https://registry.npmjs.org/@expo/ws-tunnel/-/ws-tunnel-2.0.0.tgz 6221ms (cache miss)
5159 http fetch GET 200 https://registry.npmjs.org/expo-modules-core/-/expo-modules-core-57.0.8.tgz 6321ms (cache miss)
5160 http fetch GET 200 https://registry.npmjs.org/dom-accessibility-api/-/dom-accessibility-api-0.6.3.tgz 6420ms (cache miss)
5161 http fetch GET 200 https://registry.npmjs.org/hermes-parser/-/hermes-parser-0.35.0.tgz 6425ms (cache miss)
5162 http fetch GET 200 https://registry.npmjs.org/@expo/cli/-/cli-57.0.11.tgz 6596ms (cache miss)
5163 http fetch GET 200 https://registry.npmjs.org/expo-router/-/expo-router-57.0.9.tgz 6757ms (cache miss)
5164 http fetch GET 200 https://registry.npmjs.org/react-native-screens/-/react-native-screens-4.26.2.tgz 6814ms (cache miss)
5165 http fetch GET 200 https://registry.npmjs.org/react-native-reanimated/-/react-native-reanimated-4.5.1.tgz 6826ms (cache miss)
5166 http fetch GET 200 https://registry.npmjs.org/expo/-/expo-57.0.9.tgz 7296ms (cache miss)
5167 http fetch GET 200 https://registry.npmjs.org/xcode 1613ms (cache miss)
5168 silly packumentCache corgi:https://registry.npmjs.org/xcode set size:undefined disposed:false
5169 silly packumentCache corgi:https://registry.npmjs.org/@expo%2fconfig-plugins cache-miss
5170 http fetch GET 200 https://registry.npmjs.org/@expo%2fconfig-plugins 110ms (cache miss)
5171 silly packumentCache corgi:https://registry.npmjs.org/@expo%2fconfig-plugins set size:undefined disposed:false
5172 silly packumentCache corgi:https://registry.npmjs.org/expo cache-miss
5173 silly packumentCache corgi:https://registry.npmjs.org/@expo%2fcli cache-miss
5174 silly packumentCache corgi:https://registry.npmjs.org/expo-splash-screen cache-miss
5175 silly packumentCache corgi:https://registry.npmjs.org/@expo%2fconfig cache-miss
5176 silly packumentCache corgi:https://registry.npmjs.org/@expo%2finline-modules cache-miss
5177 silly packumentCache corgi:https://registry.npmjs.org/@expo%2fprebuild-config cache-miss
5178 http fetch GET 200 https://registry.npmjs.org/@expo%2fprebuild-config 102ms (cache miss)
5179 silly packumentCache corgi:https://registry.npmjs.org/@expo%2fprebuild-config set size:undefined disposed:false
5180 http fetch GET 200 https://registry.npmjs.org/@expo%2finline-modules 138ms (cache miss)
5181 silly packumentCache corgi:https://registry.npmjs.org/@expo%2finline-modules set size:undefined disposed:false
5182 http fetch GET 200 https://registry.npmjs.org/@expo%2fconfig 144ms (cache miss)
5183 silly packumentCache corgi:https://registry.npmjs.org/@expo%2fconfig set size:undefined disposed:false
5184 http fetch GET 200 https://registry.npmjs.org/expo-splash-screen 152ms (cache miss)
5185 silly packumentCache corgi:https://registry.npmjs.org/expo-splash-screen set size:undefined disposed:false
5186 http fetch GET 200 https://registry.npmjs.org/@expo%2fcli 158ms (cache miss)
5187 silly packumentCache corgi:https://registry.npmjs.org/@expo%2fcli set size:undefined disposed:false
5188 http fetch GET 200 https://registry.npmjs.org/expo 885ms (cache miss)
5189 silly packumentCache corgi:https://registry.npmjs.org/expo set size:undefined disposed:false
5190 silly packumentCache corgi:https://registry.npmjs.org/@expo%2flocal-build-cache-provider cache-miss
5191 silly packumentCache corgi:https://registry.npmjs.org/@expo%2fmetro-config cache-miss
5192 http fetch GET 200 https://registry.npmjs.org/@expo%2flocal-build-cache-provider 138ms (cache miss)
5193 silly packumentCache corgi:https://registry.npmjs.org/@expo%2flocal-build-cache-provider set size:undefined disposed:false
5194 http fetch GET 200 https://registry.npmjs.org/@expo%2fmetro-config 171ms (cache miss)
5195 silly packumentCache corgi:https://registry.npmjs.org/@expo%2fmetro-config set size:undefined disposed:false
5196 silly packumentCache corgi:https://registry.npmjs.org/expo-constants cache-miss
5197 silly packumentCache corgi:https://registry.npmjs.org/expo-font cache-miss
5198 silly packumentCache corgi:https://registry.npmjs.org/expo-router cache-miss
5199 silly packumentCache corgi:https://registry.npmjs.org/expo-status-bar cache-miss
5200 silly packumentCache corgi:https://registry.npmjs.org/expo-symbols cache-miss
5201 silly packumentCache corgi:https://registry.npmjs.org/expo-web-browser cache-miss
5202 silly packumentCache corgi:https://registry.npmjs.org/@expo%2fdom-webview cache-miss
5203 silly packumentCache corgi:https://registry.npmjs.org/@expo%2flog-box cache-miss
5204 silly packumentCache corgi:https://registry.npmjs.org/babel-preset-expo cache-miss
5205 silly packumentCache corgi:https://registry.npmjs.org/expo-asset cache-miss
5206 silly packumentCache corgi:https://registry.npmjs.org/expo-file-system cache-miss
5207 silly packumentCache corgi:https://registry.npmjs.org/expo-keep-awake cache-miss
5208 silly packumentCache corgi:https://registry.npmjs.org/@expo%2fmetro-runtime cache-miss
5209 silly packumentCache corgi:https://registry.npmjs.org/@expo%2fui cache-miss
5210 silly packumentCache corgi:https://registry.npmjs.org/expo-glass-effect cache-miss
5211 silly packumentCache corgi:https://registry.npmjs.org/@expo%2frouter-server cache-miss
5212 http fetch GET 200 https://registry.npmjs.org/expo-glass-effect 204ms (cache miss)
5213 silly packumentCache corgi:https://registry.npmjs.org/expo-glass-effect set size:undefined disposed:false
5214 http fetch GET 200 https://registry.npmjs.org/expo-symbols 214ms (cache miss)
5215 silly packumentCache corgi:https://registry.npmjs.org/expo-symbols set size:undefined disposed:false
5216 http fetch GET 200 https://registry.npmjs.org/@expo%2fmetro-runtime 229ms (cache miss)
5217 silly packumentCache corgi:https://registry.npmjs.org/@expo%2fmetro-runtime set size:undefined disposed:false
5218 http fetch GET 200 https://registry.npmjs.org/expo-asset 235ms (cache miss)
5219 silly packumentCache corgi:https://registry.npmjs.org/expo-asset set size:undefined disposed:false
5220 http fetch GET 200 https://registry.npmjs.org/@expo%2fdom-webview 263ms (cache miss)
5221 silly packumentCache corgi:https://registry.npmjs.org/@expo%2fdom-webview set size:undefined disposed:false
5222 http fetch GET 200 https://registry.npmjs.org/expo-file-system 269ms (cache miss)
5223 silly packumentCache corgi:https://registry.npmjs.org/expo-file-system set size:undefined disposed:false
5224 http fetch GET 200 https://registry.npmjs.org/expo-status-bar 286ms (cache miss)
5225 silly packumentCache corgi:https://registry.npmjs.org/expo-status-bar set size:undefined disposed:false
5226 http fetch GET 200 https://registry.npmjs.org/@expo%2fui 312ms (cache miss)
5227 silly packumentCache corgi:https://registry.npmjs.org/@expo%2fui set size:undefined disposed:false
5228 http fetch GET 200 https://registry.npmjs.org/babel-preset-expo 318ms (cache miss)
5229 silly packumentCache corgi:https://registry.npmjs.org/babel-preset-expo set size:undefined disposed:false
5230 http fetch GET 200 https://registry.npmjs.org/expo-web-browser 326ms (cache miss)
5231 silly packumentCache corgi:https://registry.npmjs.org/expo-web-browser set size:undefined disposed:false
5232 http fetch GET 200 https://registry.npmjs.org/expo-font 353ms (cache miss)
5233 silly packumentCache corgi:https://registry.npmjs.org/expo-font set size:undefined disposed:false
5234 http fetch GET 200 https://registry.npmjs.org/@expo%2frouter-server 374ms (cache miss)
5235 silly packumentCache corgi:https://registry.npmjs.org/@expo%2frouter-server set size:undefined disposed:false
5236 http fetch GET 200 https://registry.npmjs.org/expo-constants 378ms (cache miss)
5237 silly packumentCache corgi:https://registry.npmjs.org/expo-constants set size:undefined disposed:false
5238 http fetch GET 200 https://registry.npmjs.org/@expo%2flog-box 430ms (cache miss)
5239 silly packumentCache corgi:https://registry.npmjs.org/@expo%2flog-box set size:undefined disposed:false
5240 http fetch GET 200 https://registry.npmjs.org/expo-keep-awake 435ms (cache miss)
5241 silly packumentCache corgi:https://registry.npmjs.org/expo-keep-awake set size:undefined disposed:false
5242 http fetch GET 200 https://registry.npmjs.org/expo-router 441ms (cache miss)
5243 silly packumentCache corgi:https://registry.npmjs.org/expo-router set size:undefined disposed:false
5244 http fetch GET 200 https://registry.npmjs.org/react-native/-/react-native-0.86.2.tgz 9759ms (cache miss)
5245 silly ADD node_modules/clone
5246 silly ADD node_modules/defaults
5247 silly ADD node_modules/supports-hyperlinks
5248 silly ADD node_modules/ansi-escapes
5249 silly ADD node_modules/ansi-escapes/node_modules/type-fest
5250 silly ADD node_modules/mimic-fn
5251 silly ADD node_modules/signal-exit
5252 silly ADD node_modules/onetime
5253 silly ADD node_modules/sisteransi
5254 silly ADD node_modules/kleur
5255 silly ADD node_modules/restore-cursor
5256 silly ADD node_modules/wcwidth
5257 silly ADD node_modules/log-symbols
5258 silly ADD node_modules/log-symbols/node_modules/has-flag
5259 silly ADD node_modules/log-symbols/node_modules/color-name
5260 silly ADD node_modules/log-symbols/node_modules/color-convert
5261 silly ADD node_modules/log-symbols/node_modules/supports-color
5262 silly ADD node_modules/log-symbols/node_modules/escape-string-regexp
5263 silly ADD node_modules/log-symbols/node_modules/ansi-styles
5264 silly ADD node_modules/log-symbols/node_modules/chalk
5265 silly ADD node_modules/cli-spinners
5266 silly ADD node_modules/cli-cursor
5267 silly ADD node_modules/validate-npm-package-name
5268 silly ADD node_modules/proc-log
5269 silly ADD node_modules/hosted-git-info
5270 silly ADD node_modules/hosted-git-info/node_modules/lru-cache
5271 silly ADD node_modules/argparse
5272 silly ADD node_modules/vary
5273 silly ADD node_modules/safe-buffer
5274 silly ADD node_modules/on-headers
5275 silly ADD node_modules/compressible
5276 silly ADD node_modules/bytes
5277 silly ADD node_modules/js-yaml
5278 silly ADD node_modules/@expo/sudo-prompt
5279 silly ADD node_modules/zod
5280 silly ADD node_modules/toqr
5281 silly ADD node_modules/terminal-link
5282 silly ADD node_modules/structured-headers
5283 silly ADD node_modules/prompts
5284 silly ADD node_modules/progress
5285 silly ADD node_modules/ora
5286 silly ADD node_modules/ora/node_modules/has-flag
5287 silly ADD node_modules/ora/node_modules/ansi-regex
5288 silly ADD node_modules/ora/node_modules/color-name
5289 silly ADD node_modules/ora/node_modules/color-convert
5290 silly ADD node_modules/ora/node_modules/supports-color
5291 silly ADD node_modules/ora/node_modules/escape-string-regexp
5292 silly ADD node_modules/ora/node_modules/ansi-styles
5293 silly ADD node_modules/ora/node_modules/strip-ansi
5294 silly ADD node_modules/ora/node_modules/chalk
5295 silly ADD node_modules/npm-package-arg
5296 silly ADD node_modules/node-forge
5297 silly ADD node_modules/multitars
5298 silly ADD node_modules/lan-network
5299 silly ADD node_modules/fetch-nodeshim
5300 silly ADD node_modules/dnssd-advertise
5301 silly ADD node_modules/compression
5302 silly ADD node_modules/compression/node_modules/ms
5303 silly ADD node_modules/compression/node_modules/negotiator
5304 silly ADD node_modules/compression/node_modules/debug
5305 silly ADD node_modules/agent-cli-detector
5306 silly ADD node_modules/@expo/xcpretty
5307 silly ADD node_modules/@expo/prebuild-config
5308 silly ADD node_modules/@expo/package-manager
5309 silly ADD node_modules/@expo/osascript
5310 silly ADD node_modules/@expo/metro-file-map
5311 silly ADD node_modules/@expo/inline-modules
5312 silly ADD node_modules/@expo/devcert
5313 silly ADD node_modules/@expo/devcert/node_modules/debug
5314 silly ADD node_modules/@expo/code-signing-certificates
5315 silly ADD node_modules/is-fullwidth-code-point
5316 silly ADD node_modules/emoji-regex
5317 silly ADD node_modules/wrap-ansi
5318 silly ADD node_modules/strip-ansi
5319 silly ADD node_modules/yargs-parser
5320 silly ADD node_modules/y18n
5321 silly ADD node_modules/string-width
5322 silly ADD node_modules/require-directory
5323 silly ADD node_modules/get-caller-file
5324 silly ADD node_modules/cliui
5325 silly ADD node_modules/sax
5326 silly ADD node_modules/big-integer
5327 silly ADD node_modules/stream-buffers
5328 silly ADD node_modules/plist
5329 silly ADD node_modules/plist/node_modules/@xmldom/xmldom
5330 silly ADD node_modules/bplist-parser
5331 silly ADD node_modules/bplist-creator
5332 silly ADD node_modules/uuid
5333 silly ADD node_modules/simple-plist
5334 silly ADD node_modules/isexe
5335 silly ADD node_modules/webidl-conversions
5336 silly ADD node_modules/tr46
5337 silly ADD node_modules/tmpl
5338 silly ADD node_modules/makeerror
5339 silly ADD node_modules/detect-node-es
5340 silly ADD node_modules/get-nonce
5341 silly ADD node_modules/use-sidecar
5342 silly ADD node_modules/use-callback-ref
5343 silly ADD node_modules/react-style-singleton
5344 silly ADD node_modules/react-remove-scroll-bar
5345 silly ADD node_modules/tslib
5346 silly ADD node_modules/react-remove-scroll
5347 silly ADD node_modules/aria-hidden
5348 silly ADD node_modules/@radix-ui/react-portal
5349 silly ADD node_modules/@radix-ui/react-focus-scope
5350 silly ADD node_modules/@radix-ui/react-focus-guards
5351 silly ADD node_modules/@radix-ui/react-dismissable-layer
5352 silly ADD node_modules/@radix-ui/react-dialog
5353 silly ADD node_modules/escalade
5354 silly ADD node_modules/unicode-property-aliases-ecmascript
5355 silly ADD node_modules/unicode-canonical-property-names-ecmascript
5356 silly ADD node_modules/is-number
5357 silly ADD node_modules/fdir
5358 silly ADD node_modules/buffer-from
5359 silly ADD node_modules/source-map-support
5360 silly ADD node_modules/source-map-support/node_modules/source-map
5361 silly ADD node_modules/acorn
5362 silly ADD node_modules/@jridgewell/source-map
5363 silly ADD node_modules/has-flag
5364 silly ADD node_modules/min-indent
5365 silly ADD node_modules/type-fest
5366 silly ADD node_modules/is-arrayish
5367 silly ADD node_modules/shebang-regex
5368 silly ADD node_modules/toidentifier
5369 silly ADD node_modules/setprototypeof
5370 silly ADD node_modules/range-parser
5371 silly ADD node_modules/mime
5372 silly ADD node_modules/http-errors
5373 silly ADD node_modules/http-errors/node_modules/statuses
5374 silly ADD node_modules/fresh
5375 silly ADD node_modules/etag
5376 silly ADD node_modules/destroy
5377 silly ADD node_modules/depd
5378 silly ADD node_modules/send
5379 silly ADD node_modules/send/node_modules/statuses
5380 silly ADD node_modules/send/node_modules/on-finished
5381 silly ADD node_modules/send/node_modules/encodeurl
5382 silly ADD node_modules/send/node_modules/debug
5383 silly ADD node_modules/send/node_modules/debug/node_modules/ms
5384 silly ADD node_modules/function-bind
5385 silly ADD node_modules/hasown
5386 silly ADD node_modules/supports-preserve-symlinks-flag
5387 silly ADD node_modules/path-parse
5388 silly ADD node_modules/is-core-module
5389 silly ADD node_modules/es-errors
5390 silly ADD node_modules/unicode-match-property-value-ecmascript
5391 silly ADD node_modules/unicode-match-property-ecmascript
5392 silly ADD node_modules/regjsparser
5393 silly ADD node_modules/regjsgen
5394 silly ADD node_modules/regenerate-unicode-properties
5395 silly ADD node_modules/regenerate
5396 silly ADD node_modules/strip-indent
5397 silly ADD node_modules/indent-string
5398 silly ADD node_modules/@babel/plugin-transform-template-literals
5399 silly ADD node_modules/@babel/plugin-transform-shorthand-properties
5400 silly ADD node_modules/@babel/plugin-transform-arrow-functions
5401 silly ADD node_modules/whatwg-url
5402 silly ADD node_modules/hyphenate-style-name
5403 silly ADD node_modules/css-in-js-utils
5404 silly ADD node_modules/node-fetch
5405 silly ADD node_modules/ua-parser-js
5406 silly ADD node_modules/setimmediate
5407 silly ADD node_modules/object-assign
5408 silly ADD node_modules/fbjs-css-vars
5409 silly ADD node_modules/cross-fetch
5410 silly ADD node_modules/styleq
5411 silly ADD node_modules/postcss-value-parser
5412 silly ADD node_modules/inline-style-prefixer
5413 silly ADD node_modules/fbjs
5414 silly ADD node_modules/fbjs/node_modules/promise
5415 silly ADD node_modules/warn-once
5416 silly ADD node_modules/react-freeze
5417 silly ADD node_modules/react-native-is-edge-to-edge
5418 silly ADD node_modules/@types/react-test-renderer
5419 silly ADD node_modules/use-latest-callback
5420 silly ADD node_modules/shell-quote
5421 silly ADD node_modules/asap
5422 silly ADD node_modules/marky
5423 silly ADD node_modules/is-docker
5424 silly ADD node_modules/mkdirp
5425 silly ADD node_modules/lighthouse-logger
5426 silly ADD node_modules/lighthouse-logger/node_modules/ms
5427 silly ADD node_modules/lighthouse-logger/node_modules/debug
5428 silly ADD node_modules/is-wsl
5429 silly ADD node_modules/event-target-shim
5430 silly ADD node_modules/fb-dotslash
5431 silly ADD node_modules/serve-static
5432 silly ADD node_modules/serve-static/node_modules/encodeurl
5433 silly ADD node_modules/open
5434 silly ADD node_modules/chromium-edge-launcher
5435 silly ADD node_modules/chrome-launcher
5436 silly ADD node_modules/@react-native/debugger-shell
5437 silly ADD node_modules/@react-native/debugger-frontend
5438 silly ADD node_modules/@isaacs/ttlcache
5439 silly ADD node_modules/@react-native/dev-middleware
5440 silly ADD node_modules/regenerator-runtime
5441 silly ADD node_modules/react-devtools-core
5442 silly ADD node_modules/promise
5443 silly ADD node_modules/memoize-one
5444 silly ADD node_modules/hermes-compiler
5445 silly ADD node_modules/ansi-regex
5446 silly ADD node_modules/abort-controller
5447 silly ADD node_modules/@react-native/virtualized-lists
5448 silly ADD node_modules/@react-native/normalize-colors
5449 silly ADD node_modules/@react-native/gradle-plugin
5450 silly ADD node_modules/@react-native/community-cli-plugin
5451 silly ADD node_modules/@react-native/assets-registry
5452 silly ADD node_modules/scheduler
5453 silly ADD node_modules/inherits
5454 silly ADD node_modules/strict-uri-encode
5455 silly ADD node_modules/split-on-first
5456 silly ADD node_modules/filter-obj
5457 silly ADD node_modules/decode-uri-component
5458 silly ADD node_modules/source-map-js
5459 silly ADD node_modules/pngjs
5460 silly ADD node_modules/ee-first
5461 silly ADD node_modules/balanced-match
5462 silly ADD node_modules/brace-expansion
5463 silly ADD node_modules/mime-db
5464 silly ADD node_modules/to-regex-range
5465 silly ADD node_modules/fill-range
5466 silly ADD node_modules/braces
5467 silly ADD node_modules/vlq
5468 silly ADD node_modules/ob1
5469 silly ADD node_modules/terser
5470 silly ADD node_modules/terser/node_modules/commander
5471 silly ADD node_modules/node-int64
5472 silly ADD node_modules/bser
5473 silly ADD node_modules/walker
5474 silly ADD node_modules/micromatch
5475 silly ADD node_modules/micromatch/node_modules/picomatch
5476 silly ADD node_modules/fb-watchman
5477 silly ADD node_modules/leven
5478 silly ADD node_modules/jest-get-type
5479 silly ADD node_modules/camelcase
5480 silly ADD node_modules/yaml
5481 silly ADD node_modules/jest-validate
5482 silly ADD node_modules/agent-base
5483 silly ADD node_modules/https-proxy-agent
5484 silly ADD node_modules/exponential-backoff
5485 silly ADD node_modules/@types/yargs-parser
5486 silly ADD node_modules/@types/istanbul-lib-report
5487 silly ADD node_modules/@sinclair/typebox
5488 silly ADD node_modules/@types/yargs
5489 silly ADD node_modules/@types/istanbul-reports
5490 silly ADD node_modules/@types/istanbul-lib-coverage
5491 silly ADD node_modules/@jest/schemas
5492 silly ADD node_modules/@jest/types
5493 silly ADD node_modules/undici-types
5494 silly ADD node_modules/merge-stream
5495 silly ADD node_modules/jest-util
5496 silly ADD node_modules/jest-util/node_modules/picomatch
5497 silly ADD node_modules/jest-util/node_modules/ci-info
5498 silly ADD node_modules/@types/node
5499 silly ADD node_modules/queue
5500 silly ADD node_modules/unpipe
5501 silly ADD node_modules/statuses
5502 silly ADD node_modules/on-finished
5503 silly ADD node_modules/escape-html
5504 silly ADD node_modules/encodeurl
5505 silly ADD node_modules/stackframe
5506 silly ADD node_modules/utils-merge
5507 silly ADD node_modules/parseurl
5508 silly ADD node_modules/finalhandler
5509 silly ADD node_modules/finalhandler/node_modules/ms
5510 silly ADD node_modules/finalhandler/node_modules/debug
5511 silly ADD node_modules/negotiator
5512 silly ADD node_modules/ws
5513 silly ADD node_modules/throat
5514 silly ADD node_modules/source-map
5515 silly ADD node_modules/serialize-error
5516 silly ADD node_modules/mime-types
5517 silly ADD node_modules/lodash.throttle
5518 silly ADD node_modules/jest-worker
5519 silly ADD node_modules/jest-worker/node_modules/supports-color
5520 silly ADD node_modules/image-size
5521 silly ADD node_modules/graceful-fs
5522 silly ADD node_modules/flow-enums-runtime
5523 silly ADD node_modules/error-stack-parser
5524 silly ADD node_modules/connect
5525 silly ADD node_modules/connect/node_modules/ms
5526 silly ADD node_modules/connect/node_modules/debug
5527 silly ADD node_modules/ci-info
5528 silly ADD node_modules/accepts
5529 silly ADD node_modules/yallist
5530 silly ADD node_modules/lightningcss-darwin-arm64
5531 silly ADD node_modules/detect-libc
5532 silly ADD node_modules/loose-envify
5533 silly ADD node_modules/hermes-estree
5534 silly ADD node_modules/path-scurry
5535 silly ADD node_modules/path-scurry/node_modules/lru-cache
5536 silly ADD node_modules/minipass
5537 silly ADD node_modules/@expo-google-fonts/material-symbols
5538 silly ADD node_modules/simple-swizzle
5539 silly ADD node_modules/color-string
5540 silly ADD node_modules/dequal
5541 silly ADD node_modules/redent
5542 silly ADD node_modules/css.escape
5543 silly ADD node_modules/@adobe/css-tools
5544 silly ADD node_modules/lz-string
5545 silly ADD node_modules/dom-accessibility-api
5546 silly ADD node_modules/aria-query
5547 silly ADD node_modules/@types/aria-query
5548 silly ADD node_modules/@radix-ui/react-use-effect-event
5549 silly ADD node_modules/@radix-ui/react-use-is-hydrated
5550 silly ADD node_modules/@radix-ui/react-use-callback-ref
5551 silly ADD node_modules/@radix-ui/react-collection
5552 silly ADD node_modules/@radix-ui/react-use-layout-effect
5553 silly ADD node_modules/@radix-ui/react-use-controllable-state
5554 silly ADD node_modules/@radix-ui/react-roving-focus
5555 silly ADD node_modules/@radix-ui/react-primitive
5556 silly ADD node_modules/@radix-ui/react-presence
5557 silly ADD node_modules/@radix-ui/react-id
5558 silly ADD node_modules/@radix-ui/react-direction
5559 silly ADD node_modules/@radix-ui/react-context
5560 silly ADD node_modules/@radix-ui/primitive
5561 silly ADD node_modules/@radix-ui/react-compose-refs
5562 silly ADD node_modules/whatwg-fetch
5563 silly ADD node_modules/vaul
5564 silly ADD node_modules/standard-navigation
5565 silly ADD node_modules/shallowequal
5566 silly ADD node_modules/sf-symbols-typescript
5567 silly ADD node_modules/server-only
5568 silly ADD node_modules/react-native-gesture-handler
5569 silly ADD node_modules/react-native-drawer-layout
5570 silly ADD node_modules/react-is
5571 silly ADD node_modules/react-fast-compare
5572 silly ADD node_modules/query-string
5573 silly ADD node_modules/nanoid
5574 silly ADD node_modules/fast-deep-equal
5575 silly ADD node_modules/expo-server
5576 silly ADD node_modules/expo-glass-effect
5577 silly ADD node_modules/escape-string-regexp
5578 silly ADD node_modules/color
5579 silly ADD node_modules/client-only
5580 silly ADD node_modules/@testing-library/dom
5581 silly ADD node_modules/@testing-library/dom/node_modules/react-is
5582 silly ADD node_modules/@testing-library/dom/node_modules/ansi-styles
5583 silly ADD node_modules/@testing-library/dom/node_modules/pretty-format
5584 silly ADD node_modules/@testing-library/user-event
5585 silly ADD node_modules/@testing-library/jest-dom
5586 silly ADD node_modules/@testing-library/jest-dom/node_modules/dom-accessibility-api
5587 silly ADD node_modules/@react-native-masked-view/masked-view
5588 silly ADD node_modules/@radix-ui/react-tabs
5589 silly ADD node_modules/@radix-ui/react-slot
5590 silly ADD node_modules/@expo/ui
5591 silly ADD node_modules/@expo/schema-utils
5592 silly ADD node_modules/@expo/metro-runtime
5593 silly ADD node_modules/expo-modules-jsi
5594 silly ADD node_modules/@expo/expo-modules-macros-plugin
5595 silly ADD node_modules/commander
5596 silly ADD node_modules/fontfaceobserver
5597 silly ADD node_modules/parse-png
5598 silly ADD node_modules/jimp-compact
5599 silly ADD node_modules/@expo/image-utils
5600 silly ADD node_modules/which
5601 silly ADD node_modules/shebang-command
5602 silly ADD node_modules/path-key
5603 silly ADD node_modules/color-name
5604 silly ADD node_modules/color-convert
5605 silly ADD node_modules/supports-color
5606 silly ADD node_modules/ansi-styles
5607 silly ADD node_modules/@babel/plugin-syntax-decorators
5608 silly ADD node_modules/babel-plugin-react-native-web
5609 silly ADD node_modules/babel-plugin-react-compiler
5610 silly ADD node_modules/@babel/preset-typescript
5611 silly ADD node_modules/@babel/plugin-transform-react-pure-annotations
5612 silly ADD node_modules/@babel/plugin-transform-react-jsx-development
5613 silly ADD node_modules/@babel/plugin-transform-parameters
5614 silly ADD node_modules/@babel/plugin-transform-object-rest-spread
5615 silly ADD node_modules/@babel/plugin-transform-logical-assignment-operators
5616 silly ADD node_modules/@babel/plugin-transform-export-namespace-from
5617 silly ADD node_modules/@babel/plugin-transform-class-static-block
5618 silly ADD node_modules/@babel/plugin-proposal-decorators
5619 silly ADD node_modules/cross-spawn
5620 silly ADD node_modules/xmlbuilder
5621 silly ADD node_modules/base64-js
5622 silly ADD node_modules/@xmldom/xmldom
5623 silly ADD node_modules/postcss
5624 silly ADD node_modules/picomatch
5625 silly ADD node_modules/lightningcss
5626 silly ADD node_modules/jsc-safe-url
5627 silly ADD node_modules/metro-transform-worker
5628 silly ADD node_modules/metro-transform-plugins
5629 silly ADD node_modules/metro-symbolicate
5630 silly ADD node_modules/metro-source-map
5631 silly ADD node_modules/metro-resolver
5632 silly ADD node_modules/metro-minify-terser
5633 silly ADD node_modules/metro-file-map
5634 silly ADD node_modules/metro-core
5635 silly ADD node_modules/metro-cache-key
5636 silly ADD node_modules/metro-cache
5637 silly ADD node_modules/metro-babel-transformer
5638 silly ADD node_modules/metro-babel-transformer/node_modules/hermes-estree
5639 silly ADD node_modules/metro-babel-transformer/node_modules/hermes-parser
5640 silly ADD node_modules/metro
5641 silly ADD node_modules/metro/node_modules/hermes-estree
5642 silly ADD node_modules/metro/node_modules/hermes-parser
5643 silly ADD node_modules/stacktrace-parser
5644 silly ADD node_modules/anser
5645 silly ADD node_modules/resolve-from
5646 silly ADD node_modules/minimatch
5647 silly ADD node_modules/ignore
5648 silly ADD node_modules/arg
5649 silly ADD node_modules/@expo/spawn-async
5650 silly ADD node_modules/@expo/env
5651 silly ADD node_modules/xml2js
5652 silly ADD node_modules/xml2js/node_modules/xmlbuilder
5653 silly ADD node_modules/xcode
5654 silly ADD node_modules/chalk
5655 silly ADD node_modules/@expo/sdk-runtime-versions
5656 silly ADD node_modules/@expo/plist
5657 silly ADD node_modules/slugify
5658 silly ADD node_modules/resolve-workspace-root
5659 silly ADD node_modules/glob
5660 silly ADD node_modules/getenv
5661 silly ADD node_modules/deepmerge
5662 silly ADD node_modules/@expo/require-utils
5663 silly ADD node_modules/@expo/json-file
5664 silly ADD node_modules/@expo/config-types
5665 silly ADD node_modules/whatwg-url-minimum
5666 silly ADD node_modules/pretty-format
5667 silly ADD node_modules/pretty-format/node_modules/react-is
5668 silly ADD node_modules/pretty-format/node_modules/ansi-styles
5669 silly ADD node_modules/expo-modules-core
5670 silly ADD node_modules/expo-modules-autolinking
5671 silly ADD node_modules/expo-keep-awake
5672 silly ADD node_modules/expo-file-system
5673 silly ADD node_modules/expo-asset
5674 silly ADD node_modules/babel-preset-expo
5675 silly ADD node_modules/@ungap/structured-clone
5676 silly ADD node_modules/@expo/metro-config
5677 silly ADD node_modules/@expo/metro
5678 silly ADD node_modules/@expo/log-box
5679 silly ADD node_modules/@expo/local-build-cache-provider
5680 silly ADD node_modules/@expo/fingerprint
5681 silly ADD node_modules/@expo/dom-webview
5682 silly ADD node_modules/@expo/devtools
5683 silly ADD node_modules/@expo/config-plugins
5684 silly ADD node_modules/@expo/config
5685 silly ADD node_modules/@babel/runtime
5686 silly ADD node_modules/ms
5687 silly ADD node_modules/update-browserslist-db
5688 silly ADD node_modules/node-releases
5689 silly ADD node_modules/electron-to-chromium
5690 silly ADD node_modules/caniuse-lite
5691 silly ADD node_modules/baseline-browser-mapping
5692 silly ADD node_modules/core-js-compat
5693 silly ADD node_modules/resolve
5694 silly ADD node_modules/lodash.debounce
5695 silly ADD node_modules/@babel/helper-define-polyfill-provider
5696 silly ADD node_modules/csstype
5697 silly ADD node_modules/yargs
5698 silly ADD node_modules/tinyglobby
5699 silly ADD node_modules/invariant
5700 silly ADD node_modules/@react-native/codegen
5701 silly ADD node_modules/@jridgewell/resolve-uri
5702 silly ADD node_modules/@jridgewell/sourcemap-codec
5703 silly ADD node_modules/@babel/helper-string-parser
5704 silly ADD node_modules/@babel/plugin-syntax-typescript
5705 silly ADD node_modules/babel-plugin-polyfill-regenerator
5706 silly ADD node_modules/babel-plugin-polyfill-corejs3
5707 silly ADD node_modules/babel-plugin-polyfill-corejs2
5708 silly ADD node_modules/babel-plugin-polyfill-corejs2/node_modules/semver
5709 silly ADD node_modules/@babel/plugin-syntax-jsx
5710 silly ADD node_modules/regexpu-core
5711 silly ADD node_modules/@babel/helper-create-regexp-features-plugin
5712 silly ADD node_modules/@babel/helper-create-regexp-features-plugin/node_modules/semver
5713 silly ADD node_modules/@babel/plugin-syntax-flow
5714 silly ADD node_modules/@babel/helper-globals
5715 silly ADD node_modules/@babel/helper-skip-transparent-expression-wrappers
5716 silly ADD node_modules/@babel/helper-replace-supers
5717 silly ADD node_modules/@babel/helper-optimise-call-expression
5718 silly ADD node_modules/@babel/helper-member-expression-to-functions
5719 silly ADD node_modules/@babel/helper-create-class-features-plugin
5720 silly ADD node_modules/@babel/helper-create-class-features-plugin/node_modules/semver
5721 silly ADD node_modules/@babel/helper-wrap-function
5722 silly ADD node_modules/@babel/helper-annotate-as-pure
5723 silly ADD node_modules/@babel/helper-remap-async-to-generator
5724 silly ADD node_modules/@babel/helper-plugin-utils
5725 silly ADD node_modules/@babel/helper-module-imports
5726 silly ADD node_modules/lru-cache
5727 silly ADD node_modules/browserslist
5728 silly ADD node_modules/@babel/helper-validator-option
5729 silly ADD node_modules/@babel/compat-data
5730 silly ADD node_modules/jsesc
5731 silly ADD node_modules/@jridgewell/trace-mapping
5732 silly ADD node_modules/@jridgewell/gen-mapping
5733 silly ADD node_modules/picocolors
5734 silly ADD node_modules/js-tokens
5735 silly ADD node_modules/@babel/helper-validator-identifier
5736 silly ADD node_modules/debug
5737 silly ADD node_modules/@jridgewell/remapping
5738 silly ADD node_modules/@babel/types
5739 silly ADD node_modules/@babel/traverse
5740 silly ADD node_modules/@babel/template
5741 silly ADD node_modules/@babel/parser
5742 silly ADD node_modules/@babel/helpers
5743 silly ADD node_modules/@babel/helper-module-transforms
5744 silly ADD node_modules/@babel/helper-compilation-targets
5745 silly ADD node_modules/@babel/helper-compilation-targets/node_modules/semver
5746 silly ADD node_modules/@babel/generator
5747 silly ADD node_modules/@babel/code-frame
5748 silly ADD node_modules/react-refresh
5749 silly ADD node_modules/babel-plugin-transform-flow-enums
5750 silly ADD node_modules/babel-plugin-syntax-hermes-parser
5751 silly ADD node_modules/@react-native/babel-plugin-codegen
5752 silly ADD node_modules/@babel/plugin-transform-unicode-regex
5753 silly ADD node_modules/@babel/plugin-transform-typescript
5754 silly ADD node_modules/@babel/plugin-transform-runtime
5755 silly ADD node_modules/@babel/plugin-transform-runtime/node_modules/semver
5756 silly ADD node_modules/@babel/plugin-transform-regenerator
5757 silly ADD node_modules/@babel/plugin-transform-react-jsx-source
5758 silly ADD node_modules/@babel/plugin-transform-react-jsx-self
5759 silly ADD node_modules/@babel/plugin-transform-react-jsx
5760 silly ADD node_modules/@babel/plugin-transform-react-display-name
5761 silly ADD node_modules/@babel/plugin-transform-private-property-in-object
5762 silly ADD node_modules/@babel/plugin-transform-private-methods
5763 silly ADD node_modules/@babel/plugin-transform-optional-chaining
5764 silly ADD node_modules/@babel/plugin-transform-optional-catch-binding
5765 silly ADD node_modules/@babel/plugin-transform-nullish-coalescing-operator
5766 silly ADD node_modules/@babel/plugin-transform-named-capturing-groups-regex
5767 silly ADD node_modules/@babel/plugin-transform-modules-commonjs
5768 silly ADD node_modules/@babel/plugin-transform-for-of
5769 silly ADD node_modules/@babel/plugin-transform-flow-strip-types
5770 silly ADD node_modules/@babel/plugin-transform-destructuring
5771 silly ADD node_modules/@babel/plugin-transform-classes
5772 silly ADD node_modules/@babel/plugin-transform-class-properties
5773 silly ADD node_modules/@babel/plugin-transform-block-scoping
5774 silly ADD node_modules/@babel/plugin-transform-async-to-generator
5775 silly ADD node_modules/@babel/plugin-transform-async-generator-functions
5776 silly ADD node_modules/@babel/plugin-syntax-optional-chaining
5777 silly ADD node_modules/@babel/plugin-syntax-nullish-coalescing-operator
5778 silly ADD node_modules/@babel/plugin-syntax-export-default-from
5779 silly ADD node_modules/@babel/plugin-syntax-dynamic-import
5780 silly ADD node_modules/@babel/core
5781 silly ADD node_modules/@babel/core/node_modules/semver
5782 silly ADD node_modules/@babel/plugin-proposal-export-default-from
5783 silly ADD node_modules/nullthrows
5784 silly ADD node_modules/hermes-parser
5785 silly ADD node_modules/@react-native/babel-preset
5786 silly ADD node_modules/metro-runtime
5787 silly ADD node_modules/metro-config
5788 silly ADD node_modules/@react-native/metro-babel-transformer
5789 silly ADD node_modules/@react-native/js-polyfills
5790 silly ADD node_modules/semver
5791 silly ADD node_modules/json5
5792 silly ADD node_modules/gensync
5793 silly ADD node_modules/convert-source-map
5794 silly ADD node_modules/typescript
5795 silly ADD node_modules/react-native-web
5796 silly ADD node_modules/react-native-web/node_modules/memoize-one
5797 silly ADD node_modules/react-native-web/node_modules/@react-native/normalize-colors
5798 silly ADD node_modules/react-native-screens
5799 silly ADD node_modules/@react-native/metro-config
5800 silly ADD node_modules/react-native-worklets
5801 silly ADD node_modules/react-native-reanimated
5802 silly ADD node_modules/react-dom
5803 silly ADD node_modules/expo-web-browser
5804 silly ADD node_modules/expo-symbols
5805 silly ADD node_modules/expo-status-bar
5806 silly ADD node_modules/expo-splash-screen
5807 silly ADD node_modules/react-native-safe-area-context
5808 silly ADD node_modules/expo-router
5809 silly ADD node_modules/expo-linking
5810 silly ADD node_modules/expo-font
5811 silly ADD node_modules/expo-constants
5812 silly ADD node_modules/react-native
5813 silly ADD node_modules/react-native/node_modules/commander
5814 silly ADD node_modules/react
5815 silly ADD node_modules/expo
5816 silly ADD node_modules/expo/node_modules/mime-db
5817 silly ADD node_modules/expo/node_modules/negotiator
5818 silly ADD node_modules/expo/node_modules/mime-types
5819 silly ADD node_modules/expo/node_modules/ci-info
5820 silly ADD node_modules/expo/node_modules/accepts
5821 silly ADD node_modules/expo/node_modules/ws
5822 silly ADD node_modules/expo/node_modules/@expo/ws-tunnel
5823 silly ADD node_modules/expo/node_modules/@expo/cli
5824 silly ADD node_modules/expo/node_modules/@expo/cli/node_modules/@expo/router-server
5825 silly ADD node_modules/@types/react
5826 verbose cwd /Users/museryeung/Documents/dev/crew-up-project/crew-up-app
5827 verbose os Darwin 25.5.0
5828 verbose node v24.13.0
5829 verbose npm  v11.10.0
5830 notice
5830 notice New minor version of npm available! 11.10.0 -> 11.19.0
5830 notice Changelog: https://github.com/npm/cli/releases/tag/v11.19.0
5830 notice To update run: npm install -g npm@11.19.0
5830 notice  { force: true, Symbol(proc-log.meta): true }
5831 verbose exit 0
5832 info ok
